:100000002bdb40f42e8196829c1ef301b36014c357
:10001000cef8bf3f650cdcfa5bab0d9a29d02244c9
:100020006f48b0e2222065122d3196561a7c12b626
:100030001472e62c0c0bba34d071a5960004dd5a6c
:10004000bc066aa74bc319c7847d942f9c813625b3
:1000500076b59f269b51feb0feb0feb0feb0feb05e
:10006000feb0feb0feb0feb0feb0feb0feb0feb020
:10007000feb0feb0feb0feb0feb0feb0feb0feb010
:10008000fd730204100000fd730a04130000fbe27c
:1000900080fffffffd68edfbe2980ffffffd68ecbe
:1000a000fbea0001fd68e305a06b00fbee00000128
:1000b000fd68e005199f0000024f4e004f464600c4
:1000c00003ffffff883f3f7f077fffff7fff7b0f1f
:1000d00007ee000700000000000000000000000024
:1000e000000000000000000003ffffff883f3f7f8b
:1000f000077fffff7fff7b0f07ee000703ffff3f38
:100100000000007f077fffff7fff7b0f07000007d6
:10011000000000000000007e023f002000080000f8
:1001200000000000323032332f30352f3034203190
:10013000343a31363a34370068747470733a2f2f7a
:100140006170702d73756276657273696f6e2d6460
:10015000696e2e70696e747363682e6c6f63616c68
:100160002f73766e2f4d61696e2f4d6973632f501b
:10017000433535302f5472756e6b2f504335353003
:100180005f47656e6572616c53657474696e677301
:1001900000004d4f4400004d4958454400202b2d90
:1001a00023302c3b3a5f00202020202020202020dc
:1001b000202020202020202020202020202020203f
:1001c00020202020202020003030303030303030cf
:1001d000303030303030303030303030303030301f
:1001e0003030303030303030002a2a2a2a2a2a2a69
:1001f0002a2a2a2a2a2a2a2a2a2a2a2a2a2a2a2a5f
:100200002a2a2a2a2a2a2a2a2a002b2b2b2b2b2b72
:100210002b2b2b2b2b2b2b2b2b2b2b2b2b2b2b2b2e
:100220002b2b2b2b2b2b2b2b2b2b002d2d2d2d2d3f
:100230002d2d2d2d2d2d2d2d2d2d2d2d2d2d2d2dee
:100240002d2d2d2d2d2d2d2d2d2d2d00202020203f
:10025000202020202060606060602020202020205e
:100260002020202020202020202020204810101096
:1002700010101010101010101010101084848484ae
:100280008484848484841010101010101081818163
:1002900081818101010101010101010101010101ce
:1002a0000101010101010110101010101082828261
:1002b000828282020202020202020202020202029e
:1002c00002020202020202101010102000000000c0
:1002d000000000000000000000000000000000001e
:1002e000000000000000000000000000000000000e
:1002f00000000000000000000000000000000000fe
:1003000000000000000000000000000000000000ed
:1003100000000000000000000000000000000000dd
:1003200000000000000000000000000000000000cd
:1003300000000000000000000000000000000000bd
:1003400000000000000000000000000030313233e7
:10035000343536373839616263646566003031326e
:10036000333435363738394142434445460000ff7f
:100370000100020008000800010100001000000157
:10038000000020000000000040000001010080008b
:100390000000010000010001020000020000020054
:1003a000000400010300000800000300000020001a
:1003b00030004000f000500000000010002000302d
:1003c00000000010002000300000c1c081c14001c9
:1003d00001c3c003800241c201c6c006800741c7f5
:1003e0000005c1c581c4400401ccc00c800d41cdc5
:1003f000000fc1cf81ce400e000ac1ca81cb400b95
:1004000001c9c009800841c801d8c018801941d964
:10041000001bc1db81da401a001ec1de81df401ff4
:1004200001ddc01d801c41dc0014c1d481d5401504
:1004300001d7c017801641d601d2c012801341d314
:100440000011c1d181d0401001f0c030803141f1a4
:100450000033c1f381f240320036c1f681f74037f4
:1004600001f5c035803441f4003cc1fc81fd403dc4
:1004700001ffc03f803e41fe01fac03a803b41fb94
:100480000039c1f981f840380028c1e881e94029e4
:1004900001ebc02b802a41ea01eec02e802f41eff4
:1004a000002dc1ed81ec402c01e4c024802541e504
:1004b0000027c1e781e640260022c1e281e3402314
:1004c00001e1c021802041e001a0c060806141a124
:1004d0000063c1a381a240620066c1a681a74067f4
:1004e00001a5c065806441a4006cc1ac81ad406dc4
:1004f00001afc06f806e41ae01aac06a806b41ab94
:100500000069c1a981a840680078c1b881b9407963
:1005100001bbc07b807a41ba01bec07e807f41bff3
:10052000007dc1bd81bc407c01b4c074807541b503
:100530000077c1b781b640760072c1b281b3407313
:1005400001b1c071807041b00050c19081914051a3
:100550000193c053805241920196c05680574197f3
:100560000055c19581944054019cc05c805d419dc3
:10057000005fc19f819e405e005ac19a819b405b93
:100580000199c059805841980188c04880494189e3
:10059000004bc18b818a404a004ec18e818f404ff3
:1005a000018dc04d804c418c0044c1848185404503
:1005b0000187c047804641860182c0428043418313
:1005c0000041c18181804040ffff00000100020026
:1005d00003000400050006000700080009000a00e7
:1005e0000b000c000d000e000f0010001100120097
:1005f00013001400150016001700180019001a0047
:100600001b001c001d001e001f00200021002200f6
:1006100023002400250026002700280029002a00a6
:100620002b002c002d002e002f0030003100320056
:1006300033003400350036003700380039003a0006
:100640003b003c003d003e003f00400041004200b6
:1006500043004400450046004700480049004a0066
:100660004b004c004d004e004f0050005100520016
:1006700053005400550056005700580059005a00c6
:100680005b005c005d005e005f00600041004200b6
:1006900043004400450046004700480049004a0026
:1006a0004b004c004d004e004f00500051005200d6
:1006b00053005400550056005700580059005a0086
:1006c0007b007c007d007e007f0080008100820036
:1006d00083008400850086008700880089008a00e6
:1006e0008b008c008d008e008f0090009100920096
:1006f00093009400950096009700980099009a0046
:100700009b009c009d009e009f00a000a100a200f5
:10071000a300a400a500a600a700a800a900aa00a5
:10072000ab00ac00ad00ae00af00b000b100b20055
:10073000b300b400b500b600b700b800b900ba0005
:10074000bb00bc00bd00be00bf00c000c100c200b5
:10075000c300c400c500c600c700c800c900ca0065
:10076000cb00cc00cd00ce00cf00d000d100d20015
:10077000d300d400d500d600d700d800d900da00c5
:10078000db00dc00dd00de00df00e000e100e20075
:10079000e300e400e500e600e700e800e900ea0025
:1007a000eb00ec00ed00ee00ef00f000f100f200d5
:1007b000f300f400f500f600f700f800f900fa0085
:1007c000fb00fc00fd00fe00ff0000008000800038
:1007d0008000800080008000800080008000c004d5
:1007e000c000c000c000c000800080008000800009
:1007f00080008000800080008000800080008000f9
:1008000080008000800080008000800004000800dc
:100810000800080008000800080008000800080098
:100820000800080008000800080008002100210056
:1008300021002100210021002100210021002100b0
:10084000080008000800080008000800080003006d
:100850000300030003000300030002000200020083
:100860000200020002000200020002000200020078
:100870000200020002000200020002000200020068
:100880000200080008000800080008000800110025
:1008900011001100110011001100100010001000d3
:1008a00010001000100010001000100010001000c8
:1008b00010001000100010001000100010001000b8
:1008c0001000080008000800080080000000000078
:1008d0000000000000000000000000000000000018
:1008e0000000000000000000000000000000000008
:1008f00000000000000000000000000000000000f8
:1009000000000000000000000000000000000000e7
:1009100000000000000000000000000000000000d7
:1009200000000000000000000000000000000000c7
:1009300000000000000000000000000000000000b7
:1009400000000000000000000000000000000000a7
:100950000000000000000000000000000000000097
:100960000000000000000000000000000000000087
:100970000000000000000000000000000000000077
:100980000000000000000000000000000000000067
:100990000000000000000000000000000000000057
:1009a0000000000000000000000000000000000047
:1009b0000000000000000000000000000000000037
:1009c000000000000000000000000000b900ffff70
:1009d0007003ffffcc09ffffc816ffffc816ffff1b
:1009e000c816ffffe016ffff040000005c0fffffca
:1009f000800fffff980fffff9813ffff980fffff77
:100a00000000f0ff0080f0ff0000f1ff0080f1ff28
:100a10000000f2ff0080f2ff0000f3ff0080f3ff10
:100a20000000f4ff0080f4ff0000f5ff0080f5fff8
:100a30000000f6ff0080f6ff0000f7ff0080f7ffe0
:100a40000000f8ff0080f8ff0000f9ff0080f9ffc8
:100a50000000faff0080faff0000fbff0080fbffb0
:100a60000000fcff0080fcff0000fdff0080fdff98
:100a70000000feff0080feff0000ffff0020ffffe0
:100a80000040ffff0060ffff0080ffff00a0ffffae
:100a900000c0ffff00e0ffff00000000000080003a
:100aa0000000000100008001000000020000800240
:100ab000000000030000000400000005000000002a
:100ac00003836bf2f7703be1f4f350131f979ac75f
:100ad0001c14f135e8e7a126eb64cad4cf58d98ab3
:100ae000ccdbb2783828e26b3bab8999d0cf434d51
:100af000d34c28bf27bf78ac243c135e6fc75e1071
:100b00006c4435e298b765f19b340e037050c4d73e
:100b100073d3af258720ff3684a394c4a09f879a00
:100b2000a31cec6857efbc7b546cd789bf081d5dd4
:100b3000bc8b76af487826bc4bfb4d4ede8ebd207d
:100b4000dd0dd6d229fe86c12a7ded33c11927e7f6
:100b5000c29a4c1536691c0635ea77f411d664aa98
:100b600012550f58e6a65f4be52534b90e41fe6dd0
:100b70000dc2959ff931c58cfab2ae7eb149e33012
:100b8000b2ca88c24639d8d145bab323aede79f7a6
:100b9000ad5d120559ae42165a2d29e47e113ababe
:100ba0007d9251488961015b8ae26aa96186a07dd4
:100bb0006205cb8f96f69b9c9575f06ebc1d7b41b4
:100bc000bf9e10b34b6d40a048ee2b52a38ae18626
:100bd000a0098a7454fada675779b1957345a2cba4
:100be00070c6c9398435992a87b6f2d86cd2380cc8
:100bf0006f5153fe9ba203ed9821681fd3da255154
:100c0000d0594ea324aa1eb027297542cc4dbf96b9
:100c1000cfced4643b3d847738beef851c82fcdbad
:100c20001f019729ebf2c73ae871acc80315661c9f
:100c300000960deef4655dfdf7e6360f6293c66132
:100c40006110ad9395e3fd80966096727d045ca67d
:100c50007e8737548a74674789f70cb5adcb1feb95
:100c6000ae4874195abb240a59384ff8b25c852c27
:100c7000b1dfeede452cbecd46afd53f0d549871a9
:100c80000ed7f383fa24a390f9a7c86212c302b661
:100c900011406944e5b33957e63052a5c20c41fb17
:100ca000c18f2a09357c7a1a36ff11e8dd9bdb3cbf
:100cb000de18b0ce2aebe0dd29688b2f783bf68278
:100cc0007bb89d708f4bcd638cc8a69167ac6c458b
:100cd000642f07b790dc57a4935f3c56b7632f0887
:100ce000b4e044fa401314e943907f1ba8f4b5cf55
:100cf000ab77de3d5f848e2e5c07e5dc17fca892a7
:100d0000147fc360e08c9373e30ff881086b325556
:100d10000be859a7ff1b09b4fc986246d8a47118c8
:100d2000db271aea2fd44af92c57210bc733ebdf04
:100d3000c4b0802d3043d03e33c0bbcca6b54ba24f
:100d4000a536205051c5704352461bb1b922d1651a
:100d5000baa1ba974e52ea844dd1817669ed9228b4
:100d60006a6ef9da9e9da9c99d1ec23b767a08ef8c
:100d700075f9631d810a330e828958fcc97215b258
:100d8000caf17e403e022e533d8145a1d6e58f75c6
:100d9000d566e4872195b4942216df66062acc38fe
:100da00005a9a7caf15af7d9f2d99c2b19bd56ff4c
:100db0001a3e3d0deecd6d1eed4e06ecc4268dc3e4
:100dc000c7a5e6313356b62230d5ddd0dbb11704e6
:100dd000d8327cf62cc12ce52f4247170b7e5449a4
:100de00008fd3fbbfc0e6fa8ff8d045a14e9ce8ea0
:100df000176aa57ce399f56fe01a9e9dabe1d3d30a
:100e0000a862b8215c91e8325f1283c0b4764914bd
:100e1000b7f522e6430672f54085190764b90a5909
:100e2000673a61ab93c931b8904a5a4a7b2e909e7b
:100e300078adfb6c8c5eab7f8fddc08d1aa830e384
:100e4000192b5b11edd80b02ee5b60f0053faa2475
:100e500006bcc1d6f24f91c5f1ccfa37d5f0e9699d
:100e6000d673829b2280d2882103b97aca6773ae77
:100e7000c9e4185c3d17484f3e9423bd756f6ef36f
:100e800076ec0501821f5512819c3ee06af8f4342d
:100e9000697b9fc69d88cfd59e0ba427ba37b779ab
:100ea000b9b4dc8b4d478c984ec4e76aa5a02dbe23
:100eb000a623464c52d0165f51537dad140000005e
:100ec000000000ff00000000000000000000000023
:100ed0000000000000000000000000000000000012
:100ee0000000000000000000000000000000000002
:100ef00000000000000000000000000000000000f2
:100f000000000000000000000100000002000000de
:100f100004000000080000001000000000000000b5
:100f200000040000040000000000000001000000b8
:100f30000200000004000000040000000000204146
:100f40000000c84200401c4620bcbe4cca1b0e5ac2
:100f5000aec59d7400000000000000009813ffff64
:100f60003c16ffffcc390000b216ffffba16ffff98
:100f7000662000003c16ffffb116ffffeb1d0000ce
:100f800070200000cc390000601e000066200000c8
:100f900004130000eb1d0000811cffff0000000097
:100fa0000000000000000000000000000000000041
:100fb0000000000000000000000000000000000031
:100fc0000000000000000000000000000000000021
:100fd0000000000000000000851cffff0000000072
:100fe000871cffff0000000000000000891cffffbd
:100ff000000000008b1cffff00000000000000004c
:101000008d1cffff8f1cffff911cffff931cffff38
:10101000951cffff971cffff000000000000000070
:10102000991cffff9b1cffff000000000000000058
:101030009d1cffff9f1cffff000000000000000040
:1010400000000000000000000000000000000000a0
:101050000000000000000000000000000000000090
:101060000000000000000000a11cffffa31cffff08
:101070000000000000000000000000000000000070
:101080000000000000000000a51cffffa71cffffe0
:101090000000000000000000a91cffffab1cffffc8
:1010a000ad1cffffaf1cffffb11cffffb31cffff18
:1010b000b51cffffb71cffffb91cffffbb1cffffe8
:1010c000bd1cffffbf1cffffc11cffffc31cffffb8
:1010d000c51cffffc71cffff000000000000000050
:1010e0000000000000000000c91cffffcb1cffff38
:1010f000cd1cffffcf1cffffd11cffffd31cffff48
:10110000d51cffff000000000000000000000000f0
:1011100000000000d71cffffd91cffff00000000eb
:101120000000000000000000db1cffffdd1cffffd3
:10113000df1cffffe11cffff0000000000000000bb
:10114000e31cffff000000000000000000000000a2
:10115000e51cffffe71cffffe91cffff000000008c
:10116000eb1cfffff91cfffffb1cffff091dffff2e
:101170000000000000000000171dffff191dffff09
:10118000271dffff351dffff371dffff391dffff27
:1011900000000000000000003b1dffff3d1dffffa1
:1011a0003f1dffff00000000411dffff431dffff2b
:1011b000451dffff00000000471dffff491dffff09
:1011c0004b1dffff000000000000000000000000b9
:1011d000000000000000000000000000000000000f
:1011e0004d1dffff4f1dffff511dffff531dffff53
:1011f000551dffff571dffff591dffff5b1dffff23
:101200005d1dffff5f1dffff611dffff631dfffff2
:10121000651dffff671dffff691dffff6b1dffffc2
:101220006d1dffff6f1dffff711dffff731dffff92
:10123000751dffff771dffff791dffff7b1dffff62
:101240007d1dffff7f1dffff811dffff831dffff32
:10125000851dffff871dffff891dffff8b1dffff02
:101260008d1dffff8f1dffff911dffff931dffffd2
:10127000951dffff971dffff991dffff9b1dffffa2
:10128000000000000000000000000000000000005e
:10129000000000000000000000000000000000004e
:1012a000000000000000000000000000000000003e
:1012b000000000000000000000000000000000002e
:1012c000000000000000000000000000000000001e
:1012d00000000000000000009d1dffff9f1dffff9c
:1012e000a11dffffa31dffffa51dffffa71dffff02
:1012f000a91dffffab1dffffad1dffffaf1dffffd2
:10130000b11dffffb31dffffb51dffffb71dffffa1
:10131000b91dffffbb1dffffbd1dffffbf1dffff71
:10132000c11dffffc31dffffc51dffffc71dffff41
:10133000c91dffffcb1dffffcd1dffffcf1dffff11
:10134000d11dffffd31dffffd51dffffd71dffffe1
:10135000d91dffffdb1dffffdd1dffffdf1dffffb1
:10136000e11dffffe31dffffe51dffffe71dffff81
:10137000e91dffffeb1dffffed1dffffef1dffff51
:10138000f11dfffff31dfffff51dfffff71dffff21
:10139000051effff071effff702000000000000079
:1013a00000000000bb000000000000000100000081
:1013b00001000000030000000300000000007e00a8
:1013c00000007e000000000000000000000000009f
:1013d00000000000d41bffffe01bffffec1bffff22
:1013e00000000000083a0000ca05ffff00000000ee
:1013f00001000000683a0000693a0000683a000005
:10140000683a0000683a0000683a0000483a000074
:1014100000000000000000000000000000000000cc
:1014200000000000000000000000000000000000bc
:10143000000000000000000002000101b03a0000be
:10144000b13a0000b03a0000b03a0000b03a0000f3
:10145000b03a0000903a00000000000000000000d8
:10146000000000000000000000000000000000007c
:10147000000000000000000000000000000000006c
:10148000020802020f1e00005f1e00000f1e000077
:101490000f1e00000f1e0000f83a0000d83a0000ae
:1014a000000000000000000000000000000000003c
:1014b000000000000000000000000000000000002c
:1014c0000000000000000000341cffff00000000ce
:1014d0000000000000000000b43a0000cc07ffff4d
:1014e00000000000000000000000000000000000fc
:1014f00000000000000000000000000000000000ec
:1015000000000000000000000000000000000000db
:1015100000000000000000000000000000000000cb
:101520000000000000000000000000006e03ffff4c
:101530006e03ffff6e03ffff6e03ffff6e03ffffef
:101540006e03ffff6e03ffffffffffffffffffffc5
:10155000ffffffffffff0000681cffff6e03ffffa0
:101560006e03ffff6e03ffff6e03ffff6a1cffffaa
:10157000701cffff6e03ffff6e03ffff0000000003
:10158000000000000000000000000000000000005b
:10159000000000000000000000000000000000004b
:1015a000000000000000000000000000000000003b
:1015b000000000000000000000000000000000002b
:1015c000000000000100000000000000000000001a
:1015d00000000000000000330000000000000000d8
:1015e000000000000000807f0000000000000000fc
:1015f000000000000000807f0000000000000000ec
:10160000000000000000c07f00000000000000009b
:10161000000000000100807f0000000000000000ca
:101620000000000000008039000000000000000001
:101630000000000000000041000000000000000168
:101640000011000001000000000000000100110076
:101650000001000000000000110000000000000078
:10166000000000000000000000000000000000007a
:10167000000000000000000000000000000000006a
:10168000000000000000000000000000000000005a
:10169000000000000000000000000000000000004a
:1016a000000000000000000000000000000000003a
:1016b00003ff0002000200000000ffff0000000026
:1016c0007f3e0000640000006c0178019901080170
:1016d0003b01eb00ce00350002009b006800ffffdd
:1016e000ffffffff424c3a20566572696679696eca
:1016f0006720415050202564204f4b0d00424c3a4a
:1017000020566572696679696e67204150502025c0
:1017100064204641494c45440d00424c3a20496ef4
:1017200076616c696420436f6e6669677572617477
:10173000696f6e0d00424c3a2053657420646566f3
:1017400061756c7420636f6e666967757261746928
:101750006f6e0d00424c3a20426f6f746c6f616483
:101760006572206f7665727772697474656e0d00ac
:10177000424c3a2057616974696e6720666f722027
:101780004669726d77617265207570646174652059
:101790002856544b290d00424c3a204150502066a7
:1017a0006f756e640d00424c3a204a756d70696e1b
:1017b0006720746f20415050310d00424c3a204e4a
:1017c0006f2041505020666f756e640d00424c3a98
:1017d0002052756e6e696e6720746865206d616950
:1017e0006e206c6f6f700d00424c3a204e65772072
:1017f00041505020666f756e640d00424c3a204e89
:101800006577206170706c69636174696f6e2076b2
:10181000657273696f6e3a202825642e2564290d40
:1018200000424c3a204170702073697a653a202555
:10183000646b420d000d424c3a20436f7079696e23
:10184000672041505032204f4b0d00424c3a2055fa
:101850006e61626c6520746f2073746f72652043d3
:101860006f6e6669670d00424c3a204170703120fe
:10187000636f727275707465642064756520746f2f
:101880002077726f6e67204352430d00424c3a201e
:101890004572726f72206f63637572656420447560
:1018a00072696e672041707020636f70790d00421d
:1018b0004c3a20415050206e6f7420666f756e64f4
:1018c0000d00424c3a20556e6b6e776f6e2072752c
:1018d0006e6e696e67206d6f64650d00424c3a2034
:1018e000417070312077696c6c2073746172742060
:1018f000736f6f6e0d002a005b25735d0d00002075
:101900000056455200766572207265762025642e59
:1019100025642e256c752e25642e25640d007572a8
:101920006c20222573220d0042415544004144435e
:1019300020424155442025640d004649524d5741ef
:101940005245003f004649524d5741524520434fb2
:101950004e4649470d0020202020202020204e45c3
:1019600057204150503d25750d002020202020207b
:1019700020204150502052554e4e494e47204d4f49
:101980004445203d2025750d0020202020202020ca
:10199000204150502053495a453d25750d002020c7
:1019a0002020202020204150502056455253494f9e
:1019b0004e3d25752e25750d00202020202020204d
:1019c0002053564e205245564953494f4e3d25759a
:1019d0000d00524554525600465720524554525617
:1019e000204f4b0d00465720524554525620455229
:1019f000520d0053544f524500465720434f4e4618
:101a000049472053544f5245204f4b0d0046572015
:101a1000434f4e4649472053544f5245204552525a
:101a20000d0053455400415050004e4557004f4c57
:101a300044004649524d574152452041505020568e
:101a4000414c55453a2025730d004d4f44450055f6
:101a50005044415445004e4f524d414c004649526e
:101a60004d57415245204d4f44453a2025730d00b6
:101a7000464c415348004552415345004150503176
:101a80000045524153494e47202573204e4f542064
:101a90005045524d49545445440d00415050320078
:101aa00025732045524153452053554343455353d5
:101ab00046554c4c0d002573204552415345204658
:101ac00041494c45440d004657434f4e4649470057
:101ad000534554494e4753004a554d5000257320f5
:101ae0004a554d5020746f204150504c4943415449
:101af000494f4e0d00554e4b574e5f434d440d0020
:101b0000415247535f4552524f520d004657553a86
:101b1000204669726d7761726520757064617465c5
:101b2000207374617274730d002020202020417096
:101b3000702073697a653a2025646b420d00465720
:101b4000552052756e6e696e673a20256425200d0a
:101b5000000d4657553a204e65772061707020730e
:101b6000746f7265640d004657553a204669726d70
:101b70007761726520766572696669636174696f01
:101b80006e207374617274730d00ffffffff465780
:101b9000553a204669726d776172652056657269a3
:101ba0006669636174696f6e20646f6e650d0046cf
:101bb00057553a204669726d776172652056657295
:101bc000696669636174696f6e206661696c6564da
:101bd0000d000000454e56313d74656d703031008a
:101be000454e56323d74656d70303200454e563963
:101bf0003d656e6400433a5c737464696e00720004
:101c0000433a5c7374646f7574007700433a5c7395
:101c100074646572720000000024f40080a8120150
:101c2000002d31010d43505520410d000d435055fd
:101c300020420d0000000000686a6c747a4c0000bd
:101c40003031323334353637383961626364656632
:101c50000030313233343536373839414243444528
:101c600046000000300000002e0066616c736500c5
:101c700074727565007f957f957f957f957f957fc1
:101c8000957f967f957f957f957f957f957f957fb3
:101c9000957f957f957f957f957f957f957f957fa4
:101ca000957f957f957f957f957f957f957f957f94
:101cb000957f957f957f957f957f957f957f957f84
:101cc000957f957f957f957f957f957f957f957f74
:101cd000957f957f957f957f957f957f957f957f64
:101ce000957f957f957f957f957f956eef6e150516
:101cf0009147006f156fef7f957f956eef6e15051d
:101d00009347006f156fef7f956eef6e15058f4748
:101d1000006f156fef7f957f956eef6e1505f822ba
:101d2000006f156fef7f956eef6e15050623006f40
:101d3000156fef7f957f957f957f957f957f957f39
:101d4000957f957f957f957f957f957f957f957ff3
:101d5000957f957f957f957f957f957f957f957fe3
:101d6000957f957f957f957f957f957f957f957fd3
:101d7000957f957f957f957f957f957f957f957fc3
:101d8000957f957f957f957f957f957f957f957fb3
:101d9000957f957f957f957f957f957f957f957fa3
:101da000957f957f957f957f957f957f957f957f93
:101db000957f957f957f957f957f957f957f957f83
:101dc000957f957f957f957f957f957f957f957f73
:101dd000957f957f957f957f957f957f957f957f63
:101de000957f957f957f957f957f957f957f957f53
:101df000957f957f957f956eef6e1505f42b006f9f
:101e0000156fef7f957f957f950260c0a081fbe203
:101e1000cc3900000688e1fbe27020000072ee0081
:101e20000447e12507f806ff2e18fbe2cc39000035
:101e3000e0e0fbe2cc390000ecef06890f02e3efb3
:101e4000ec01a00967036080a009900afbe27024fe
:101e50000000e50e0102fbe270240000d10e01fb40
:101e600012702400003e1100fb1270240000a891a3
:101e7000f81400fb12702400003d160039050067bd
:101e8000027100f0a88106c90106661205724100c0
:101e9000610117050182006704670460408089fbc7
:101ea0001270240000a8196101215efb1270240049
:101eb00000a89206c91206c10203fb12702400009a
:101ec000a892b991fec2118081b08161d1211cfb21
:101ed0001270240000a892b991660efe021efb1239
:101ee000702400003e11016701fb1270240000b94c
:101ef0009206c4122813fb127024000099926212f9
:101f00009192397fff67016701fb12702400003d49
:101f10001600fb12702400003e11003966ff0260bb
:101f200080a009808a6612710103051841006702ca
:101f300060c0a081a00a900ba8816101210cb80aa1
:101f4000a809050041006703a88161112112b80aa0
:101f5000a80905ea0d0005a62000610120fa670323
:101f600071008ca701e5001e1b71017ce301ec03ed
:101f7000ae8a71010805474b009089b88baf01719b
:101f8000020839aeff671d7100cca301a28aa283ab
:101f9000e5000c08e5000c073c8b003e05023d09fe
:101fa000002e78ba0961012140fbe2e016ffffc470
:101fb000e004c5e00105c5e00206c5e00307fb3605
:101fc000ff664271010405d94700a089a88ba98941
:101fd0006241fb2afc0305c94700a089aa01ba0a8d
:101fe000fe6211a0812e20ba096ca106890107fbaf
:101ff00036fffb2a000405a94700a089aa01ba0af6
:10200000fe6211a081a88906850102153e05030c18
:102010003e05029a0962119209ba090685010bfc74
:10202000dbe3a9096121fcdbf0fc33fe3b77ffa970
:102030000961211aba09610115f806010cf80600b8
:10204000ec016101200dba090685010b1df806019e
:102050000cf80600ec016101201b3c8b01aa816099
:1020600080a009fbe2e416ffffe30e05a41800625e
:10207000802e193c8b00aa816080a009fbe2fd162e
:10208000ffffe30e058b18006280c5001b27590176
:1020900027670d60803d030066d3fb22ef1d000023
:1020a000fb1e0001100533170061012034fbe2ec38
:1020b0001d0000f8e4006040fbe21a17ffffe30e8a
:1020c000054f180062406040fbe23517ffffe30e4a
:1020d000053f18006240fb12ef1d00003c1111fb90
:1020e000e2ef1d0000d5e00103fb12ef1d0000b080
:1020f00019755133212e6040fbe25417ffffe30ea8
:10210000050f180062406040fbe27017ffffe30e0e
:1021100005ff17006240fbe2ec1d0000f8e4003808
:102120005c02fb12ef1d0000b019755111200efb6f
:1021300012ef1d0000b0197551ff1df806010cf8d3
:102140000600ec016101206ab88a6613fb1e0000dc
:10215000f03936fe6111212e6040fbe29717ffff38
:10216000e30e05ad170062406040fbe2a617ffffdb
:10217000e30e059d17006240fbe2ec1d0000f8e451
:102180000138fa01fbe2ec1d0000f8e4006040fbbe
:10219000e2bb17ffffe30e0578170062406040fbcb
:1021a000e2cd17ffffe30e05681700624038ce014d
:1021b000fb12ef1d0000b0197551223b9701b88a40
:1021c0006623fb1e0000f739c0fd61113b5b016017
:1021d00040fbe2e817ffffe30e053617006240fb05
:1021e00012ef1d0000b89160c05b12a0826881a050
:1021f00009fbe2fb17ffffe30e0516170062c0fba9
:1022000012ef1d0000b81960806c11a009fbe221db
:1022100018ffffe30e05fa16006280fb1e0000f0b7
:1022200005201c01fb1e0080f005171c01fb1e0091
:1022300000f1050e1c01fb1e0080f105051c01b814
:102240008c6603fb2a204efb1e0000f739b00161ab
:10225000013bab006040fbe23518ffffe30e05b128
:1022600016006240b88a6613fb1e0000f0391afda2
:102270006111215efbe2ef1d0000f8e400fb12efac
:102280001d00003c111166d3fb22ef1d0000fb1e58
:10229000000110059314006101202bfbe2ec1d00ee
:1022a00000f8e4006040fbe24b18ffffe30e05611d
:1022b000160062406040fbe2cd17ffffe30e0551c0
:1022c00016006240fbe2ec1d0000f8e40138ae00ad
:1022d000fbe2ec1d0000f8e4006040fbe26718ff41
:1022e000ffe30e052c160062406040fbe2cd17ffb5
:1022f000ffe30e051c16006240388200fbe2ec1d75
:102300000000f8e4006040fbe28c18ffffe30e05dc
:1023100000160062406040fbe2cd17ffffe30e05b0
:10232000f0150062402e56fbe2ec1d0000f8e400c0
:102330006040fbe2af18ffffe30e05d515006240d9
:102340006040fbe2cd17ffffe30e05c515006240bc
:102350002e2bfbe2ec1d0000f8e4006040fbe2c223
:1023600018ffffe30e05aa150062406040fbe2cdb6
:1023700017ffffe30e059a15006240fbe2ec1d001b
:102380000058ee610e2010fbe2eb1d0000f8e400a7
:102390003910006702fbe2eb1d0000f8e401670260
:1023a00060406040fbe2dc18ffffe30e05631500b0
:1023b000624005551a00fbee7c04f0e0e07fb8eccb
:1023c000017f1167017100f0a0893e0101a88977a2
:1023d000010000f023030df806010cf80600ec01e3
:1023e0006101163e01072e10a889ec1e740efd73c4
:1023f00002081c3e0100a809a08167047100e0a149
:1024000089a182a10ba1043e0207e5000701fb1e82
:102410000000f0052d1a01fb1e0080f005241a01b2
:10242000a981770100000e23073e02072e5ea9094d
:10243000770100000e23073e02072e50a901770105
:1024400080fb0623073e02072e42f806002e35ecdd
:10245000026ca206890205a80905971200610121f4
:102460001d3e0200a80972110004a0096040fbe2b1
:10247000f618ffffe30e059914006240ec016211ab
:10248000e301ec010685010423c7a881a089670840
:102490007100e4a181a10a3d05003d04003e010058
:1024a0003d01003e03002e2ca981e41001a809750e
:1024b00001ff189901621191010f990962119109a7
:1024c000b90161a12016a9816241a181a889621187
:1024d000a089a8890685010523d0b90968919009ca
:1024e000b9097621ff0161012b0898096211900951
:1024f000d5000109ba096707754280fb1204130071
:10250000000545f9ff059c390005653a006612fb98
:10251000128413000005e93a0061011505787b007b
:10252000fb12702400003e11000205dff9ff02607b
:1025300080a009900afbe2d0390000ece1b80ba8ba
:102540000a05eff9ff67026e676040ef16e306fbce
:10255000e2d0390000ece7054346005f13ef71ef6e
:102560006205cff9ff3f670360c0a081610112fbe4
:1025700012b900ffffe30109fb12bc00ffffe301fa
:10258000ec01a00967036e677100a43e86003e84db
:1025900000fb1270240000a8196101201afbe270f0
:1025a000240000e5e002163e8401fb1270240000c6
:1025b0003e11002e38fbe2a4380000edee20610e43
:1025c000202bfb12a4380000a5813e8401fbe2a46d
:1025d000380000f9e62000ad816080a009fbe2f838
:1025e00018ffffe30e058d44006280ad0161013ae2
:1025f00096043e83023c07002e16b189710e0cfb37
:10260000f2fe18fffffe21efb18962118189b189c5
:1026100061f12be8ad81fb22ff18ffff05e74400c5
:10262000a0813c07002e20710e0ca881b18afe22e9
:10263000e1b18962118189fb22ff18ffff66010564
:10264000c44400a081a881610121dea889fb220188
:1026500019ffff05c029006101214e05dc4200ef92
:102660001605c04200ef1705c542007100e8fbe205
:102670000519ffffe30ea109a107a08e3e02003e4f
:102680000101058d12007100186080fb123801fff6
:10269000ffa009fbe21e19ffffe30e0574120062a2
:1026a000803e830138ab03a889fb222819ffff0570
:1026b00064290061012145f80600a901053744009d
:1026c000e301ec0176018025fcdbe3770180841ec9
:1026d000fcdbf457fe610e3b7803ec0105e50300db
:1026e000ec016080a009fbe22d19ffffe30e05213c
:1026f000120062803e8301385803a889fb223a19f0
:10270000ffff0511290061013b1e023e8303a90161
:10271000fb224319ffff05fd280061013ba2006079
:1027200040fbe24519ffffe30e05e611006240fba6
:10273000e2fc1d000058e16080a009fbe25619ff91
:10274000ffe30e05cc11006280fb12fc1d0000b0ff
:10275000196080a009fbe26a19ffffe30e05b211c0
:10276000006280fb12fc1d0000b8196080a009fb0c
:10277000e28919ffffe30e059811006280fb12fc4d
:102780001d0000b89160c05b12a0826881a009fba7
:10279000e29e19ffffe30e0578110062c0fbe2fc28
:1027a0001d0000626e6080e4e001fbe2b919ffffea
:1027b000e30e055d110062803e8301389402a90199
:1027c000fb22d219ffff054d2800610121403e8305
:1027d0000166d3fb22fc1d0000fb1e00011005fa60
:1027e0000f00610121156040fbe2d819ffffe30ee5
:1027f000051f110062403859026040fbe2e519fff5
:10280000ffe30e050c11006240384602a901fb22cd
:10281000f319ffff05ff2700610121403e83016698
:10282000d3fb22fc1d0000fb1e00011005fa0e0068
:10283000610121156040fbe2f919ffffe30e05d1ac
:1028400010006240380b026040fbe20d1affffe30c
:102850000e05be1000624038f801a901fb22221ac1
:10286000ffff05b1270061013be701a909fb222613
:102870001affff05a027006101214fa981fb222a31
:102880001affff059027006101210dfbe2fc1d00ee
:1028900000f8e4012e1aa981fb222e1affff05750c
:1028a000270061011afbe2fc1d0000f8e400a98189
:1028b0006080a009fbe2321affffe30e055310000f
:1028c00062803e8301388a01a909fb224a1affff70
:1028d0000543270061013b7901a981fb224f1affc3
:1028e000ff053227006101210dfb12fc1d00003c99
:1028f00011222e1aa981fb22561affff0517270065
:1029000061011afb12fc1d00003c1111a9816080bd
:10291000a009fbe25d1affffe30e05f50f006280e0
:102920003e8301382c01a889fb22701affff05e5c0
:10293000260061013be9003e8303a901fb22761ad0
:10294000ffff05d1260061013b0701a909fb227c9d
:102950001affff05c026006101a909211a6080fb4a
:10296000e2811affffe30ea00905a60f0062803e78
:10297000830338dd00fb229b1affff0598260061c8
:10298000012141fb1e0000f705b814016111a909de
:10299000211a6080fbe2a01affffe30ea009057177
:1029a0000f0062803e830138a8006080fbe2b61a07
:1029b000ffffe30ea00905590f0062803e83033834
:1029c0009000a909fb22c71affff054926006101f3
:1029d000213ffb1e00011005d919006111a9092131
:1029e000196080fbe2a01affffe30ea00905220f89
:1029f0000062803e83012e596080fbe2b61affff21
:102a0000e30ea009050b0f0062803e83032e42a94e
:102a100009fb22d01affff05fc25002e34a889fbf4
:102a200022d81affff05ee250061012124a90960c3
:102a300080a009fbe2dd1affffe30e05d40e006261
:102a400080fbee7c04f0e4e0157fb8ad097f11acab
:102a50008961312018612121246040fbe2f51affd1
:102a6000ffe30e05ac0e0062402e126040fbe20058
:102a70001bffffe30e059a0e00624005affaff3e12
:102a800084003f67193f6719399003052236000516
:102a9000f23600fbe2d4390000f8e600fbe28024c5
:102aa0000000fae4141400fbe280240000fae415ac
:102ab0001400fbe280240000fae4161400393a0006
:102ac000026040e30105fc3600ec01059537000586
:102ad000b2360067016080a009900a05a21400fbcd
:102ae000e280240000fae6060501b80aa80905a755
:102af00014003905006702fb3a00026602fb1285ea
:102b00001700007f88fb3a0002fb2285150000fbbe
:102b100012851700007f8ffb3a00026602fb1285c8
:102b20001500007f88fb2a0002fb128515000005b6
:102b3000301300fbee02b308f0e4fbe29c38000027
:102b4000fbfe442008e0fefbe2a0380000fbfe4450
:102b50002008e0fe026080a009fb2a00023907007d
:102b6000e30167027100e8a109920a3e0200fbe25c
:102b7000802400005aee1614619e2505388e003d13
:102b800003002e14b889a90afec21ffe0e1fdd0e17
:102b900003621ed70e03fbe2802400005aef1514d7
:102ba000761f02024bfeb88906c5010929d8d90e45
:102bb000090001fbe2802400005aef1514621fcbcc
:102bc000ef1514fbe2802400005aef1614621fcbad
:102bd000ef1614fbe2802400005aef1514eff5fd08
:102be00074950a63a5435fcbef1514fbe2802400c4
:102bf00000eeee0605610e15f806000cf80601ec75
:102c000001610114397f013e0201a881a089670694
:102c10007100ec8489a08a910b908bb88964116152
:102c2000012b08b88962119089b889623191010538
:102c3000c20c006111a8891df814ca0cf814cbb499
:102c400089a88a8029b8896811a88a80a1b8896270
:102c500051755180b902a8892a24fb3effff000567
:102c60009c3b009081b903a88ab881054d3a00b811
:102c70008aa88962525f22395efe6705fb36ff052e
:102c8000203b00e301b903a88aec0105673a00b8cc
:102c90008aa88962725f2239cdfe67057100e087dc
:102ca00089a182928b3e0200d5000b03b8897c017a
:102cb0002011b889068901063c1300b88962119079
:102cc00089b88962319189052a0c006111a9811d99
:102cd000f814ca0cf814cbb789a9828029b889687e
:102ce00011a98280a1b8896251755180b98aa981e0
:102cf0002426fb3effff0005043b009081b98ba911
:102d000082b88105b53900b88aa98162525f22393b
:102d100055fea0812e22fb36ff05863a009009b9a8
:102d20008ba982b80905933900b88aa98162725fbc
:102d3000223933fea081a881a10167087100e8a1b2
:102d400009920aba096c31056a4100a0093d0103e4
:102d50003d05002e1ab909a90bfec31eb809fe02d3
:102d60001e980962119009990962119109b9090621
:102d7000c50109a80a29e0ba0b7541203920ffa036
:102d800089670660c03e0100fbe280240000eeee91
:102d90000605610e15f806000cf80601ec0161014c
:102da0002063fbe2802400005aee1614610e2b55be
:102db000fb12802400005a1e1414761e02024be1fe
:102dc0005e12000105d11100fbe2802400005aefe1
:102dd0001414621fcbef1414fbe2802400005aef9e
:102de0001614601fcbef1614fbe2802400005aef8c
:102df0001414eff5fd74950a63a5435fcbef14142b
:102e00003e0101a809a081670339eefcfbe28024a2
:102e10000000fae60605000205250f0005d30f00a5
:102e2000059910000541110002055ffcff0260c01a
:102e300082899102b2897551733a9500755170205b
:102e400070755171207e755172207f7551203b86bf
:102e500000b9016211055c4000a0093d0103f805bd
:102e6000002e1efbe285150000b80a5c03fece2e84
:102e7000fe013e980962119009dc016211d3015ce8
:102e80000106c50104a80929dcb902660efe012e5f
:102e9000fb36ffa80afb12a43800007f87fbe2a4e0
:102ea000380000f9e62001a80905e83d006703fbaa
:102eb000e2fb1d0000f8e400055d0200056302006e
:102ec0006703053c0300670305760400670305e616
:102ed0000500670367037100e43d0d003d0c003df4
:102ee0000b013e040038c700ba8961212016611128
:102ef0002124fb1285150000b01993093d0b0238ff
:102f0000ad00fb1285150000b0916c1193013d0bd3
:102f100003389b009a8962119289bb017551802afe
:102f20004b625106c5010b3b8500ba8960215f12d7
:102f3000fb3effff00fb128515000005c038009125
:102f400089ba8960215f12fb128515000005c7361a
:102f5000009181b98906c501062153bb02b68139aa
:102f6000cffe3d0b003e04012e44627106c5010bed
:102f7000213cba8a6042fb36fffb12851500000532
:102f8000203800a081ba8960415f12fb12851500cc
:102f90000005d13600a009a88106850101210fbbdb
:102fa00002b681398bfe3d0b003e0401ba897601e1
:102fb000ff012417a901610115f806000cf80601ac
:102fc000ec01610115f806010cf80600ec01610145
:102fd0003b18ff6707fbe2fb1d000058ee611e2156
:102fe0001dfbe2f8390000ecee760ef401230f052c
:102ff000a4f0fffbe2fb1d0000f8e400fbe2d43983
:103000000000ecee610e202afbe28515000058ee70
:1030100071effe613f230a755eca15755ecc1c39df
:10302000b7fe05d5fafffbe2d4390000f8e600024e
:10303000027100e8a0893c04003e0200a8897701e3
:103040000000f0230ca8897501ff15f806010cf8a3
:103050000600ec016101113c0401e5000302083c9b
:103060000400e5000302c5000410e5000205a90103
:10307000a90a67067100d4a281a20a940b3e070137
:103080003e06003e05003e0400aa8139a6ffe3018a
:10309000a00ac40008e5000103b2013e0700611167
:1030a000216b3e05002e5e3e04003e06002e2ca93c
:1030b0000906890106aa0afec21e4b12b0296c81bc
:1030c00057e1fbe2601e0000a902fe12e1a90162c5
:1030d00011a101a9816221a181a9817551ff25d189
:1030e000a88906890105754380fb22601e00000542
:1030f000310e01a189a98961012012a9097211006b
:1031000001a109a90976010004239ea989c701210b
:10311000590121670bfb12fc1d00003d12010260ea
:10312000803c070005cf0f01fb12fc1d00003c1185
:10313000226632fb128515000005db3400fb22fc01
:103140001d00009029fbe2dc390000f8e600fb12cc
:10315000851900003c1300fb122c39000005030bfd
:10316000008189fbe28d1d0000ecee611e1ab18921
:1031700061111df806010cf80600ec016101203315
:103180006040fbe20c1bffffe30e05850700624079
:10319000fb12fc1d0000b81960806c11a009fbe255
:1031a000291bffffe30e05690700628039db036717
:1031b00002fbe28d1d0000ecee610e1ab189611177
:1031c0001df806010cf80600ec016101203060409a
:1031d000fbe20c1bffffe30e053707006240fb120a
:1031e000fc1d0000b81960806c11a009fbe2291bce
:1031f000ffffe30e051b070062806702670260c0e5
:10320000fb12851500006261a0813e01003c0300b5
:103210006632fb128515000005fc3300fbe28519c0
:103220000000d3e16652fb128515000005d533007e
:10323000fb228519000080a1fb1285190000b092c5
:103240006613fd6223551303809bfb122c3900008b
:1032500005100a008089b08961113be200fb1285ec
:10326000190000b093a882fb4a0001fb128d1900df
:1032700000391704fb12851900003e1101fb12856d
:10328000190000b09961f12179fbe2851900005c19
:10329000e26ca27322000007fb128d190000395264
:1032a000046101215dfb12851900003e1102fbe261
:1032b000fc1d000006e111ee01fbf2dc390000ec20
:1032c000ff621ffc57f1fc93e1a009a8096080fb95
:1032d000e23e1bffffe30efd72310000c842fca777
:1032e0001e5be1a009052a06006280fbe2dc3900d2
:1032f00000ecef621fe3effb12851900003c1300a6
:10330000fb12fc1d0000b819fbe2dc39000006844a
:10331000e121126040fbe2511bffffe30e05f205c5
:10332000006240fbe28d1d0000ecee611e210ffbf0
:103330001285190000a81939980267036703710004
:10334000dc3c8b00f90e080000f7f90e070000f7cf
:103350003e0502fbe2fc1d0000d5e00108fbe28d0a
:103360001d0000ecee611e1966027541f239ad02d6
:103370006040fbe2671bffffe30e0595050062401e
:103380003d090038b200ba0961012140fbe28a1b05
:10339000ffffc4e004c5e00105c5e00206c5e00387
:1033a00007fb36ff664271010405f63300a089a8c9
:1033b0008ba9896241fb2afc0305e63300a089aa98
:1033c00001ba0afe6211a0812e20ba096ca10689f9
:1033d0000107fb36fffb2a000405c63300a089aabb
:1033e00001ba0afe6211a081a88906850102143e75
:1033f000050afb122c390000056808008689fbe2eb
:103400008d1d0000ecee611e1ab68961111df806d3
:10341000010cf80600ec0161012016a90961211dcb
:10342000f806010cf80603ec027541f239ee019a38
:103430000962119209ba0906c50108fcdbe9a9096c
:103440006121fcdbf0fc33fe3b3effa90961212139
:10345000146040fbe28e1bffffe30e05b404006224
:10346000402e126040fbe2af1bffffe30e05a204fb
:10347000006240fb122c39000005e707008689fb3b
:10348000e28d1d0000ecee611e1ab68961111df877
:1034900006010cf80600ec0161012018a909612160
:1034a0001df806020cf80603ec027541f2396d01b5
:1034b0006709670960803c0700fbe2fc1d0000f81b
:1034c000e401fbe2dc390000ece1fb22fc1d000022
:1034d0009029fb12fc1d00003c1122055c3400fb0e
:1034e000e2fc1d0000626ee3e1fb12fc1d00003ceb
:1034f0001a0866d3fb22fc1d0000fb1e00011039d8
:103500002702fbe228390000ecee610e2122fb12bb
:103510002c390000fb22071e0000a01afb122c39d8
:1035200000003e1400fb122c3900003d1601fb1276
:103530002c390000052c07008189fbe28d1d00005d
:10354000ecee611e1ab18961111df806010cf80636
:1035500000ec016101200f66127541f339be00399c
:1035600043036702fbe28d1d0000ecee610e1ab111
:103570008961111df806010cf80600ec01610116c5
:1035800039220367026702fbe2d839000058e1667e
:1035900033fb2285130000050e3100fb12fc1d00d9
:1035a00000b8916643fb2285130000050d3100052c
:1035b0008833006663fb22851300000537310066ff
:1035c00083fb22851300007541f005d2f6ff0260ef
:1035d00040e301fbe2851900005ce16633fb2285d4
:1035e00013000005d53000fb1285190000b091666c
:1035f00053fb228513000005ae300058016663fbc3
:10360000228513000005a030006643fb22851300cd
:10361000007541f10588f6ff670160c0a081a00a2e
:103620003c0300a8817551f4205ea80961a12058cf
:10363000a8817551f22129b1016633fb228513005f
:103640000005643000fbe2851900005ce16643fb85
:103650002285130000056330003c03042e1aa88164
:103660007551f32113b1016633fb22851300000568
:103670003630003c0302b08bb201fb228513000000
:10368000051cf6ff670367037100eca101a08a82a5
:103690008b91043c06003d0200a90161011e3c061d
:1036a000002e47a88961011e3c06002e3db9017617
:1036b00001010429073c06002e303d0100b28906b5
:1036c000cd010490812e18b809a88afec21e06c931
:1036d0000102a902fe021e980962119009b80906aa
:1036e000c5010429e43c0601c5000607b189670548
:1036f0007100f0a089a082f80601a889610120224a
:10370000a8817701ffff0d2419a88aa881731100f1
:1037100000f0fb3a0004055ef9ff61111cf8060099
:10372000ec01a00967047100e0a189a182928b3ca1
:1037300084013d0200a9897701000110230ba989aa
:1037400077010002102306f806010cf80600ec01d0
:103750006101163c84012e7aa98161011e3c84011d
:103760002e70a981c41006a981c5100107a981b8ce
:1037700019662371020605422f00a981b89166439c
:1037800071020605352f00a9816261ec1166637133
:10379000020605602f00a981c5100a103c83aafb10
:1037a0003effff0066b2710106055230009081b8fd
:1037b0008166b371020605022f00a98905f40b008a
:1037c000ba8ba989621371020605a40e003c84001d
:1037d000c5001415b50967087ea67100dca201a119
:1037e0008a930b3d04003d03003c0501aa017701cb
:1037f000000110230baa0177010002102306f8062e
:10380000010cf80600ec016101173c0501388c0041
:10381000a98961011f3c0501388100bb0baa016227
:103820001371020b05dc0d00fb3effff0066b27159
:10383000010b05c92f00908966b271010b05d72dc8
:10384000009101b9017701ffff001dd5000403b805
:103850008906c501042141b289a98ac321b301a9fe
:103860008a8029a98e662271010b05aa2d00906914
:10387000a98e664271010b059d2d0090e1a98e660f
:103880006271010b05de2d006266e361b509a98a4c
:1038900082a13c05000c3c0503c5000519b6093f93
:1038a000660afbeefe03085ceffb527003ffff06a7
:1038b000d55f01773f00a500d3effbeec20008f80b
:1038c000e901a5fbeefe0308dcef773f00a500fb56
:1038d000127003ffff98197e01531fd3ef2e00399a
:1038e0001200fbe28d1d0000e3e1026040900967d9
:1038f000016080fbee4ec00858eefc5aee1d0461dc
:103900000e15f806010cf80600ec01a0096702711b
:103910000090e5001d1b710178e301ec03ae8a7194
:103920000106059a3100d701355d023571010605a2
:1039300000ecff671cfb12e0390000058a2b000534
:103940002c2c00fbe228390000f8e60002051e2cb2
:1039500000fbe228390000f8e600027100f0a089bf
:10396000a082a00b900cb8096161243aa881610182
:103970002034a8096101202e05fd2000a881a88a15
:10398000e321a809a88aa029a8893e14009809a8bb
:103990008a91a1a8893d1500a8893e1802a8893ef0
:1039a0001500670467047100eca101918a3e0102d1
:1039b000a901610120289989a90291a19989a902e7
:1039c0009129a901b993ec12a81905352300808922
:1039d000b0896111153e01020c3e0100a809a081c9
:1039e000670560c0a081a00a3c0200a80975511fac
:1039f0002015755111211cfbe20b1e0000f8e4019b
:103a00003c02012e0efbe20c1e0000f8e4013c0219
:103a100000c5000203b08967037100e8a1093c8278
:103a2000003d08003c0f003d06003c0b003c0a0036
:103a300038c200b4816121202a6111201461013b48
:103a4000aa00a909ec1ec4e00f3c820138a600a917
:103a500009ec11661205bf2b0091813c820238945b
:103a600000b38939aa00610120779a01621192019d
:103a7000b98161912a58b98106c501082150a90967
:103a8000ec11b98260225f22058c2b009101a909fb
:103a9000ec11b98260225f22fb3effff00055e2d24
:103aa000009089b88906c501042118b38aa909398b
:103ab00033ff6101203e3c0b013d08003c0a012e12
:103ac000333c0b013d08003c0a002e28ba0106c514
:103ad00001062b203c0b013d08003c0a002e153c42
:103ae0000b013d08003c0a000a3c0b013c82003cf3
:103af0000a00b289610115f806000cf80601ec0114
:103b000061013b31ffc5000a13b48967066080a0dc
:103b1000093c0200a80975511f2012755111211787
:103b2000a809755111fcd100022e0fa80975511f6b
:103b3000fcd100020c3c0200c5000203b089670200
:103b400060c0a081818a9083a8816101201e3d010f
:103b5000002e11b189980aa883fe032198096211e9
:103b60009009980906c5010229eb670360c0a0818e
:103b7000908ae303a88161012042ec0161212024a5
:103b80006111201361012134a881a819b88b660244
:103b900039b0ff6703a881ec11b88b660239a3ff27
:103ba0006703a881a819b88b66023996ffa881ec33
:103bb00011b88b6602398bff6703670360c0a08171
:103bc000a00a900bf80500a88161013a9300a809aa
:103bd0007551ff3a8b00a881a81ab101660305c789
:103be0002a00a881a81ab809661305ce2a00a809d8
:103bf00075511f20397551112166a881a81a6633a5
:103c000075411105a22a00a881a819b80a60225f8f
:103c100022fb3effff0005e52b00d301a881a81a77
:103c2000b80b5c01602305922a006703a881a81adb
:103c3000663375411f05702a00a881a819b80a606b
:103c4000225f22fb3effff0005b32b00d301a881ba
:103c5000a81ab80b5c01602305602a00670367039c
:103c60007100e8a1093c82003c81003c80003c0fcf
:103c7000003e02003e01002e71a9096663754211e3
:103c80003995008389b3896101200da909398cfd1b
:103c900061111c3c8001fbe20b1e000058ee610e1e
:103ca00012b401610115f806010cf80600ec01617f
:103cb000012019fbe20b1e0000f8e4003c8201a980
:103cc000096623666239a7fe2e45b409621184098c
:103cd00005790f00a0096bf1a081a882a80966a34d
:103ce00005950f00610121f4b401610115f806008a
:103cf0000cf80601ec0161011fb40961412406f8ca
:103d000006010cf80600ec0161013b6fffc50012d3
:103d100013b489670660c0a081a00a900bf8040064
:103d2000b80ba80aa8813996feb80aa8813979fc8f
:103d300061011cf80401c40001b0096703fbee1027
:103d40000008fae9f7010ba5fbee1fc108f0effb35
:103d5000ee1fc108f0e6fbee100008ecef7bcfe3ae
:103d6000effbee0f7208f0e9fbee402008f1e81cd3
:103d7000fbee0f7208fae4f50174fb1e4020083dcb
:103d80001a80fbee402008f9e9080140fb1e4020a4
:103d9000083c9f00fbee402008f8ee05b308fb1e30
:103da000402008fb2285150000a01afbee402008e9
:103db000f9e20200020002fbee402008f1e413fbee
:103dc000ee0f72085aef6a0165ffcbef6a01fbee56
:103dd000002208f0e0fbee1fc108f0eefbee1fc171
:103de00008f0e7fbee100008fae9f70100a502fb76
:103df000ee797008f0e8fbee797008f2e19601fbcd
:103e0000ee5c2008f0e002fbeefe0308f8e90ba5eb
:103e1000fbee1fc108f0effbee1fc108f0e6fbee62
:103e2000797008f0e8fbee797008f2e99601fbee94
:103e3000532008f1e809fbee532008f0ecfbee7983
:103e40007008fae48b0300fbee1fc108f0eefbeef6
:103e50001fc108f0e7fbeefe0308f8e900a50260c9
:103e600080a009900afbeefe0308f8e90ba5fbee23
:103e70001fc108f0effbee1fc108f0e6fbee442087
:103e800008e10e01b809fdd01e57e1fb2e442008c1
:103e9000a029fbee02b308f0e6fbee02b308f0e463
:103ea000fbee1fc108f0eefbee1fc108f0e7fbeed2
:103eb000fe0308f8e900a56702fbee100008fae926
:103ec000f7010ba5fbee1fc108f0effbee1fc108c9
:103ed000f0e6fbee100008ecef7bcfe3effbee0f1c
:103ee0007208f0eafbee802008f1e81cfbee0f728e
:103ef00008fae4f90175fbee802008f9e90a008070
:103f0000fbee802008f9e9080120fb1e8020083c18
:103f10009f00fbee802008f8e600fbee802008f909
:103f2000ee0103b308fb1e8020083e1204fbee8066
:103f30002008f1e413fbee0f72085aef6b0165ffe6
:103f4000cbef6b01fbee002208f0e0fbee1fc10897
:103f5000f0eefbee1fc108f0e7fbee100008fae9f7
:103f6000f70100a502fbee7a7008f0e8fbee7a702c
:103f700008f2e29501fbee9c2008f0e002fbee7aed
:103f80007008f0e8fbee7a7008f2ea9501fbee9c0f
:103f90002008f0e8026080a009900afbee02b30856
:103fa000f0effbee02b308f0edfbee757008f0e801
:103fb000fbee757008f2e59901fbee802008e10e3a
:103fc00001b809fb2e802008a0a1fbee757008f156
:103fd000e805fbee757008f2e29a01fbee8020081e
:103fe000f1e01cfbee02b308754fa054efc3effbea
:103ff000ee62c00858ef783fc3ef67026080fbeec7
:10400000882008ecee610e1df806010cf80600eca5
:1040100001a0096702fbee5e200858eefc5aee1c78
:1040200004611e210dfbee5e2008f0ec3922000237
:1040300002fbee9e200858eefc5aee1c04611e2185
:104040000dfbee9e2008f0ec390500020202026032
:10405000c0fb12703c0000a009fb1298a0ffffa05b
:1040600081f806002e14ec01a882fec21ea80afeea
:10407000021eec016211e301fbe28f0500000684e1
:104080000e24e5fbeefe0308f8e90ba5fbee1fc1cd
:1040900008f0effbee1fc108f0e6fbee96c208f851
:1040a000e401fbeee4e07ff8e9281efbee1fc10807
:1040b000f0eefbee1fc108f0e7fbeefe0308f8e9a7
:1040c00000a56703fbee84e07ff8e980aafbee849d
:1040d000e07ff9e90200550260403c0201fbe2f496
:1040e000390000eceef8e4b3fb1e10e07faf11fcea
:1040f0005a1e1104611e21f2fbee10e07f58eefc07
:104100005aee1c04610e143c0200c5000203b08983
:10411000670160803c0601fbee10e07f5dee587c9d
:104120000e2031fb1e10e07faf11fc5a1e140461fb
:104130000e2111fb1e10e07faf11fc5a1e1304610b
:104140000e15f806010cf80600ec01610115f806e1
:10415000010cf80600ec016101163c06002e43fb41
:10416000ee10e07f5dee587c1e2031fb1e10e07fdc
:10417000af11fc5a1e1404610e2111fb1e10e07fca
:10418000af11fc5a1e1304610e15f806010cf80657
:1041900000ec01610115f806010cf806003c060070
:1041a000fb1e10e07faf11fc5a1e1204611e211885
:1041b000fbee10e07f58eefc5aee1d04611e18fb6a
:1041c000ee10e07ff0ebfb1e10e07faf11fc5a1efb
:1041d0001a04611e1e3903ff8181c5000607b189db
:1041e000670260403c02012e18fbe254390000eceb
:1041f000ef71f5ffe3e5610f1f39dffe3c0200fbc5
:104200001e10e07faf11fc5a1e1104611e21dcb0ac
:104210008161112116fbee10e07f58eefc5aee1c76
:1042200004610e1639eefe8081c5000203b0896775
:1042300001fbee10e07f58eefc5aee1d04611e18e3
:10424000fbee10e07ff0eb397dfe398efefbee10c9
:10425000e07ff9e93a00aafbee10e07f5dee3a61fb
:104260000e21f60260403c0201fbe254390000f8e6
:10427000ea8025396fff8081fbee84e07ff8e9005a
:10428000aafbee84e07f5cee610e21f7c50002031d
:10429000b0896701fbeefe0308f8e90ba5fbee1ff2
:1042a000c108f0effbee1fc108f0e6fbee96c20876
:1042b000f8e401fbeee4e07ff8e9281efbee1fc105
:1042c00008f0eefbee1fc108f0e7fbeefe0308f876
:1042d000e900a5027100eca101a08a3c0a01e500f9
:1042e0000401a8097701000010230ba8097701c178
:1042f0007f102306f806010cf80600ec0161011797
:104300003c0a0038a500a889610110a889755141af
:104310002306f806010cf80600ec016101173c0abf
:104320000038870039a0fda88961512314a8896845
:10433000217611201cfbe254390000e3e12e0cfb36
:10434000e254390000f8ea201cfbee30e07ff9e48b
:10435000a000fbee30e07fe10e01a8090689010311
:104360006011fb2e30e07fa029fbe2f4390000ec65
:10437000eef8e471fbe2f4390000eceef8e4d03939
:1043800063fe8281b28161112111fbee30e07f5921
:10439000eea4611e183c0a000c3998fe39c8fe6173
:1043a000011f398ffe3c0a00c5000a0bb289670560
:1043b0007100f0a0893c0a01e5000301a80977011a
:1043c000000010230ba8097701c17f102306f8060f
:1043d000010cf80600ec016101163c0a002e6bfb93
:1043e000e254390000f8e200f0490239d9fcfbee52
:1043f00030e07ff9e55801fbee30e07fe10e01fb94
:10440000e2f4390000eceef8e420fbe2f4390000bd
:10441000eceef8e4d039cdfd8281fbee30e07f5d3b
:10442000ee2a755e80210efbe254390000f8e200ae
:10443000f04902b28161011c39f9fd3929fe8281fe
:10444000b28161011c39ecfdc5000a0bb289670419
:104450007100e0a189a182a10b3c8201e500070364
:10446000e50005023e0100a98161011f3c82003880
:104470001701a8897701000010230ba8897701c1d3
:104480007f102306f806010cf80600ec0161011705
:104490003c820038f300a90961212309a90975515b
:1044a000212306f806010cf80600ec016101173c17
:1044b000820038d400a9097c01173c820038c90069
:1044c000a90aa8896c12390efe61011f3c820038ce
:1044d000b70039f2fba909fc5a1e1f78771ec039b4
:1044e00006fbf254390000e3fe388100fbee30e0b9
:1044f0007fe10e03fbe2f4390000eceef8e4e8fba8
:10450000e2f4390000eceef8e4022e36a981fbe279
:10451000f4390000eceed01efb1e30e07fad11fc44
:104520005a1e1604611e20f2a9816221a181a88968
:104530006221a089a8096211a009a8816011a08147
:10454000a809612123c83e0100fbe2f4390000ec18
:10455000eef8e4d0398efc8481b48161012014fb33
:10456000e254390000f8eec03906a88161013b7eb3
:10457000ffb48161011c39bbfc39ebfc8481b4813f
:1045800061011c39aefcc5001213b48967087100c3
:10459000e8a109a102a08b3c0901e5000501a901e0
:1045a00061011e3c09002e52a8097701000010236a
:1045b0000ba8097701c17f102306f806010cf80645
:1045c00000ec016101163c09002e2ffbee84e07f18
:1045d000f8e900aa3c0a002e19b281ef1e06890ee6
:1045e000014b1edceea902fe112eb2816211828106
:1045f000b2810685010323e3c500090bb289670672
:104600007100e8a109a102a08b3c0901e5000501a8
:10461000a90161011e3c09002e4da8097701000087
:1046200010230ba8097701c17f102306f806010c9f
:10463000f80600ec016101163c09002e2afbee840d
:10464000e07ff8e900aa3c0a002e14b281a80afe15
:10465000c21ea902fe021eb28162118281b28106cf
:1046600085010323e8c500090bb28967067100a81c
:10467000a509a502a48bf9044a003e81003e8000f2
:104680003e81002e24ac09ad02fec21e4b12b029a1
:104690006c8157e1ef0eac02fe12e1ac016211a495
:1046a00001ac096221a409ac090685011323d8ac29
:1046b0008bad09ef02399bfdc7014ac5004a4b5932
:1046c000014b671660c0a081908ab889688106890d
:1046d0000102e30167037100f0a089828a8283b23c
:1046e00089a88afec21eb281fc6be115f806010c96
:1046f000f80600ec01a00967047100f0a089a0820f
:10470000c5000c039981fc5a122140fb1e80c00891
:1047100039b4ffa009b08961412311a8096211a031
:1047200009b08960416c1180810fb0896c11808162
:10473000a809581e663fb082fd622f7e0f53fec34c
:104740001ea809581eb202b083fd6232572ec31e46
:1047500067047100e8a109a102a90968818081c5e7
:10476000001403a90161a1250538c501fbe2c816a3
:10477000fffffe51ee7f4eb08bb082fb12fc00ffbc
:10478000ff3955ff61011f3e020138a701ba82fbc4
:104790001ee0c0083930ffa009a809581eb08afce5
:1047a00063e2c31e3e0200388a01b08bb082fb1266
:1047b000fc00ffff3922ff61011f3e020138740136
:1047c000ba82fb1ee0c00839fdfea009a809581ee8
:1047d000b08afc67e2c31e3e0200385701b08bb0be
:1047e00082fb121001ffff39effe61011f3e020143
:1047f000384101ba82fb1e28c10839cafea009a8a7
:1048000009581eb08afc63e2c31e3e020038240130
:10481000b08bb082fb121001ffff39bcfe61011f9b
:104820003e0201380e01ba82fb1e28c1083997feec
:10483000a009a809581eb08afc67e2c31e3e020008
:1048400038f100ba82fb1e60c008397afea009a8c0
:1048500009581eb08afc67e2c31e3e020038d4002d
:10486000ba82fb1e60c008395dfea009a809581e67
:10487000b08afc63e2c31e3e020038b700b08bb0c2
:1048800082fb12e800ffff394ffe61011f3e02016b
:1048900038a100ba82fb1ec0c008392afea009a8b0
:1048a00009581eb08afc67e2c31e3e02003884002d
:1048b000b08bb082fb12e800ffff391cfe61011ec5
:1048c0003e02012e6eba82fb1ec0c00839f8fda060
:1048d00009a809581eb08afc63e2c31e3e02002ede
:1048e00052a90966023914fe3e02002e46b08bb072
:1048f00082fb12c000ffff39dffd61011e3e020195
:104900002e31a909661239f3fd3e02002e25b08b27
:10491000b082fb12d400ffff39befd61011e3e02d2
:10492000012e10a909662239d2fd3e02000c3e027a
:1049300002a881a089670660c0a081a00ab902fb15
:104940001e00c0083980fde301a8096101ec0121c6
:104950000d581eb202fc67e2c31e6703581eb20266
:10496000fc63e2c31e670360c0a081a00ab902fb1a
:104970001e20c0083950fde301a8096101ec0121a6
:104980000d581eb202fc67e2c31e6703581eb20236
:10499000fc63e2c31e67037100f0a089b982fb1ead
:1049a00040c0083921fda009a809581eb301fc6bbd
:1049b000e115f806010cf80600ec01a0816704fb84
:1049c000eefe0308f8e90ba5fbee1fc108f0effbb4
:1049d000ee1fc108f0e602fbee1fc108f0eefbee91
:1049e0001fc108f0e7fbeefe0308f8e900a502fb93
:1049f00012fc390000a81aec1e621efd742200a0f1
:104a00001ae31efbe20d1e000058ef621fc3effb0e
:104a1000e20e1e000058ef621fc3effbe20e1e0005
:104a20000058ee61ae2423fbe20e1e000058ee613a
:104a3000ae2117fbe2043a0000ecef621fe3effb4c
:104a4000e20e1e0000f8e400fbe20d1e000058ee2e
:104a5000755e642424fbe20d1e000058ee755e6452
:104a60002117fbe2f8390000ecef621fe3effbe2f5
:104a70000d1e0000f8e400fbe2d4390000ecee610a
:104a80000e217bfbee482008eceefbf268200000d4
:104a9000d3fefbe2682000005cee760e00022050a0
:104aa000fbe2682000005ceefbf26620000006c41a
:104ab000fe2134fbe2fa1d000058ef621fc3effb3a
:104ac000e2fa1d000058ee615e2325fbe2d43900b6
:104ad00000f8e601fbe2fa1d0000f8e400fbee023c
:104ae000b308f0ec0afbe2fa1d0000f8e400fbe278
:104af00066200000fbf268200000d0fe05a519002a
:104b000002fbeefd7008f0e8fbeefd7008f2e52216
:104b100001fbee00210cecef7a1fe3effb1e0021fe
:104b20000ca81a7812a01afbee00210cecef781feb
:104b3000e3ef02fbee1f7208f0edfbee00210cec40
:104b4000ef7a1fe3effb1e00210caa9a7a02a29ac9
:104b5000fbee00210cecef781fe3ef02fbee0021ef
:104b60000cecef7a1fe3effb1e00210ca89a7812e1
:104b7000a09afbee00210cecef781fe3ef026040ff
:104b8000e301393dfefbee1f7208f0edfbee100075
:104b900008ecef7a7fe3effbee00210cf8ee00a5c6
:104ba00000fb1e00210c3e1c03fb1e00210cab125f
:104bb0007a12a312ec01ec1efbf2980afffffe6ec4
:104bc000f17881fb2e00210ca2a9ec01fbee002163
:104bd0000ce51e0119fb1e00210c3e9200fbee00ad
:104be000210cf9e20400000080fbee00210cf9e248
:104bf0000500000080fbee00210cf9e20600000039
:104c000080fb1e00210c3e900fec01fbee00210cfe
:104c1000e51e0213fbee00210cf9e20440000080c7
:104c2000fb1e00210cab927802a392fbee1f7208d0
:104c3000fae4de0741fbee1f72085aefde0165ff62
:104c4000cbefde013993fd67016080fb12fc390078
:104c500000a81aec11660466a305551f00a00ae31c
:104c60000167026080fb12fc390000a81aec11a059
:104c70000ae30167027100dca202a189a18339cb9a
:104c8000ffa102a089a901a88a0681020706a10046
:104c90000108a081a00aa881a80a660e068502065e
:104ca000fc03e12206f806000cf80601ec018589f8
:104cb000b58967097100dca202a189a18339a6ff29
:104cc000a102a089a901a88a0681020706a1000104
:104cd00008a081a00aa881a80a660e06850206fc23
:104ce00003e12206f806000cf80601ec018589b5ff
:104cf000896709604080892e0303fb1e804008ac51
:104d0000117c8121f6b089fbee804008e3e1670168
:104d100060402e0303fb1e904008ab117cc120f6bf
:104d2000fbee904008ece18089b0896701fbe25816
:104d3000390000fbf2243a0000e3effb125839007f
:104d400000fb226c3a0000a01afb1258390000fb4d
:104d500022b43a0000a092fb32243a0000fb22fe6b
:104d60001bfffffb12f51bffff05261c0061012145
:104d70000cfbe2243a0000f8e9fffffbe2243a00d2
:104d800000f8e501fbe2243a0000dcef78bfd3ef46
:104d9000fb12243a0000a81a6212a092fb326c3a6d
:104da0000000fb220a1cfffffb12001cffff05e1b5
:104db0001b006101210cfbe26c3a0000f8e9ffffe7
:104dc000fbe26c3a0000dcef78bfd3effb126c3ae9
:104dd0000000a81a6212a092fb32b43a0000fb2233
:104de0000a1cfffffb120c1cffff05a51b00610145
:104df000210cfbe2b43a0000f8e9fffffbe2b43a11
:104e00000000dcef78bfd3effb12b43a0000a81a21
:104e10006212a092026040f806002e2afbe2583986
:104e20000000ec01fe61ee667f06e00cef2011fb56
:104e3000e258390000ec01fe61e1059b1b00ec012a
:104e40006211e301fbe2bc0effffec010684e129e5
:104e5000cd67017100eca101a08aa083fb36fffba6
:104e600022f51bffffa9017f83fcdbe2fcdbf5439e
:104e7000fe610e211ba8897c011ef806ff2e77a873
:104e800089fbe2c31d0000c3e1f806002e68fb3673
:104e9000fffb22001cffffa9017f83fcdbe2fcdba0
:104ea000f543fe610e211ba8897c111ef806ff2e1a
:104eb00045a889fb22c31d00008029f806012e3673
:104ec000fb36fffb220c1cffffa9017f83fcdbe20a
:104ed000fcdbf543fe610e211aa8897c111ef80641
:104ee000ff2e13a889fb22c31d000080a1f8060233
:104ef0000cf806ffec01a00967056080a009f80620
:104f000001661167027100e0a189a182a10bfbe299
:104f1000c31d0000a989fece1e7c1e2110a989fb9d
:104f2000e2c31d0000fece1e7c2e15f806010cf813
:104f30000600ec0161012051a98961011ff90601f8
:104f4000ff2e4aa989611116a98961211df8060160
:104f50000cf80600ec016101202ae50005032e197a
:104f6000a981c4100ba9816211a181b2890586fdb6
:104f7000ffa8896011a089a88961012ae5e50005db
:104f8000010af90601ff0df90601ffa809a1016751
:104f9000087ea67100e4a181a10aa103fbe2c31d62
:104fa0000000a981fece1e7c0e2110a981fbe2c368
:104fb0001d0000fece1e7c2e15f806010cf8060022
:104fc000ec0161012033e50004022e22a90e054206
:104fd000fdffc361a909581e61de1ea909f8140a64
:104fe000a9096211a109a8816011a081a8816101ac
:104ff0002adce50004010df90601ffa809a0893f9c
:1050000066087100f0a089a082a00bf806fffb16cd
:10501000ff67047100e0a189a1823e04003e030005
:105020002e5aa901a982fec21e610ea98afec211d2
:105030001da0092e568289a901a982fec211828172
:10504000fbe21c3a0000eceeb289fe51e1b282feb6
:1050500052ee43e1a089a88961012708a88961016e
:105060002b06f806010cf80600ec01610117e500bb
:1050700003012e17a9016211a101a901a98afec28b
:105080001e610e219fe5000301a809a109670860c0
:10509000803e0100fbee200008fae9ef010ba5fbc2
:1050a000ee200008f2ee73c2fb1e200008b59164ea
:1050b000116111210ffbee200008fae474c2012ee9
:1050c0001303fb1e200008b711fc5a1e1d04610ebd
:1050d00020f1fbee2000085aef73c2753f30cbef92
:1050e00073c2fbee200008f9e48253fb1e20000887
:1050f0003c9200fb1e200008b49161011d032e03a9
:1051000003fbee200008f5e01c20f7fb1e20000842
:10511000b9127722fcff009112fb1e200008b91281
:105120007722efff009112fb1e20000899127632c1
:1051300000277722ffe7009112fb1e2000083c1a8f
:10514000002e0303fb1e200008b711fc5a1e1e048c
:10515000610e20f1fbee200008fae4fc0f01fbeeeb
:105160002000085aeefc0f611e210303a80979d123
:10517000a009a8097911a009a8097971a009a809ad
:1051800078c1a009a8097891a009a8097811a009f7
:10519000fbee200008e10e01a809fbee2000080646
:1051a00084e12103033e0100a809753111a009a87b
:1051b00009fb2e20000890a1b881fbee2000080614
:1051c000c5e102210303f90a010004a809fb2e200e
:1051d000000890a9b881fbee20000806c5e1032174
:1051e0000303fb1e2000083c9401f806000fec01ad
:1051f0006211e301ec017701404b4c23f3fbee20fd
:105200000008fae9ef0100a567027100e0fbe2186f
:105210001cffffe4e001e5e00102e5e00203fbee34
:10522000260008dceefc5ae1180c8089b089614147
:105230002035611120136121202561013b8000f997
:105240000e0680a9032e7dfb1e200008b599fc5a8e
:105250001e4210710f044befe4f0062e67f90e06a4
:1052600000127a2e5ffb1e2000089911fc5a1118bb
:105270001863a162a16811a109f90e0400127afb5a
:105280001e2000089911fc5a1e1c04611e2116fbe9
:105290001e200008b599fc5a1e4210710f044beff6
:1052a000e4f004a901fb2e200008b922643263a2b5
:1052b00062a2fc2721068d0105a1810ff90e0600cf
:1052c000127aa981fbee200008eceefc5aee0810e1
:1052d000fd60e1a1896708fbeefe0308f8e90ba574
:1052e000fbee84120cf2e00008fbee84120cf0e0fe
:1052f00002fbee84120cf0e8fbee84120cf2e800e4
:1053000008fbeefe0308f8e900a502fbee1fc1084a
:10531000f0effbee1fc108f0e6fbee1fc108f9e459
:105320006d01fbee69c00858ef784fc3effbee1f2d
:10533000c108f9e46c01fbee69c00858ef783fc37f
:10534000effbee1fc108f0eefbee1fc108f0e70215
:10535000fbee1fc108f0effbee1fc108f0e6fbee0d
:105360001fc108f9e43c02fbee63c00858ef783f28
:10537000c3effbee1fc108f0eefbee1fc108f0e724
:1053800002fbee1fc108f0effbee1fc108f0e6fbc9
:10539000ee1fc108f9e43b02fbee63c00858ef784a
:1053a0002fc3effbee1fc108f0eefbee1fc108f0ac
:1053b000e702fbee1fc108f0effbee1fc108f0e6ad
:1053c000fbee1fc108f9e43101fbee62c00858efa3
:1053d000780fc3effbee1fc108f0eefbee1fc10814
:1053e000f0e702fbee1a7208f0e1fbee80120cf01f
:1053f000e002fbee1a7208f0e0fbee80120cf0e126
:1054000002fbee801a0cf0e602fbee801a0cf0e7cd
:1054100002fbee80120cf0e402fbee1a7208f0e9d7
:10542000fbee80120cf0e802fbee1a7208f0e8fbcb
:10543000ee80120cf0e902fbee801a0cf0ee02fb9b
:10544000ee801a0cf0ef02fbee80120cf0ec023949
:1054500088fefbee100008ecef7a9fe3effbee8096
:10546000120cf0e8fbee96120cf1e803fbeed173a0
:1054700008fae4000601fbeed1730858ef65ffc39c
:10548000effbee80120cf1e801fbee96120cf9e452
:105490006a04fbee96120cf9e49200fbee96120cf5
:1054a000f9e46e01fbee96120cf9e939ffff39437e
:1054b000fe023925fefbee100008ecef7a9fe3efc9
:1054c000fbee80120cf0e9fbee96120cf1e803fb08
:1054d000eed07308fae4000608fbeed0730858ef2c
:1054e00065ffc3effbee80120cf1e901fbee9612b3
:1054f0000cf9e4ea05fbee96120cf9e4fe00fbee73
:1055000096120cf9e4ee01fbee96120cf9e979ff24
:10551000ff39e0fd027100f0a08961011f3e010129
:10552000380401a889ec1e618e290ea889a819618a
:10553000312a06f806010cf80600ec016101211e73
:10554000a889ec1e617e2a0ea889a8196141290646
:10555000f806010cf80600ec01610115f806010cd3
:10556000f80600ec0161013aba00396dfdfbee105e
:105570000008ecef7a9fe3effbee0e1a0cf1ee73ee
:10558000a889ec1e618e2118fbee001a0cf8e420ad
:10559000a889a819fbee001a0cc7e14c2e18a8899f
:1055a000ec1e785efbfe001a0cc3fefbee001a0c2c
:1055b000f9e44c00fb1e001a0c3c1800a889fbee15
:1055c000001a0cd51e040cfbee001a0cf9e90dffb5
:1055d000fffbee001a0cf9e912fffffbee001a0cbc
:1055e000f9e913fffffb1e001a0c3d1800fbee0e3d
:1055f0001a0cf0e6fbee0e1a0cf0e0fbee0e1a0ca5
:10560000f0e1fb1e001a0c3c1208fb1e001a0c3cb9
:105610001400fb1e001a0c3c150039d7fc3e01009b
:105620000c3e0103a809a081670460c0a08161014c
:105630001ff8060138890039a0fcfbee100008ecc9
:10564000ef7a9fe3effbee0a1a0cf1ef76fbee0a1e
:105650001a0cf1ef77fbee0a1a0cf8e436fb1efe8b
:10566000190c3c1300fbeefe190cf9e44f00fb1e75
:10567000fe190c3c1b00fb1efe190c3c1800fb1e07
:10568000fe190c3c1900fb1efe190c3c1500a881ec
:10569000fbeefe190cd41e0fa881fbeefe190cd5f3
:1056a0001e0110fbeefe190cf9e915fffffbeefee3
:1056b000190cf9e916ffff393afcf80600ec01a0d5
:1056c0000967037100f0a08961011f3e010138f6ee
:1056d00000a889ec1e614e290ea889a81961512adb
:1056e00006f806010cf80600ec016101211ea889ec
:1056f000ec1e613e2a0ea889a81961612906f806e8
:10570000010cf80600ec01610115f806010cf80621
:1057100000ec0161013aac0039bffbfbee80120cda
:10572000f0ecfbee80120cf1eb01a889ec1e614e4f
:105730002118fbee80150cf8e4a0a889a819fbee4f
:1057400080150cc7e1282e1aa889ec1e763ea00011
:10575000fbfe80150cc3fefbee80150cf9e428005f
:10576000fb1e80150c3c1400fbee80150cf9e424a4
:1057700000fb1e80150c3c1102fb1e80150c3c1317
:1057800052a889b91206c5120528073e01022e3615
:10579000fbee80150cf9e904fffffbee80150cf918
:1057a000e905ffffa889fbee80150cd51e0406a8ad
:1057b00089fbee80150cd51e05073937fb3e01002d
:1057c0000c3e0103a809a08167046080f80600fb75
:1057d000ee80120cf0e8fbe26a2000005cee770e2f
:1057e000feff002a17fbe26a200000dce16d01fbee
:1057f000ee06130c06d4e1e3010cf806fffbee06ff
:10580000130cf8e500fbe26a200000f8e500fbee6f
:1058100080120cf0e0ec01a00967026080f806003d
:10582000fbee80120cf0e9fbe26c2000005cee77ee
:105830000efeff002a17fbe26c200000dce16d0188
:10584000fbee86130c06d4e1e3010cf806fffbee39
:1058500086130cf8e500fbe26c200000f8e500fb85
:10586000ee80120cf0e1ec01a00967027100f0a0db
:105870008961011f3e0101388100395dfafbee802c
:105880001a0cf0eea889ec1e618e290ea889a819c1
:1058900061312a06f806010cf80600ec01610120ce
:1058a00018fbee001a0cf8e420a889a819fbee00fa
:1058b0001a0cc7e14c2e39a889ec1e617e2a0ea86d
:1058c00089a81961412906f806010cf80600ec01c7
:1058d00061012019a889ec1e785efbfe001a0cc33a
:1058e000fefbee001a0cf9e44c000c3e0103fbee4b
:1058f000801a0cf0e639fcf9a809a0816704710050
:10590000f0a08961011f3e010138830039cbf9fb0a
:10591000ee80120cf0eca889ec1e614e290ea889cd
:10592000a81961512a06f806010cf80600ec01617d
:10593000012018fbee80150cf8e4a0a889a819fb3b
:10594000ee80150cc7e1282e3ba889ec1e613e2a8b
:105950000ea889a81961612906f806010cf806004d
:10596000ec016101201ba889ec1e763ea000fbfe25
:1059700080150cc3fefbee80150cf9e428000c3eec
:105980000103fbee80120cf0e43968f9a809a0814c
:105990006704604090093941f9fbee181a0cd10eea
:1059a00001fbee181a0cf9e901fffffbee181a0cc7
:1059b000f9e906fffffbee181a0cf9e907ffff39ba
:1059c00032f9670160409009d302390df9fbee1cf2
:1059d0001a0cd10e01fbee1c1a0cd40e01fbee1cae
:1059e0001a0cf9e906fffffbee1c1a0cf9e907ff98
:1059f000ff3900f9670160c091099102b90906c534
:105a000001042807f806022e3039cef8fbee88157f
:105a10000cf8e9fffffbee88150cf9e901fffffb2d
:105a2000ee88150cd50e0502fbee88150cd50e047c
:105a30000339c0f8f80600ec01a0096703fbeefe8d
:105a40000308f8e90ba5fbee1fc108f0effbee1f02
:105a5000c108f0e6fbee0ce409f8e50002fbee1fde
:105a6000c108f0eefbee1fc108f0e7fbeefe0308f5
:105a7000f8e900a50239c8fffbee140008ecef7b43
:105a80009fe3effb1e567308b01a65f2801afbee17
:105a900056730858ef65ffc3effb1ec0a0083c1209
:105aa00000fb1a030e05f2eeff61112178fb1ec008
:105ab000a008b09278028092fbeec0a008f1e8093d
:105ac000fb1ec0a0083c1d00fbeec0a008f8e4804f
:105ad000fb1ec0a0083c1672fb1ec0a0083c1700ad
:105ae000fb1ec0a0083c1100fb1e92c1083c170a17
:105af000fbee6bc00858ef781fc3effb1e92c10886
:105b00003c180afbee6bc00858ef782fc3effb1e62
:105b100092c1083c190afbee6bc00858ef783fc3ee
:105b2000ef2e79fb1ec0a008b09278128092fbee97
:105b3000c0a008f1e809fb1ec0a0083c1d05fbee53
:105b4000c0a008f8e480fb1ec0a0083c1672fb1e33
:105b500092c1083c170afbee6bc00858ef781fc3d0
:105b6000effb1e92c1083c180afbee6bc00858ef11
:105b7000782fc3effb1e92c1083c190afbee6bc0e5
:105b80000858ef783fc3effbee92c108f8e40afb38
:105b9000ee6ac00858ef782fc3ef39c3fe02fbee60
:105ba000567008f1e801fbee567008f2e7b401fb0d
:105bb000ee56700872ee1a06ecef78cfe3effbeecc
:105bc000567008f0e8fbee567008f2e6b401fbee02
:105bd00056700872ee1a06ecef78dfe3ef02fbee88
:105be000c2a008754fcf50efc3effbee567008f21e
:105bf000efb401fbee56700872ee1a06ecef7acfa6
:105c0000e3effbee567008f2eeb401fbee567008bf
:105c100072ee1a06ecef7adfe3effbee567008f156
:105c2000e801fbee567008f0e80260c0a081a00a0f
:105c3000e303a88161013aa700a80961013aa00025
:105c4000fbee100008ecef7bcfe3effbee00240847
:105c5000f8e408fbe2a8390000f8eec5a008a8099e
:105c600079b17421ffffff08fb22a8390000a029a9
:105c7000ec016d01fb22a8390000a0a1a88179b137
:105c80007421ffffff08fbe2b4390000e3e1fbe20f
:105c9000b4390000f9ee01c3a008ec016d01fb224c
:105ca000b4390000a0a1fbee5cfd00fbf2b43900aa
:105cb00000e3effbee58fd00fbf2a8390000e3ef34
:105cc000fb1e0024083c1801fbee002408f9ee013d
:105cd00000fc00fb1e0024083c1c0167036703fb5b
:105ce000ee567108f1e001fbee567108f0e002fba0
:105cf000ee567108f0e8fbee567108f1e80102710a
:105d000000dca201a18aa1833e04013c0e003e02f8
:105d1000003e0100aa0161013a8301a98961013aab
:105d20007c01a983a98aaa013902ff3973fe39b11e
:105d3000fffbe28d1d0000ecee611e3bc000660221
:105d4000fb1a020a0523ecff3c0e000803b3816234
:105d5000118381b3817551ff21f405efeeffa0821d
:105d6000a009fbeec2a008754ff054efc3ef2e144c
:105d7000a882a80966a305ffeeff6101163e040094
:105d80002e48fb12b4390000a8916901610121116c
:105d9000fbeec4a00858eefc5aee1e04610e1df87e
:105da00006010cf80600ec0161012111fbeec4a014
:105db0000858eefc5aee1904610e1df806010cf8a5
:105dc0000600ec01610121aafbeec2a008f0effb86
:105dd000eec2a008f0ea3908fe3916ff6612fb1a77
:105de000020a0585ebff3c0e000803b381621183b4
:105df00081b3817551ff21f4388800a983a98aaa4b
:105e0000013929fe399afd39d8fe053feeffa082ff
:105e1000a009fbeec2a008754ff054efc3ef2e1699
:105e2000a882a809fb3af401054deeff6101163e78
:105e300004002e48fb12b4390000a89169016101e9
:105e40002111fbeec4a00858eefc5aee1e04610eb0
:105e50001df806010cf80600ec0161012111fbeeb2
:105e6000c4a00858eefc5aee1904610e1df8060194
:105e70000cf80600ec01610121a83964fd3972febd
:105e8000fbeec4a008c4e00ff10d0f7541c0550131
:105e90000f8389fbeec4a008c10e0fa901a10967f9
:105ea00009fbee180008fae9f3010ba5fbee1fc190
:105eb00008f0effbee1fc108f0e6fbee180008ec5f
:105ec000ef7b8fe3effbee72730858ef65ffc3efd4
:105ed000fb1e00000d3c1200fb1e00000d3c1200da
:105ee000fbee00000df1e809fb1e00000d3c1d005b
:105ef000fbee00000df8e400fb1e00000d3c1672e6
:105f0000fb1e00000d3c1750fb1e00000d3c110451
:105f1000fbee1fc108f9e47f0bfbee0bc00859ef45
:105f200060786fc7ef60fbee1fc108f9e47e0bfbe2
:105f3000ee0bc00859ef20785fc7ef20fbee0bc0d7
:105f40000858ef785fc3effbee0bc00859ef60789d
:105f50005fc7ef60fbee1fc108f0eefbee1fc1084c
:105f6000f0e7fbee180008fae9f30100a502fbeeea
:105f7000727008f1e801fbee727008f0e8fbee7257
:105f80007008f2e29c01fbee72700872eefe07ec04
:105f9000ef78dfe3ef02fbee6bc008754fdf50efe9
:105fa000c3effbee02000df0edfbee02000df0ec96
:105fb000fbee02000df0effbee02000df0eefbee4b
:105fc000727008f2eb9c01fbee72700872eefe0735
:105fd000ecef7acfe3effbee727008f1e801fbee35
:105fe000727008f2ea9c01fbee72700872eefe0716
:105ff000ecef7adfe3effbee727008f0e80260c0ce
:10600000a081908a3d0100b88961011e3d01812e69
:106010002bfbe262200000f8e500fbe264200000b8
:10602000d10e03fbe2c4390000e10e02fbee0200d8
:106030000df0e6fbee02000df0e4d5000102b881a0
:1060400067037100f0a089910a3d02003d03002e14
:106050004efb1e02000db091fc5a1e1904610e2168
:1060600015fb1e02000db091fc5a1e1e04610e1d90
:10607000f806010cf80600ec01610121d6b889a8e8
:106080008afec211fb2e02000d8029fbee02000ddc
:10609000754fa054efc3ef988962119089b88906b3
:1060a000c5010529aed5000204b9016704fbee1451
:1060b0000008fae9f5010ba5fbee1fc108f0effba4
:1060c000ee1fc108f0e6fbee140008ecef7a4fe398
:1060d000effbee747308754ff050efc3effb1e74c7
:1060e0007308b01a65f2801afb1e00b3083c120058
:1060f000fb1e00b3083c1200fbee00b308f1e809f8
:10610000fb1e00b3083c1d00fbee00b308f8e400e2
:10611000fb1e00b3083c1672fb1e00b3083c1714ac
:10612000fb1e00b3083c1100fb1e00b3083c92cddf
:10613000fbee1fc108f9e4330cfbee02c00859ef77
:1061400060782fc7ef60fbee1fc108f9e4340cfb49
:10615000ee02c00859ef20783fc7ef20fbee02c0e7
:106160000858ef783fc3effbee1fc108f0eefbeedf
:106170001fc108f0e7fbee140008fae9f50100a5dd
:1061800002fbee747008f1e801fbee747008f0e8b1
:10619000fbee747008f2e59a01fbee747008eeef06
:1061a0007f01790febef7f01fbee747008f2e49a48
:1061b00001fbee747008eeef7f01791febef7f01ba
:1061c00002fbee62c008754ff750efc3effbee0223
:1061d000b308f0edfbee02b308f0ecfbee02b308ff
:1061e000f0effbee02b308f0eefbee747008f2ed98
:1061f0009a01fbee747008eeef7f017b0febef7fef
:1062000001fbee747008f1e801fbee747008f2ec2b
:106210009a01fbee747008eeef7f017b1febef7fbe
:1062200001fbee747008f0e8026040fbee02b30878
:10623000f0e6fbee02b308f0e43d0100b8096701a7
:106240006040fbee02b308754fa054efc3effbeec6
:1062500062c00858ef783fc3ef3d0100b8096701fd
:106260007100c0a3893e0c003e0900f90208005ae3
:106270006202fb127603ffffa2093e0c09fbeefe51
:106280000308f8e90ba5fbee1fc108f0effbee1fba
:10629000c108f0e6aa0106a109010fa2893e0d007e
:1062a0002e1aab09636106890109dc1e6c8e068516
:1062b0000e0b2410ab096211a309ab090685010c72
:1062c00023e2ab090685010c19f90a02e80338ac90
:1062d00001ab09636106890109dc11a189aa89065c
:1062e000a1090107a281aa81610119f90a02e80343
:1062f000388a01a9896811aa8afc2712a282aa8178
:10630000fd81127c0114a00a0d6012a00afb1e0080
:10631000b308a80a801aab0a636206890209b0a210
:10632000b19bfc5e2384145b32819aab09636106e6
:10633000890109b099fb2e00b308b1abfc5e13c60e
:106340001c5b3181a9ab09636106890109b111fbad
:10635000ee00b30858effc5ef140205b1fc3efaacc
:106360008906a1090107a281ab89068d0107068d67
:10637000010afc571e06a1150108fc93e1fd7221dc
:10638000000080bffd72310000c842a101a901fddb
:106390007211000000002608fdfff1e3010be3018c
:1063a000ec01a089fbe20000803ffc871e291bfb5b
:1063b000ee00b308f1ea07a901fd723100002041a7
:1063c000fca711a08138b500aa816011fb2e00b393
:1063d000088029ab89068d01076c81fc571106a145
:1063e000150e0afc8fe106a1150e08fc93e1a10928
:1063f000a909fc8b11a109fca50105a181a981fdb9
:1064000081127c01166212a00a0ba00aa809a181c0
:10641000fb2e00b30884a1fbee00b308f1e207fbfa
:10642000e20000804306a1150f06fc93fea9890631
:106430008d010a068d010ffc571ffc8fef06a11579
:106440000108fc93f1fd7221000080bffd72310054
:1064500000c842a101fbee1fc108f0eefbee1fc118
:1064600008f0e7fbeefe0308f8e900a5a901fd72bc
:106470003100002041fc9711a081a881a381671001
:106480006040fbee05000dc4e003b089050fbaffc4
:106490006701fbe2d4390000f8e60102056dc9ff8f
:1064a000026040fbee04b308c4e0037541c751012c
:1064b0000380897541c05501038089fbee04b30850
:1064c000c10e03670160c0a08161011ff806013899
:1064d0009600a881ec1e614e2908f8060238880053
:1064e000a881a81961612907f806032e7aa881a856
:1064f0009161412907f806042e6da881a899614190
:106500002907f806052e60a881a892fbe2b803ffd0
:10651000fffed2eea81afbf2ac03fffffe52ff060d
:10652000541f57efa899fbe2c003fffffe51ee573f
:10653000effbee328008d3effb1e3280083c148064
:10654000fb1e3280083c1600fbeefe0308f8e90b48
:10655000a5fbee350008f8e400fbeefe0308f8e9c1
:1065600000a5f80600ec01a0096703fbee308008e7
:10657000f8e400fbee308008f8e4ff026080fbeef8
:10658000348008dceefc5aee1204611e1df8060190
:106590000cf80600ec01a0096702fbee3480085cf1
:1065a000ef772fffbf00d3ef027100e89289a102bd
:1065b000a08b3e01002e3ca809a902fec211066173
:1065c0000d010b9289f806082e1dba89fd811292e1
:1065d0008a7c01200c9a89fd7cd101a0009289ec73
:1065e000016011e301ec01610121e1a8096211a040
:1065f00009a8090685010329c0d5000b05b909675b
:10660000066080a009900ab809a80afec211800994
:10661000b009670260c0a081908ab889a882fec2d2
:10662000116c819009b88906890102b019065501db
:10663000019009d5000102b881670360c0a0819074
:106640008ab88906890102b0199009b889a882fe22
:10665000c2116c81065501019009d5000102b88173
:1066600067037100f0a089910ab909a88afec211d6
:106670006d81e301b90906890103b0196d01069422
:1066800001e301b90906890103b0916c8106940107
:10669000e301b90906890103b099069401e301ec0d
:1066a00001a009670460c08289a00a900bb289b872
:1066b0000aa80bfe0321670360c09109a00ae30347
:1066c000b9096881a80afe0231ec0106890101c5f9
:1066d000010a01670360c09109a00ae303b909a890
:1066e0000afe0231b9096881ec020689020180299b
:1066f000670360c0a081a00ae303a8816981a80a9a
:10670000fe0231a8816901ec02068902018029a8f4
:10671000816881ec020689020180a1ec01068901f1
:1067200001c5010803670360c0a081a00ae303b2aa
:1067300001a80afe0231a8816881ec0206890201e3
:106740008029a8816901ec020689020180a1a88143
:106750006981ec020689020180a967037100f0a03b
:1067600089910ab909a88afec211e301b90906890b
:106770000103b0196c81069401e301b9090689018e
:1067800003b0916d01069401e301b9090689010383
:10679000b0996d81069401e301ec01a009670471d1
:1067a00000dca201a18aa183e50008043e03003eab
:1067b00002003e0100f80600a9817e01a0893e0288
:1067c000002e2aa882a903fec32eff6ee15be1e33f
:1067d00001fbe2bc0affffec01fe61eea8896881c3
:1067e000ff61e1a089a8816211a081a881068501cd
:1067f00007a88923d07e01a10967097100f0a0894b
:10680000910a91033d0100d50004013d02002e2ca8
:10681000b882a88bfec32e06610d0e01fc5aee2134
:1068200024fbf2c803ffff4beffc5a11182006604f
:106830000df19009988162119081b88106c501051a
:10684000b80929ce9089b88967047100eca101a02c
:106850008aa083818ca90161012049a88961012056
:1068600043a889068501042212a889068901020627
:106870008501042506f806010cf80600ec0161010b
:1068800021222e1ab189a88afec21ea902fe021e6a
:10689000b18962118189a8816011a081a8816101fb
:1068a00021e467057100e0a189a182a10b3c82016e
:1068b000e5000703e5000602e50005012e22a88990
:1068c000581ea881441e163c82002e14a80960118f
:1068d000a009a8896211a089a8816211a081b48150
:1068e000610112a809610115f806010cf80600ec17
:1068f00001610121cbc5001213b489670860c0a0f3
:1069000081818ae3032e14b189a882c321a8816200
:1069100011a081ec016011e301ec01610121ea6742
:10692000036040f90901a50ab80967016040f90947
:10693000017101b80967016040f80e38bc00fb1e08
:1069400038bc0067016080fb129201ffffe301a0e9
:106950000967026080fb129701ffffe301a009674e
:10696000026080fbe2203a0000ecee610e2013fb97
:10697000e2203a0000ecee7f1e610115f806010ce2
:10698000f80600fbe21c3a0000ece1a00967027186
:1069900000eca101a08aa083a8815c11762180006f
:1069a0009009a8815c1e772e7fff00d31ea8810569
:1069b0002600009809a882d321a883a88aa901608b
:1069c00040f80600fb46ff05ea07006240a081a8e8
:1069d00081a00967057100f0a089663e06e00c1ee3
:1069e0002016a889889961012706f806000cf80688
:1069f00001ec01610115f806010cf80600ec0161db
:106a000001a889201505d80900fbe2c8390000f863
:106a1000e609f90601ff2e3105ae0600a009a88996
:106a20005c1e7c6e11a889a81905680200a8893e21
:106a30001100a889889905c4e4ff610115f90601d0
:106a4000ffa889059a0900a809a08167047100ecd4
:106a5000a101a08aa083a904a889661205110500d6
:106a6000068501021de100040cf80600ec01a009f6
:106a700067057100f0e5000503710118e301ec04fe
:106a8000a88b6040f80600fb226c3a0000fb124d18
:106a90006affff05d409006240a009a809a0816728
:106aa000047100f0a089a082a00ba88ca882ef41fd
:106ab0007f8f06890401e304ef4167047100ecef66
:106ac00034a101a08aa084a88ba9026040f8060026
:106ad000fb12a16affff059109006240e301ec018e
:106ae0006101270b660eec01a902fe021eec01a05b
:106af0000967056080a00966a3660205cf0d00e363
:106b00000167027ea67100dca201a18afbe2003bc4
:106b10000000ecee610e2013fbe2003b0000ecee07
:106b20007f1e6101153e01010c3e0100fb12fc3a83
:106b30000000a089aa01610115e100080da889e003
:106b400010ec01a109a98a05bb100006890105a165
:106b500009a909581e610e2111a889fbe2341cff06
:106b6000ffe31e3e02002e2da90ea98aef61054506
:106b700010004b16a106a901581e610e200da90197
:106b8000f81400a9016211a101a901a88ae321e575
:106b9000000502a881a1813f660a6080a009fb363a
:106ba000ff66027f80fb16fe4331e3016702fd7c36
:106bb000c40000ff20376605660f660e7df4220ec6
:106bc0004742250a62156c137e5426f64331fc03b6
:106bd0004222094b31fc0b427fb07e5e7e5f68141f
:106be0007e43601526e8eff2efe102610420106dac
:106bf00004fd903e57e46d037545102ebdfd7cc32a
:106c00000000ff12ef3466037545202ead61021eb1
:106c10006101213102ef24ef15fc2734ef4e4f3490
:106c200043426d0269055725ef52fc2735ef5f4f50
:106c30003543526d025f115721fc27316d0f57f11b
:106c4000efe202fc2731026e15fb42800ffffffbd3
:106c500052980fffff66022e10fd2a41fd2a43477e
:106c600013250643137f88474524f0fb425c0fff42
:106c7000fffb52800fffff2e13fd2a42fd2a43fd2a
:106c80002a414723250643237f8f474524ed6f156f
:106c9000027100eca101a90161013a3001a9016072
:106ca00081a089a889ec1e618e230ba889667e06c7
:106cb000a00c1e15f806010cf80600ec0161013b62
:106cc0000b01fb12043b0000a81961012010fbe23c
:106cd000043b0000a8890685e1012206f806010ca4
:106ce000f80600ec016101201bfbe2043b0000a858
:106cf00089e5e10101fbe2043b0000e50e030138f8
:106d00008c00fbe2043b0000e5e001020de5100110
:106d100002a881a81961012010a881a8190685017f
:106d2000032206f806010cf80600ec016101a881b7
:106d300021dda882068821a009a8890685010122f3
:106d400005388900a80906850103a8812111ec1ed8
:106d5000a88a06882ee31ee50002032e30a81961da
:106d6000012013a889068811a8820685210125061d
:106d7000f806010cf80600ec016101214fa881a87a
:106d80008ae5120101a889a882a029a889a8196109
:106d9000012012a889ef1e0688ee06851e011df847
:106da00006010cf80600ec0161012020fbe2043b27
:106db0000000f8e600a889ec1ea81a06882ee31e3b
:106dc000a889a81ae5210101670567057100e8a1f6
:106dd0000938c800fb12043b00006241a0812e1854
:106de000a881ec1ea90a0684e22407e30138be004c
:106df000ec116241a081a881ec1e610e21e42e56a7
:106e0000a881ec1ea90a0684e22407e301389e004b
:106e1000ec116241a081a881ec1e610e21e4fbe22d
:106e2000043b0000eceee4e003fb12043b000062d4
:106e300041a0812e17a881ec1ea90a0684e224062f
:106e4000e3012e69ec116241a081a881ec1e068548
:106e50000e0321e3fbe2200fffffe4e0012e24e517
:106e6000000501a80905ee0d00a0896101211ea8f9
:106e700009068501051ef806002e32a8096811a032
:106e800009a8090685010523d82edaa809a88ae3ee
:106e900021a889628105fcfdfffbe2043b0000ecb8
:106ea000e1a08161013a2fff386effec01a101677b
:106eb000067100e0a18962f17521f8a089a98961b4
:106ec0000111a8890685010724063e01010c3e0137
:106ed00000a8096101173e0200388e00a88961717f
:106ee00024053e0308a88939e5fea10161011e3e83
:106ef00002002e75a901e41005a909ec1e608e069a
:106f0000850e03a9022207e112012e26068901033c
:106f1000e321a909a902ec2ee51e0101a901ec1e3d
:106f2000a909ec1f06810f03e3efa889a90ae32151
:106f3000a901ec1e610e200fa901ec11a819610135
:106f4000153e01010c3e0100a809610112a901ece6
:106f5000116241e3010cf80600fbe2043b0000e093
:106f60000ea9096281a081a881a18167087100c86a
:106f7000a309a302a28ba284e5000d08ab01068d34
:106f8000010ba1893e0600a98961011f3e0200385c
:106f90003101ab0161013bbe00e5000b023823016a
:106fa000aa81a89a06851205230faa8105d90c008b
:106fb0006101260538a700aa815c1e7cae2015a9b8
:106fc0008b611366a2aa017f80fd74f1016011a09c
:106fd000090c3e0100a809a1096101200da90906bb
:106fe0008101086211e3010ce10007e40004aa81b9
:106ff000a91a06811203a08aa8890685010422091c
:107000003e0500e5000304aa81a899a903aa027f0e
:107010008faa0106890104a201a98906810104a1a0
:1070200089aa81a89a06890204a09aaa81a89a0628
:10703000811201a182a9096101200faa810589009d
:1070400000610115f806010cf80600ec0161012150
:107050000c3e0600a98961013b48ffaa815c1e7ca9
:10706000be12a98161011df806010cf80600ec01b1
:1070700061012024aa81a89a06811201a182aa8115
:1070800005460000610115f806000cf80601ec0148
:107090006101143e0600a98906890106a189aa8119
:1070a000fbea000c06e00c1e17aa81e5110305abf4
:1070b00001ef12068d020b06810207fc2712a08247
:1070c000a881a209670e7100e0a189610121563ee5
:1070d00002003e03002e3afbe258390000a889fe68
:1070e00061ee610e2019fbe258390000a889fe61ab
:1070f000e139d5ff69f1610115f806010cf80600c8
:10710000ec01610115f90602ffa8896211a089fb53
:10711000e2bc0effffa8890684e129bde50002015b
:10712000388b00a9895c1e7cde15f806000cf80679
:1071300001ec016101163e01002e72a989e51001e2
:10714000042e40a98aa8ab8899a902432305b8dd7b
:10715000ffa109a90961012a22a989e5110103a951
:1071600089e5110105a989e511010ba989dc1e78c2
:107170009ed31ef90601ff2e34a90106890105a13f
:1071800001a989a9020685120323baa98ae521016a
:1071900003a989e5110105a989e511010ba9895cfc
:1071a0001e772effdf00d31e3e0100a809a18167d4
:1071b000087ea67100d4a281a20aa203878ce500f2
:1071c0000d06aa0161011f3e0100388f01aa015c72
:1071d00011762180009209aa01c510021175434859
:1071e000fb22c00effffaa017f8fb409aa0280a173
:1071f000aa01711244a01aaa01711244a09aaa010c
:10720000711244a112aa01711244a292aa01711230
:1072100044a11aaa01711244a29aaa01711244a1ae
:1072200092aa01711224a19aaa09581e755e72ba17
:1072300009aa021ef806012e1eaa0b583e755e779b
:107240001ef8061a2e11aa0b583e755e611df8062f
:10725000160cf80600069401d321aa01663e06e04a
:107260000c1e2141aa01056ff7fffbe2c83900009f
:10727000f8e6163e010038e300aa09581e755e6262
:10728000aa015c1e21117c5e213ded0e08dcef7829
:107290005fd3ef2e10643e613e202caa01dc1e65f8
:1072a0003ed31eaa09711201a20ab01975516211ca
:1072b000aa09581e755e2b1df806010cf80600ec95
:1072c00001610121b6aa8161012056a9816101aa4b
:1072d000065c62aa81167862e3020be302a983ece2
:1072e00002755355fcdb30056e120080e9aa018857
:1072f0009961012706f806000cf80601ec0161010e
:107300002055fbe2c8390000e4e003aa0105c8f6f5
:10731000fffbe2c8390000e10e033e01002e3c8f66
:107320008961012706f806000cf80601ec016101ed
:10733000201ffbe2c8390000e4e002aa010598f62c
:10734000fffbe2c8390000e10e023e01002e0cb73f
:1073500089aa0280a9e5000801a809a1093f660cd5
:1073600060c03e0100f806002e62fbe258390000c2
:10737000ec01fe61ee610e212b7541480535fbffe6
:10738000a009a80961012051fbe258390000a809b1
:10739000ec02fe22e1a8093d1080ec01a80a80a1c0
:1073a0002e37fbe258390000ec01fe61ee5cee6125
:1073b0000e2115fbe258390000fe61e1a009a80981
:1073c000f8197fff2e136211e301fbe2bc0efffff1
:1073d000ec010684e12395a809a08167036080a0e1
:1073e000095c1e7c7e203ef806002e24fbe2583904
:1073f0000000ec01fe61ee06850e01210ffbe25854
:10740000390000660ffe21ef2e136211e301fbe24b
:10741000bc0effffec010684e123d3a8090574f834
:10742000ff6702a809f81500a8093c13ffa8097115
:107430001244a01aa809711244a09aa80971124412
:10744000a112a809711244a292a809711244a11aaa
:10745000a809711244a29aa809711244a192a8091c
:10746000711224a19a670272002cffe70134e7022f
:1074700033e70332e70431e50036306601a701d770
:10748000013ad7013ba701d7013ae5003420e500d6
:107490003321ed023171016c051d1100ed0130c782
:1074a00001b7f9062b002e66f806000cf80601ec71
:1074b00001a6095d02317552251e6011e3010be33f
:1074c00001ec01a68161012b26ae83ed0232ed01b4
:1074d00021ed04207f14e70121610118f90601ff65
:1074e00038e303ed012b0689011ae7012bed013288
:1074f00006890119e701325d013175512520265dac
:107500000131610118e5002b0138ba03f90531009a
:10751000ed01325811d70131ed0132581e610e20b4
:10752000892e8be5003217f90629002e1aed012964
:1075300063a1ed023248217111d0e70129ed01323a
:107540006211e70132ed01297601e7032a19fbe216
:10755000103b0000eceeed0132581ffedfee7c5eca
:1075600015f806010cf80600ec01610121c1ed01de
:1075700032581e6211e70132755e2418ed0129614f
:10758000012a06f806010cf80600ec0161011aed6b
:1075900001297601e8032906f806010cf80600ec3b
:1075a00001610111f9062900e50017326601e701c2
:1075b00028e70127e70126e70125e70124e7012362
:1075c000f904b820f9055a002e3dad81fbe29d017a
:1075d000ffff43e1a509ad096141241dad81fbe237
:1075e0009d01ffff43e1fbe2080ffffffe61e106a3
:1075f00055015ad7015a0fed0132c410b8ed0132ce
:107600006211e70132ed01325812fb129d01ffffba
:10761000058f1300a581610121b2ed0132581e755d
:107620005e2a2130ae89711204a68ae4102ced0185
:107630002c69f16101201366010681012ce7012c00
:10764000dd015a7821d7015aed01326211e701328a
:107650002e3ff9062c002e25ed012c7401ffffffb3
:107660007f2012ed012c63a1ed023248217111d06f
:10767000e7012ced01326211e70132fbe2103b0021
:1076800000eceeed0132581ffedfee7c5e21cbed0b
:107690000132581e755e2e17f9062aff2e63ed0182
:1076a00032711201e70232b01975512a2116ae89e2
:1076b000711204a68ae4102aed01326211e7013248
:1076c0002e3ff9062a002e25ed012a7401ffffff47
:1076d0007f2012ed012a63a1ed023248217111d001
:1076e000e7012aed01326211e70132fbe2103b00b3
:1076f00000eceeed0132581ffedfee7c5e21cbed9b
:1077000001325812fb12381cffff0595120061016f
:107710002010ed0132711201e702325811e3010c21
:10772000f806005801c701b66101210fed0132587a
:107730001e755e761df806010cf80600ec0161016d
:107740002010ed0132c410b6ed01326211e70132b2
:10775000590eb6755e68210fed0132581e755e76c2
:107760001df806010cf80600ec016101211f590efd
:10777000b6755e76210fed0132581e755e681df8f4
:1077800006010cf80600ec01610115f806010cf881
:107790000600ec0161012011f904b677ed013262b7
:1077a00011e7013238af00590eb6755e6c210fed4e
:1077b0000132581e755e761df806010cf80600ecc5
:1077c000016101211f590eb6755e76210fed013260
:1077d000581e755e6c1df806010cf80600ec016180
:1077e0000115f806010cf80600ec0161012010f902
:1077f00004b657ed01326211e701322e58590eb628
:10780000755e68210fed0132581e755e681df80621
:10781000010cf80600ec0161012010f904b662eddc
:1078200001326211e701322e2c590eb6755e6c21c1
:107830000fed0132581e755e6c1df806010cf8063e
:1078400000ec016101200ef904b671ed0132621104
:10785000e70132ed012961012b35ed01296011e7c6
:107860000129ae8a710108054e0d00ed0132711239
:1078700001e70232581371040c7102087101780596
:10788000f6040061012029f90601ff2e38ed0132ce
:10789000711201e70232581371040c71026c71010c
:1078a0007805d40400610117f90601ff2e17710253
:1078b0000c710178051e0d0069f161013a50fcf967
:1078c0000601ffa809e7012f67357100cca301a2cb
:1078d0008aa2833e08003e0200e5000c062e1762d5
:1078e00011a301a982ab0105e610006101173e0159
:1078f0000038bc02ab01581efbf24c02fffffecf6a
:10790000ee7c6e21dc581e755e2b11ab01581e7586
:107910005e2d1df806010cf80600ec016101202423
:10792000ab01581e755e2d1c3e0201ab016211a316
:1079300001a982ab01059810006101173e010038d2
:107940006e02aa8161012167ab01581e755e30216c
:1079500059ab016211a301a982ab0105721000614c
:1079600001173e0100384802ab015811fbe24c02fe
:10797000fffffece1e7c0e17711120e3010be30109
:10798000ec01755178211eab016211a301a982abf4
:1079900001053c10006101173e01003812023e0a49
:1079a000102e573e0a082e523e0a0a2e4daa817505
:1079b00051102146ab01581e755e30213dab01626e
:1079c00011a301ab015811fbe24c02fffffece1eda
:1079d0007c0e17711120e3010be301ec0175517866
:1079e0001fab016211a301a982ab0105e20f006187
:1079f00001173e010038b801aa816121290daa8131
:107a00007551242a06f806010cf80600ec01610104
:107a10003a8401aa8161b1290871115687890e71d2
:107a2000112f8789ab01581efbf24c02fffffecfde
:107a3000ee667ffc33ef2025ab015811fbe24c02d0
:107a4000fffffece1e7c0e17711120e3010be30138
:107a5000b7890684012906f806010cf80600ec0136
:107a60006101211c383a01ab016211a301a982ab6b
:107a700001055c0f006101173e0100383201ab01c6
:107a8000581e755e3020e23e04003e050038860038
:107a9000610e2068ed0e0c58eefbf24c02fffffe6b
:107aa000cfef7c2f1171eed0e70e032e23fbf24cab
:107ab00002fffffecfee7c0eed0e0c58ee1771eebe
:107ac00020e30e0be30eec0e71eea9e70e03fbe2d2
:107ad000ffffff7f06810e0306890e0206a1090e35
:107ae0000a06850e0522073e04012e10ed0e05063e
:107af0008d0e0a06890e03e70e05ed0e0c621ee7d9
:107b00000e0ca982ab0105c70e006101173e0100f2
:107b1000389d00ed0e0c58eefbf24c02fffffecf3d
:107b2000ee667ffc33ef2027ed0e0c58eefbf24c97
:107b300002fffffecfef7c0f1771ee20e30e0be389
:107b40000e590e1f06840e2906f806010cf80600d1
:107b5000ed0e04610efcdbe0ec0161013b34ff61e2
:107b60000e2013a8816101a9091da2012e327e11e8
:107b7000a2012e2cfbe2c8390000f8e622a88161a0
:107b8000011af90208ffffff7f2e15f90208000015
:107b900000802e0cfbe2c8390000f8eab004aa8984
:107ba000610117ab01aa8ae321e5000801a809a237
:107bb00009670d7100e8a109a102e50005022e2e5a
:107bc000e50004012e1aa80a581e442e210ca88193
:107bd00006810105e3012e26a8096211a009a80962
:107be000581e610ea88121e06211a081a881581e53
:107bf000610e21cea88106810105e301ec01a08977
:107c000067067100e8a109a102e50005022e30e532
:107c10000004012e1806810105e3012e32a80a583e
:107c20001e442e2014a8096211a009a809581e613b
:107c30000ea88120e22ee8a8816211a081a88158b7
:107c40001e610e21cca88106810105e301ec01a093
:107c50008967067100e8a109a081a88161012b0e46
:107c6000a88105a8a1ffa0897501ff1d3e01010c97
:107c70003e0100a809610115f806000ce10003ecc3
:107c800001a10167067ea67100f0a089a89a068569
:107c9000120522083e010038d700a8895c1e772e05
:107ca000029000612e2020a88a5c2e7cfe16f80a25
:107cb00000020df80a0042dc1e06940ed31ef906df
:107cc00001ff38ac005c1e762e0060760e0060214d
:107cd0001ca889a89a068512022312a88905e9f32f
:107ce000ff610110f90601ff388600a8895c1e7c3f
:107cf000be210ca889711e4406851e0115f80601d7
:107d00000cf80600ec016101214da88efb1a00025f
:107d100005a1f1ffa0696101a8892119a88a712232
:107d200044a01aa889e5110103a889a81a6212a023
:107d3000922e24dc1e786ed31ea889e5110103a8bb
:107d400089a81a72220002a092a889e511010aa846
:107d500089e511010ba889e5110104a889e5110243
:107d600005a889dc1e763e0060d31e3e0100a809ee
:107d7000a0813f66057100a0a589a582c70357a50c
:107d8000045901577551253a86077551413ac50383
:107d9000711ebb613e220538bb037551533aa206e2
:107da0007551583abc027551613aa9037551783a38
:107db000b0027551643a5a01711e9b613e2205382a
:107dc00093037551693a4a0175516e3af50375513d
:107dd0006f3a8e027551703a12067551733a680601
:107de0007551753a7c027551633b3807ad89591e50
:107df0003e755e6c2040f9044b002e1dad81ec1edb
:107e0000624ee31ead81ec1e604eece1c7014bad4e
:107e100089aa9a6012a29aad89aa99610126dfad5a
:107e200089a91a59034bad04fe0423a91a6212a1b1
:107e30001a381b073e80002e1bad81ec1e624ee3fc
:107e40001ead81ec1e604ee4e010ad89aa9a60126e
:107e5000a29aad89aa99610126e1ac01d70123f963
:107e6000052400ad89f9160cffad8971024605e8bd
:107e7000110069f161013ad606f90604ff38d2060d
:107e8000ad8a592e3e755e6c211aad82ec2e624e83
:107e9000e32ead82ec2e604eece2a0826bf2a08a63
:107ea0002e5fad8a592e3e755e71211dad82ec2e7e
:107eb000628ee32ead82ec2e71effcecf2608eec64
:107ec000e3a08aa0832e3aad8a592e3e755e6aad34
:107ed00082ec2e211a628ee32ead82ec2e71effc25
:107ee000ecf2608eeceea08ae70e022e14624ee3f6
:107ef0002ead82ec2e604eece2a0826bf2a08aa83e
:107f00008aa883a01ae313ad89aa9a6012a29aad37
:107f100089aa9a610227053869ff591e3e755e6875
:107f2000ad89210ead8adc22e3126bf2a01a2e3c41
:107f3000591e3e755e62ad89210ead8acc22e312d8
:107f40006bf2a01a2e26591e3e755e7412ad895929
:107f50001e3e755e7a1d3e01010c3e0100a80961be
:107f60000111ad89ec126bf2a01aad89a81969f163
:107f700061012016ad89a91a754e2dad03fe032ea1
:107f8000a91a6212a11a2e38ad89bf917c11201650
:107f9000ad89a91a754e2bad03fe032ea91a6212e4
:107fa000a11a2e1cad89bf917c012014ad89a91a9c
:107fb000754e20ad03fe032ea91a6212a11aad89d7
:107fc000a91a06890214a112590257ad8905e011b8
:107fd00000387b05ad8a592e3e755e6c2118ad8246
:107fe000ec2e624ee32ead82ec2e604ee4e0023ebb
:107ff00003002e5dad8a592e3e755e71211dad8246
:10800000ec2e628ee32ead82ec2e71effcecf26072
:108010008eece3a08aa0832e38ad8a592e3e755e81
:108020006aad82ec2e211a628ee32ead82ec2e71a7
:10803000effcecf2608eeceea08ae70e022e1262ec
:108040004ee32ead82ec2e604ee4e0023e0300a82b
:108050008aa883a01ae313ad89aa9a6012a29aade6
:1080600089aa9a61022705386dff591e3e755e6820
:10807000ad89210dad8a5c2ee31e3e11002e3859cc
:108080001e3e755e62ad89210dad8a582ee31e3eff
:1080900011002e23591e3e755e7412ad89591e3e85
:1080a000755e7a1d3e01010c3e0100a809610116b2
:1080b000ad893e1100ad89bf917c312011ad89ecb5
:1080c0001e06951e01610e153e01010c3e0100a821
:1080d00009610120205901577551781059015775d0
:1080e00051581d3e01010c3e0100a8096101153ed9
:1080f00001010c3e0100a80961012026ad89a91ae1
:10810000754e30ad03fe032ea91a6212a11aad8975
:10811000a91a590357ad04fe0423a91a6212a11a21
:10812000ad89a91a06890214a112590257ad890511
:108130007e1000381904ad82ec2e624ee32ead8223
:10814000ec2e604eece2e302e312ad89aa9a6012d3
:10815000a29aad89aa9a610226deb8197cf120168e
:10816000ad89a91a754e2dad03fe032ea91a621210
:10817000a11a2e38ad89bf917c112016ad89a91a9c
:10818000754e2bad03fe032ea91a6212a11a2e1ce6
:10819000ad89bf917c012014ad89a91a754e20ad1f
:1081a00003fe032ea91a6212a11aad89a91a068923
:1081b0000214a112590257ad8905740800388f03c3
:1081c000ad89591e3f610e10f90604ff388303add7
:1081d00089591e3e755e7a3a2101755e683a5701eb
:1081e000755e6a3a9800755e6c3a8801755e71201a
:1081f0004b755e743ac800755e623bb3013e0f007a
:108200002e1bad81ec1e624ee31ead81ec1e604e56
:10821000e4e00fad89aa9a6012a29aad89aa996189
:108220000126e1ab89610118f90604ff382303ad8b
:1082300089ab19ab8ac3213815033e0e002e1bad46
:1082400081ec1e624ee31ead81ec1e604ee4e00e3a
:10825000ad89aa9a6012a29aad89aa99610126e114
:10826000ab81610118f90604ff38e602ad89ab194c
:10827000ab82e3216bf1a02938d4023e0d002e1b06
:10828000ad81ec1e624ee31ead81ec1e604ee4e05b
:108290000dad89aa9a6012a29aad89aa99610126a8
:1082a000e1ab09610118f90604ff38a502ad89abfd
:1082b00019ab0ae3216bf1a0293893023e0c002e82
:1082c0001bad81ec1e624ee31ead81ec1e604ee4e0
:1082d000e00cad89aa9a6012a29aad89aa996101af
:1082e00026e1ab01610118f90604ff386402ad898b
:1082f000ab02e1120d3857023e0b002e1bad81ec94
:108300001e624ee31ead81ec1e604ee4e00bad89b3
:10831000aa9a6012a29aad89aa99610126e1aa8956
:10832000610118f90604ff382802ad89aa8ae11212
:108330000d381b023e0a002e1bad81ec1e624ee37f
:108340001ead81ec1e604ee4e00aad89aa9a60126f
:10835000a29aad89aa99610126e1aa81610118f961
:108360000604ff38ec01ad89ab19aa82d32138deaf
:10837000013e09002e1bad81ec1e624ee31ead8155
:10838000ec1e604ee4e009ad89aa9a6012a29aad93
:1083900089aa99610126e1aa09610118f90604ff79
:1083a00038af01ad89aa0ae1120d38a2013e0800da
:1083b0002e1bad81ec1e624ee31ead81ec1e604ea5
:1083c000e4e008ad89aa9a6012a29aad89aa9961df
:1083d0000126e1aa01610118f90604ff387301ad15
:1083e00089aa02e1120d3866013e07002e1bad81fd
:1083f000ec1e624ee31ead81ec1e604ee4e007ad64
:1084000089aa9a6012a29aad89aa99610126e1a966
:1084100089ad8ae3216bf1a029fbe2240fffffec79
:10842000ee614e1ead893e1100ad89a91a06890282
:1084300014a112ad8975427805750d00381001ad93
:1084400089f9143e6cad89591e3e755e6c211d2e56
:1084500079ad82ec2e624ee32ead82ec2e604ee4be
:10846000e104ad89aa9a6012a29aad89aa9a610222
:1084700026e1a911610118f90604ff38d400ad8c7a
:10848000ab4169f16101a9412012fb36ff66027f11
:1084900080fb16fe4331a0092e29ad8aab23611360
:1084a00066027f80fd74f1016011a1816101200de0
:1084b000a981ad8a06812104a0090fad89e5100cc0
:1084c00001e50401073887003e05002e1bad81ec55
:1084d0001e624ee31ead81ec1e604ee4e005ad89e8
:1084e000aa9a6012a29aad89aa99610126e1a90906
:1084f00061011ff90604ff2e58a90aad8905590b21
:108500000069f161012047f90604ff2e44ad89a9f5
:108510001a754e25ad03fe032ea91a6212a11a2e5a
:108520002dad89a91a754e25ad03fe032ea91a6239
:1085300012a11a59015761012014ad89a91a5903d2
:1085400057ad04fe0423a91a6212a11a3e0400a921
:1085500001a48967187100e8a109a102a08ba901f3
:10856000fc5a1e4210fbf2280fffff4befe4f00114
:10857000a9017c2117a8097851a009a9017c31170c
:10858000a8097841a009a9017c4117a8097831a060
:1085900009a9017c612002a8896101a80aa909161c
:1085a000f80a80010df80ab601ec0305a8c8ff829d
:1085b000898a8967066080a009e302fbe2380fff21
:1085c000ffecee614ea80917ec02e0216702e00122
:1085d00067027ea67100a8a509a502ad09ab9206a7
:1085e000811205068112060681120706811208060d
:1085f0008112090681120aa482ad09bf927c8220f1
:1086000062ab9161012b56ad09e5100e102e48acfe
:10861000017551212306f806200ce10010ec01a49d
:108620000961012b2aad0ea8e9a8e4ac0bfb22e9f5
:1086300001ffff7f14a0e96101200dad09ab1a060f
:10864000890211a31a08f90601ff384e03ac01068e
:10865000810111a401ac0161012ab63e0100383a42
:1086600003bf917c91ad092062ab9161012b56ada6
:1086700009e5100e0e2e48ab817551212306f80630
:10868000200ce1000eec01a38961012b2aad0ea89c
:10869000e9a8e4ab8bfb220a02ffff7f14a0e9618b
:1086a00001200dad09ab1a0689020fa31a08f906bd
:1086b00001ff38e602ab810681010fa381ab816126
:1086c000012ab63e010038d202bf917ca1ad09203b
:1086d00062ab9161012b56ad09e5100e0c2e48ab33
:1086e000017551212306f806200ce1000cec01a3d2
:1086f0000961012b2aad0ea8e9a8e4ab0bfb222be4
:1087000002ffff7f14a0e96101200dad09ab1a063d
:1087100089020da31a08f90601ff387e02ab010693
:1087200081010da301ab0161012ab63e0100386a47
:1087300002bf917c2115f806000cf80601ec0161de
:1087400001205aac8161012b54e500120a2e48aa7f
:10875000817551212306f806200ce1000aec01a2e4
:108760008961012b2aad0ea8e9a8e4aa8bfb22a7f8
:1087700001ffff7f14a0e96101200dad09ab1a06ce
:1087800089020ba31a08f90601ff380e02aa810616
:1087900081010ba281aa8161012ab6ad09a91961e3
:1087a000012b26ad0ea96ba8e9a8e4ad027f14a0a9
:1087b000e96101200dad09ab1a06891205a31a085b
:1087c000f90601ff38d401ad09a99161012b56ad1d
:1087d00009e51006082e48aa017551212306f8065e
:1087e000200ce10008ec01a20961012b2aad0ea8c2
:1087f000e9a8e4aa0bfb22c801ffff7f14a0e961ee
:1088000001200dad09ab1a06890209a31a08f90661
:1088100001ff388601aa0106810109a201aa0161ae
:10882000012ab6ad09a99961012b26ad0ea9eba9c4
:1088300062a8e9a8e47f14a0e96101200dad09abad
:108840001a06891207a31a08f90601ff384c01ad70
:1088500009aa1161012b56ad09e51008062e48a999
:10886000817551212306f806200ce10006ec01a1d8
:108870008961012b2aad0ea8e9a8e4a98bfb22c8c7
:1088800001ffff7f14a0e96101200dad09ab1a06bd
:10889000890207a31a08f90601ff38fe00a981061c
:1088a000810107a181a98161012ab6ad09aa1961d7
:1088b000012b2aad0ea96206896207aa6ba8e9a856
:1088c000e47f14a0e96101200dad09ab1a068912fd
:1088d00009a31a08f90601ff38c000ad09aa916181
:1088e000012b55ad09e5100a042e47a90175512148
:1088f0002306f806200ce10004ec01a10961012b1c
:1089000029ad0ea8e9a8e4a90bfb22c801ffff7f4f
:1089100014a0e96101200dad09ab1a06890205a377
:108920001a0ff90601ff2e72a90106810105a101a6
:10893000a90161012ab7ad09bf917c212059ac8101
:1089400061012b53e50012022e47a88175512123a6
:1089500006f806200ce10002ec01a08961012b2938
:10896000ad0ea8e9a8e4a88bfb22a701ffff7f14a6
:10897000a0e96101200dad09ab1a06890203a31a13
:108980000ff90601ff2e13a88106810103a081a81b
:108990008161012ab73e0100a809a4893f661771c9
:1089a00000eca101a08ae50004012e12581e610e00
:1089b0001ef806002e13a8096211a009a809581e66
:1089c000450e0c21e9e301ec01a08167057100f07f
:1089d000a089a082a889581e610e201ca889068142
:1089e0000102760100022910fbe2c8390000f8ea12
:1089f0005004f806010cf80600ec01a009670460b9
:108a000080fbe2143b0000ecee610e2013fbe2144d
:108a10003b0000ecee7f1e610115f806010cf80624
:108a200000fbe2103b0000ece1a009670272006c61
:108a3000ffe70124c7028f710167a601ed0124e45d
:108a4000101759018f7551611059018f7551411dd2
:108a50003e04010c3e0400a90161012143ed012403
:108a6000ab1269f26102163e1c062e34ab11610195
:108a7000212059018f7551671059018f7551471d7c
:108a80003e04010c3e0400a9016101153e04010ce5
:108a90003e0400a901610117ed01243e1c01ed0215
:108aa0002471015605cb1000d7012ddd012d612168
:108ab0002122ed01249f9278829792ed0124ab123e
:108ac0000685120e2a05388e05ed0124e5110c0edf
:108ad0006725dd012d61012b2f660efc850e17ed3c
:108ae0000124bf922607789297920d78a29792ed73
:108af0000124ab120685120e2a05385a05ed012411
:108b0000e5110c0e672559018f7551611059018fc0
:108b10007551411d3e04010c3e0400a90161012074
:108b200032ed0124a912754e30fd202ea1125901fb
:108b30008f755161ed0124a9121d3e04780c3e048d
:108b400058a903fd2023a112ed0124a91a6222a134
:108b50001add012d6101210df9052c00f9052b000d
:108b600038da0459018f7551611059018f755141df
:108b70001d3e04010c3e0400a90161013aef0159b8
:108b8000018f7551611afb12401cffffa08909fb80
:108b900012511cffffa089e5000314ed0124ab1165
:108ba00069f16101153e04210aed0124ab11621146
:108bb000a101a901d7012cdd012c6221a489ad8975
:108bc000fd721100000000ed0124ec112608fdffec
:108bd000f1a0810ba081e5000217dd012b6041d7d8
:108be000012bae01f81400ae016211a60138870016
:108bf00075421c71015c05650f00fc950117a40905
:108c0000ac896071a48961012b0ead8906a1110e9a
:108c100011fc83e1a589ae016271a6013e82072e97
:108c200019ae017112ffa602ac0a64f2fbe6fffe68
:108c300001e2ac096a41a409ac0961012b10ac81c5
:108c40006011a481610127063e04010c3e0400a9c5
:108c500001610121ce2e0f7112ffa602fbe6ff6615
:108c60000ffe01efac816011a4816101ae0126e924
:108c70006271a601ac8961012b0e660efc850e1790
:108c800026063e04010c3e0400a90161013b63ff7e
:108c9000ae01710e6843e1a489710168a601dd018e
:108ca0002c068501132b07ac89d7012cdd012c6123
:108cb000012605389f00dd012c068501132812ddf1
:108cc000012cae02fec21e618e29063e04010c3e3e
:108cd0000400a9016101153e040f0c3e0400a90126
:108ce000c70143dd012ca38909dd012c6011d701e7
:108cf0002cab896011ae02a389fec21e450e432033
:108d0000ea59014361f1210eab89ae02fec21e6237
:108d10001efe021eab8969f161012018ae016011cf
:108d2000a601dd012c6211d7012cdd012b6241d798
:108d3000012bdd012ca3892e11ab89ae02fec21ed0
:108d4000ad03fec3eefe021eab896011a389610173
:108d500026e9ed0124ab1169f161013adf02dd0181
:108d60002c6011ed0224a32138d202ad89fd7211cd
:108d7000000000002609ad89fdfff1a589dd012b6a
:108d800076119775fd7c81a086016041d7012bddae
:108d9000012bfd9f1e610e2044663243127522fc9a
:108da000a30a66010681010dd7012b3e0e002e2578
:108db000ab097c012013fbe23c0fffffab81fe619e
:108dc000e1fc8d0117a589ab096a11a309ab81628a
:108dd00011a381ab0961012ad92e5361012b4ff9ef
:108de000020c0000803f5d012b7721fcff00d701c2
:108df0002bdd012ba3093e0e002e25ab097c0120a3
:108e000013fbe23c0fffffab81fe61e1fc8d010c27
:108e1000a301ab096a11a309ab816211a381ab095c
:108e200061012ad9ad89fc91010ca58959018f7581
:108e30005166ed0124ab111059028f7552461d3e4b
:108e400004010c3e0400a902610211dd022b62b292
:108e5000a1020c3e040706890104a28961b129051b
:108e60003e0b0aae01f81430ae016211a60138972c
:108e700000fc950117a209aa896081a28961012bd2
:108e800015ad8906a1110e09fc83e1fd723120bcec
:108e9000be4ca589ae016281a6013e0a082e2baa0e
:108ea0000966a205670d00e301a00ae40007e500da
:108eb0000108ae017112ffa602aa02712230fbe680
:108ec000fffe01e2e5000709aa0961012b10aa8152
:108ed0006011a281610127063e04010c3e0400a935
:108ee00001610121bc2e107112ffa602fbe6ff7585
:108ef0004f30fe01efaa816011a2816101ae01260f
:108f0000e86281a601aa8961012b0e660efc850e1e
:108f10001726063e04010c3e0400a90161013b53e3
:108f2000ffae01710e6843e1a289710168a601ddff
:108f3000012b6271d7012b2e16aa896011a289dd3f
:108f4000012b6011d7012bae016211a601ae0158b1
:108f50001e755e3020e559018f755166ed0124ab19
:108f6000111059028f7552461d3e04010c3e04003b
:108f7000a902610212dd022b6212a1022e23590204
:108f80008f7552651059028f7552451d3e04010cb4
:108f90003e0400a9026102153e04010c3e040006d5
:108fa000890104d7012cdd012c0685010b2b07aab2
:108fb00089d7012cdd012c61012605387f00dd01f8
:108fc0002c0685010b2813dd012cae02fec21e7596
:108fd0005e3529063e04010c3e0400a9016101151d
:108fe0003e04390c3e0430a9018689dd012ca1091b
:108ff00009dd012c6011d7012ca9096011ae02a175
:1090000009fec21e450e1b20eab689755139210e94
:10901000a909ae02fec21e621efe021ea90969f166
:1090200061012018ae016011a601dd012c6211d78b
:10903000012cdd012b6211d7012bdd052bdd042c6a
:10904000ae0359028fed01246040d305058a030069
:109050006240672567257ea6710088a709a702af31
:1090600009ab1169f1610110f802ffffff7f0eaf3c
:1090700009e1100ce40007af09ab9605860a004b26
:1090800016a1066601a08191819189a0819181af8d
:1090900009bf917c2118a9017551402406f80601e9
:1090a0000cf80600ec016101200c71012ca2013ebc
:1090b00004402e14a90105fbddffa201610118f98e
:1090c0000601ff38e3003e050038a500af015c1241
:1090d00071030871012405a00900a1816101272104
:1090e000af015c1e610e2111a9816011a18169f19e
:1090f000610115f806010cf80600ec01610115f894
:1091000006010cf80600ec01610117f90605ff2eb7
:1091100068a989068501062960af09a91906890190
:109120000606850104251aaf093e1e00aa02af09f2
:1091300005a2f4ffa1096101273faf093e1500af69
:1091400009a91906890108710224a9837f8faf0933
:10915000a91a06890206a11aaf015c1e610e201928
:10916000af016221a701a98906810106a189a98908
:1091700061012b053858ffa9096101210caa02af32
:10918000090551f4ffa109a909610119af093e1ea2
:10919000003e1500710e2c06850e0817aa0105f376
:1091a000daffe5000501a809a6893f661f7ea671c2
:1091b00000b8a409c702437552581afb125d03ff99
:1091c000ffa00909fb124c03ffffa009e5000109fc
:1091d00059014375516f1ef806082e245901437535
:1091e0005178200d59014375515815f806010cf8b6
:1091f0000600ec01610115f8060a0cf80610ec01f6
:10920000a1896bf1a201ac09a81aec11a182a109f4
:109210003e04185901437551641059014375516951
:109220001df806010cf80600ec016101200fac09e5
:10923000a81969f1610115f806010cf80600ec01a6
:10924000610120136601ef120681020506a10001eb
:1092500006a181a10aa90906950106610118ac09b8
:10926000ab11610115f806010cf80600ec01610173
:10927000201fa9066016a106aa04a98ba982a90924
:1092800005030900aa0afec21e710f2bfe0f6eaa6b
:1092900004a98ba982a9090517d9ffa182a1092eca
:1092a00035aa04a98ba982a9090505d9ffa08aa01e
:1092b00081a9016011a101a882068d0207a90b43b3
:1092c00023aa0afec23e710f2bfe0f1ea889a88298
:1092d000a181a10aa909069501066101200ca90135
:1092e00061012b06f806010cf80600ec0161012172
:1092f000b2a9896081069501086101210dac09bf01
:10930000917c3115f806010cf80600ec0161012092
:1093100025a901755117240ea901710e2bfece1e31
:10932000755e3015f806010cf80600ec01610115b8
:10933000f806010cf80600ec0161012011a901609a
:1093400011a101710e2b754f30fe0e1f75411806cd
:10935000810104ac0aa1a9ac09a99b71022b068961
:109360000204a9117f8fac09a99a0685120c281a4c
:10937000ac0aab2306812307a193ac09bf927722e5
:10938000efff0097923f6613ab1169f16101201165
:10939000ac09bf917521147551101df806010cf828
:1093a0000600ec016101201cac09ab92068112059c
:1093b0000681120606811207a10261022b06f80639
:1093c000010cf80600ec01610112a901ac0aa1a18f
:1093d0003f66133f66137100c8a309c70233a28b0f
:1093e000950cd5001e1405300800aa99c410279dbd
:1093f0000961012a0d3d8501fb12641cffffa28952
:10940000590133755166105901337551461d3e029d
:10941000010c3e0200a881610121475901337551b9
:1094200067105901337551471d3e02010c3e020081
:10943000a8816101200d9d017501fc29063e0201f4
:109440000c3e0200a88161012010ab099d02068537
:10945000120c28063e02010c3e0200a88161011593
:109460003e02010c3e0200a88161013aeb019d0120
:1094700062119501590133755166200d59013375fb
:109480005146153e02010c3e0200a88161012046b2
:10949000ab09bf917c31153e02000c3e0201a88150
:1094a00061012010ab099d0a0685120c28063e02b8
:1094b000010c3e0200a8816101179d09ab0aa3219e
:1094c000ab09ab1206410214a31269f2610216ab9a
:1094d000093e1c009d0161012b05389c00ab09a9c8
:1094e0009aa913754e30fe032ea99a6212a19aab67
:1094f00009ab1161012a09ab09bf917c31153e020c
:10950000010c3e0200a88161012014ab09a99aa9af
:1095100013590427fe0324a99a6212a19a660e0623
:10952000410e14ab0906851e0c2b0c6601ab0a0616
:1095300081210c9501660106410114ab0aa221ab01
:1095400009ab1206490214a312ab099d0a06851243
:109550000c2b08ab09ab119509ab0ca9410689414d
:10956000079d0baa8aa24b7f8fab09ab1206410263
:1095700015a29238d802ab0aa921068921079d0ab3
:1095800006450214aa8a28539d0b7f8fab09a99a1e
:1095900006490215a19a9d0106410115ab0aa221b7
:1095a000ab09ab1161012a09ab09bf917c31153eb2
:1095b00002010c3e0200a88161012016ab09a99aa4
:1095c000a911590327fe0123ab09aa1a6212a21a94
:1095d000ab09e5110c0a3875029d037f8fab09a911
:1095e0009a06490214a19a9d09064101149509abf6
:1095f00009ab1161012a09ab09bf917c31153e020b
:10960000010c3e0200a88161012014ab09a99aa9ae
:1096100013590427fe0324a99a6212a19aab099d4b
:109620000a0685120c2b08ab09ab119509ab0aa9e8
:109630002106892107aa8a064902149d0b7f8fab58
:1096400009a99a06490215a19aab09ab1206410273
:1096500015a21238f80159013375516710590133b9
:109660007551471d3e02010c3e0200a88161012098
:1096700058ab099d0a0685120c2819ab09bf917ccd
:1096800031153e02000c3e0201a8816101153e0227
:10969000010c3e0200a8816101179d09ab0aa321bc
:1096a000ab09ab126012a31269f2610216ab093e5c
:1096b0001c005901337551671d3e02650c3e024581
:1096c000a881c701332e1a5901337551611ff9045e
:1096d00033702e0d5901337551411df9043350aad1
:1096e00089581eab09a99aa913fe032ea99a6212e2
:1096f000a19aaa896211a289ab09ab1161012a0959
:10970000ab09bf917c31153e02010c3e0200a881dd
:1097100061012014ab09a99aa913590427fe032457
:10972000a99a6212a19aab09ab1161012b3a9d096a
:109730006011ab0aab2295099d0947212b08ab09a3
:10974000ab119509ab0aa921068921079d0baa8aad
:109750007f8fab09a99a06490215a19aab09ab12f2
:1097600006410215a212ab09a91206891207a28aa4
:10977000590133aa8ac321aa896211a2899d016174
:1097800001aa89270df8142baa896211a2892e1328
:10979000f8142daa896211a2896601064101149567
:1097a000013e06002e299d0166a205600400e3012a
:1097b000a00ae40004e5000105710e1da909a982b3
:1097c000fe0e21a9019501a9816211a1819d01616e
:1097d000012ad5a98161112a2059013375516510db
:1097e0005901337551451d3e02010c3e0200a8810e
:1097f0006101153e02010c3e0200a8816101200dad
:10980000aa89f81430aa896211a289a9816101216b
:1098100028aa89f81430aa896211a2892e1ba9816d
:109820006011aa8aa181710e1dfece1e71ee30c399
:109830002eaa896211a289a98161012ae3ab09a933
:109840001206891207aa8b4323a21bab09bf91758d
:109850002114755110212eab09a91a068912070689
:10986000891208068912090689120aa08aab09a87a
:109870008a0685120e280eab09ab9206810203a15f
:1098800092670e670e7100c0a389970aa30ba30409
:10989000e500110bab01ec1e610e3ba500e5000fce
:1098a00009ab896101211afbe2540fffffab09e00c
:1098b000e1d5e10202d5e103033e010038b401fb2a
:1098c000ee80ff0006e10c0e1d211459013aaa0a90
:1098d000c321aa096211a2093e08002e53bf09fd47
:1098e0007cc100f800aa0a211568617631c000c366
:1098f00021aa096211a2093e08012e3468c17631fd
:10990000e0007621ef00c321aa096211a2093e08f6
:10991000022e1daa026012bf0ba2026362fd602329
:1099200078737623bf00c313aa096211a209aa01a2
:109930006101aa092adf0681010fa009383401abb1
:1099400009c510061f3e06003e05003e0400ab8917
:1099500061013b1201fbe2540fffffab09e0e1d5cf
:10996000e10202d5e10303ab01ec1e5ce1762100cc
:109970000fa00938fd00aa89b78afe6211a0816193
:10998000011df806010cf80600ec016101210c052f
:10999000720100068501042a06f806010cf806008b
:1099a000ec016101210ea9096211a1097601f00ff4
:1099b0002906f806010cf80600ec016101210fa848
:1099c0008159023afed211918961011df806010cfc
:1099d000f80600ec0161012012fbe2c8390000f832
:1099e000e658f90601ff388a00b989fc5a111810a7
:1099f0008789b9897cf1200ebf09772100ff0055c6
:109a0000010e9709b9897cc1200dbf09fdc81268f4
:109a1000815712970ab9897cd12028b3816101a9a5
:109a200001ab8a16b98be3030dbf0be3035803feaa
:109a30000123a9016211a10161031c3e06013e053b
:109a400000b9897ce11ea981610115f806010cf8b5
:109a50000600ec016101200eb789ab0a90a9e50070
:109a600004012e0eb78961f12b053818ff3809ff64
:109a7000a809a28167107100e0a189930aa10bfbdc
:109a8000e25c3b0000ecee610e2013fbe25c3b006d
:109a900000ecee7f1e6101153e01010c3e0100fb52
:109aa000121c3b0000a089610116a98961011d3ebd
:109ab00001010c3e0100a809610116f806002e2ada
:109ac000fbe2f43b0000ecee610e2013fbe2f43b02
:109ad0000000ecee7f1e6101153e01010c3e01000d
:109ae000fb12b43b0000e301ec05a085a88ca90b98
:109af000bb0aa9896040e305398dfd6240a1016779
:109b0000086080fbe2183b0000ecee610e2013fbc6
:109b1000e2183b0000ecee7f1e610115f806010c17
:109b2000f80600fbe25f1e000058e1a00967026032
:109b300080fbe25c3b0000ecee610e2013fbe25c7c
:109b40003b0000ecee7f1e610115f806010cf806e3
:109b500000fb121c3b0000a009670260c0a081a0ae
:109b60000aa88105eb00009009b809df11670360be
:109b7000c0a081a00aa881050803009009b809dfe8
:109b8000116703fd7cc40000ff202b66057df422d5
:109b90000e4742250a62156c137e5426f64331fcab
:109ba000034222094b31fc0b427fb068147e4360b4
:109bb0001526ec02610420106d04fd903557546d9c
:109bc000037545102ec9fd7cc30000ff12ef3466fb
:109bd000037545202eb961021e6101212302ef2485
:109be000ef15fc27344f3443426d0269055725efca
:109bf00052fc27354f3543526d025f115721ef124a
:109c0000fc27324f324321660202ef13fc23214f1f
:109c1000124323ef32026040fb12603b0000e3017d
:109c200067016080fbe2f43b0000ecee610e201364
:109c3000fbe2f43b0000ecee7f1e610115f806012b
:109c40000cf80600fb12b43b0000a009670271008b
:109c5000dca201a18ae5000805a909b819fc5a117e
:109c6000192092099a097551ff212ea909754e7f75
:109c700006e10c1e0118a9095c1e610e153e0101ca
:109c80000c3e0100a8096101153e01020c3e0101d4
:109c9000a809910938e3019a0961012114a909056c
:109ca0007a020092099a0961012b063e01010c3edd
:109cb0000100a8096101173d050038bd01a98961ae
:109cc000012b13754eff06410e0906850e072a0665
:109cd0003e01010c3e0100a80961012023a909b839
:109ce000197cf1fbe2283c0000ece1aa0217fdff21
:109cf000f1e3010be301e0023d0501387c01660e52
:109d000006410e0906850e07a909281fa90ab82ac7
:109d100077227f8000a98b064903096c7357329024
:109d20001af90905ffff385101b8197721008000a1
:109d30009201a909b81a78725b22901a9a090689c9
:109d400001076011a189a9897501e82908a989611c
:109d50000127063e01010c3e0100a8096101201304
:109d60009a01a90a9029a909f815003d05003809aa
:109d700001a98991893d060099897501f02a29b9bf
:109d8000816101a9095c11153e01010c3e0100062b
:109d90009501019181a909d11101a9093d110099ec
:109da000897111109189660106410107918999898c
:109db00061012044a9095c11754e1006410e07fd92
:109dc00062e1b9826102153e01010c3e0100069577
:109dd00001019181a9095c1e998afd602e754f10c1
:109de000432fb81afd62f2572ed31ea909b81a994b
:109df0008bfd6032901aa909981a06550208901a2c
:109e0000b98177010080002a1eb9817701008000a6
:109e1000210da9095c1e7c0e153e01010c3e0100be
:109e2000a8096101153e01010c3e0100a80961016c
:109e30002013a909dc1e621ed31e5c1e610e1d3e8e
:109e400001010c3e0100a8096101a909b81a1762b5
:109e500012901a2e1f06c50208210da9095c1e6169
:109e60000e1d3e01010c3e0100a8096101153d05d2
:109e7000000ef90905ffffd500050d9b0967097163
:109e800000e8a109a102a082a881b819fc5a111901
:109e900020908998897551ff2132a909f81500a8e9
:109ea00081754e7f06e10c1e0118a8815c1e610eb3
:109eb00015f806010cf80600ec01610115f8060220
:109ec0000cf80601ec0190812e49988961012a1055
:109ed000a881054700009089988961012a06f80643
:109ee000010cf80600ec0161012020a881b81a7667
:109ef00032003f77227fbf00901a9889711182a9a2
:109f00000ad321f90902ffff09a909f815003d024a
:109f100000d5000207998967067100f0a089b81979
:109f2000772100800090893d0401a889b81a752224
:109f30007f901a610218a8895c1e610e15f806014f
:109f40000cf80600ec0161012070a889b8196101c4
:109f50002131a889d41101a889f81500990171113e
:109f6000f091012e1ea889b81a6c125c1e68fe576b
:109f7000e2901aa889dc1e6c1ed31e990160119113
:109f800001a889b81975518029dd2e1ea88a5c2e7a
:109f9000681e982a6cf2572ed31ea889b81a681228
:109fa000901a990162119101a889b81a7552ff2a75
:109fb000ddb81a75227f901aa889981a06550203ef
:109fc000901ad5000405b909df116704604005c186
:109fd000b0fffb12bc16ffff05a6abff0525abffcc
:109fe00039740005fc98ff0568a0ff05a9a2ff05cc
:109ff0000985ff05368eff6664fb32bd1d0000fb40
:10a0000022b71d0000fb122c390000055099ff05f6
:10a01000e298ff611121146040fbe2241cffffe382
:10a020000e05ee98ff62402e166040fbe22c1cffee
:10a03000ffe30e05dc98ff62400c3d0100054985f9
:10a04000ff05948fff980962119009b8097551c8ee
:10a0500020ea2eeb6602fb1a030e05dda8ff66322e
:10a06000fb1a030e05eea6fffb1a030e052ba9ff34
:10a07000611121216612fb1a020a05bda8ff6602c2
:10a08000fb1a020a05cea6ff6612fb1a020a05d9c0
:10a09000a8ff02027fb82e00fbee84e07ff8e90102
:10a0a000aafbee84e07ff9e90201550260403c0220
:10a0b00001fbe2f0390000eceef8e4b3fb1e10e027
:10a0c0007faf11fc5a1e1104611e21f2fbee10e05d
:10a0d0007f58eefc5aee1c04610e143c0200c500d1
:10a0e0000203b089670160803c0601fbee10e07f4f
:10a0f0005dee587c0e2031fb1e10e07faf11fc5a44
:10a100001e1404610e2111fb1e10e07faf11fc5ada
:10a110001e1304610e15f806010cf80600ec01612f
:10a120000115f806010cf80600ec016101163c0669
:10a13000002e43fbee10e07f5dee587c1e2031fbcd
:10a140001e10e07faf11fc5a1e1404610e2111fb9a
:10a150001e10e07faf11fc5a1e1304610e15f806a5
:10a16000010cf80600ec01610115f806010cf80677
:10a17000003c0600fb1e10e07faf11fc5a1e1204cb
:10a18000611e2118fbee10e07f58eefc5aee190418
:10a19000611e18fbee10e07ff0effb1e10e07fafba
:10a1a00011fc5a1e1a04611e1e3903ff8181c5006d
:10a1b0000607b189670260403c02012e18fbe2509d
:10a1c000390000ecef71f5ffe3e5610f1f39dffea9
:10a1d0003c0200fb1e10e07faf11fc5a1e1104610f
:10a1e0001e21dcb08161112116fbee10e07f58eedc
:10a1f000fc5aee1c04610e1639eefe8081c5000289
:10a2000003b0896701fbee10e07f58eefc5aee19af
:10a2100004611e18fbee10e07ff0ef397dfe398ef1
:10a22000fefbee10e07ff9e93a00aafbee10e07fba
:10a230005dee3a610e21f60260403c0201fbe25005
:10a24000390000f8ea8025396fff8081fbee84e059
:10a250007ff8e900aafbee84e07f5cee610e21f757
:10a26000c5000203b089670160c0a0813c0500e120
:10a2700000027fb83c06002e1ab181fbe2000aff03
:10a28000fffe61ee06840e1c3c0501b18162118166
:10a2900081b18175512623e3b10961013aa200ec35
:10a2a00001fbe2000affff0685e11e2310fbe250de
:10a2b000390000f8e20074b7012e0efbe2503900bd
:10a2c00000f8e200d0dd0639d1fdfbee30e07ff989
:10a2d000e55801fbee30e07fe00efbe2f0390000d4
:10a2e000eceef8e420fbe2f0390000eceef8e4d00c
:10a2f00039c6fe8109fbee30e07f5dee2a611e214a
:10a300002aec01fbe2000affff0685e11e2410fb98
:10a31000e250390000f8e200d0dd062e0efbe250dc
:10a32000390000f8e20074b701b10961011c39d7a6
:10a33000fe3907ff8109b10961011c39cafe7fa8f6
:10a34000c5000507b18967037100e4a181a10aa1d5
:10a35000033c0e01e50006023e01007fb8a9096139
:10a36000011f3c0e00381b01a881fbe2000affff21
:10a370000684e12310a881fbe2000affff0685e1c5
:10a38000252506f806010cf80600ec016101173cd2
:10a390000e0038ee00b2016101173c0e0038e300f8
:10a3a000a90175518123083c0e0038d60039ebfc19
:10a3b000fbe250390000f8ee00f915fbee30e07fcb
:10a3c000e10e02fbe2f0390000eceef8e4e8fbe21b
:10a3d000f0390000eceef8e4803e01002e18a809e8
:10a3e000a90afe512efbf2601f0000fe11fea80913
:10a3f0006211a009a8090685010423e4e50004010f
:10a400002e16a809fbe2601f0000fbf6fffe11ef0d
:10a41000a8096211a009a80975518023e73e01002f
:10a420002e28fbf2601f0000a809fe51ffd3effbae
:10a43000ee30e07fedee14fc5aee1604611e20f1c2
:10a44000ed0e01621ee70e01ed0e01755e80fbe26e
:10a45000f0390000ecee23ccf8e4d0395bfd8381c9
:10a46000fbe250390000f8ee00f915b38161011ce0
:10a470003995fd39c5fd8381b38161011c3988fda2
:10a480007fa8c5000e0fb38967077100e8a109a175
:10a4900002a08b3c0901e5000501a90161011e3cf8
:10a4a00009002e71a809fbe2000affff0684e123e0
:10a4b00010a809fbe2000affff0685e1252506f842
:10a4c00006010cf80600ec016101163c09002e455e
:10a4d000b1016101163c09002e3ba8897551812309
:10a4e000073c09002e2ffbee84e07ff8e900aa3c30
:10a4f0000a002e19b281ef1e06890e014b1edceefa
:10a50000a902fe112eb28162118281b281068501fb
:10a510000323e3c500090bb2896706fb1e0000f0a8
:10a520003948fdfb1e0080f03940fdfb1e0000f1a4
:10a530003938fdfb1e0080f13930fdfb1e0000f2b2
:10a540003928fdfb1e0080f23920fdfb1e0000f3c0
:10a550003918fdfb1e0080f33910fdfb1e0000f4ce
:10a560003908fdfb1e0080f43900fdfb1e0000f5dc
:10a5700039f8fcfb1e0080f539f0fcfb1e0000f6ec
:10a5800039e8fcfb1e0080f639e0fcfb1e0000f7fa
:10a5900039d8fcfb1e0080f739d0fcfb1e0000f808
:10a5a00039c8fcfb1e0080f839c0fcfb1e0000f916
:10a5b00039b8fcfb1e0080f939b0fcfb1e0000fa24
:10a5c00039a8fcfb1e0080fa39a0fcfb1e0000fb32
:10a5d0003998fcfb1e0080fb3990fcfb1e0000fc40
:10a5e0003988fcfb1e0080fc3980fcfb1e0000fd4e
:10a5f0003978fcfb1e0080fd3970fcfb1e0000fe5c
:10a600003968fcfb1e0080fe3960fcfb1e00211037
:10a6100005c801fffb1ec07f1005bf01fffb1ec068
:10a62000011005b601ff02ffffffffffffffffff65
:10a63000ffffffffffffffffffffffffffffffff2a
:10a64000ffffffffffffffffffffffffffffffff1a
:10a65000ffffffffffffffffffffffffffffffff0a
:10a66000fffffffffffffffffffffffffffffffffa
:10a67000ffffffffffffffffffffffffffffffffea
:10ff80007f1cffff7f1cffff7f1cffff7f1cffff0d
:10ff90007f1cffff7f1cffff7f1cffff7f1cfffffd
:10ffa0007f1cffff7f1cffff7f1cffff7f1cffffed
:10ffb0007f1cffff7f1cffff7f1cffff7f1cffffdd
:10ffc0007f1cffff7f1cffff7f1cffff7f1cffffcd
:10ffd000751cffff771cffff7f1cffff791cffffd5
:10ffe0007f1cffff7b1cffff7f1cffff7f1cffffb1
:10fff0007f1cffff7f1cffff7d1cffff8000ffffba
:00000001ff
