:10000000eba9b09dd37ef427cb2f9614e12a8ba7c2
:10001000a259e503bb1b6b44273dfdbc6f1b7bf95d
:10002000b7eb7bbfea432fe13ed4544ca3650cc130
:10003000d2aa1d1c36bbff0ef32b052e1c7c9dbccb
:1000400031e455cf9343ade7352345c2a45b6c70d3
:10005000a7d2a79a58b4eba19a3ab5d0a314151f0a
:1000600090346873158d3a56b05b224ae63059e6f3
:100070009492b4c219287694b1dfb4d353281e1acf
:10008000a4c3c6b25d0e4d9af94c4e07af38553930
:10009000c6a14d9dd605f01941e72d45827431c5a5
:1000a000b14675675a9a933da1a4d3633f9950a076
:1000b0003d05b35f12caa4a7e6c8af6a3c35662700
:1000c000b6e14d65294a2b669898f762ec01c5d0d8
:1000d000c42df2f46b16800d3a7242131d6c86da51
:1000e000fd634c4ad908350e13ba599cc009bcae01
:1000f000442998b44681440c12ba43dd4ae23d5784
:10010000f61a3e8277e205c84359531533dbdc45c6
:10011000fcaa85bdc273997e907ea81c6cfb84cd21
:100120007c332451d672ec1f2fc8f2c36f40175f87
:1001300029df155a8646f018b2f653fe90dc4510ba
:100140004761c148b6603fde973424f9b4deb2c5da
:10015000a760b8a73c8f478b1475d14920ecd8e82d
:10016000a3a4c969cac0acae75fd80d22a0cb3760f
:100170004ce4f99f96a10f2e9dd130e567ecb45663
:1001800067ecb45667ecb45667ecb45667ecb456fb
:1001900067ecb45667ecb45667ecb45667ecb456eb
:1001a00067ecb45667ecb45667ecb45667ecb456db
:1001b00067ecb45667ecb45667ecb45667ecb456cb
:1001c00067ecb45667ecb45667ecb45667ecb456bb
:1001d00067ecb45667ecb45667ecb45667ecb456ab
:1001e00067ecb45667ecb45667ecb45667ecb4569b
:1001f00067ecb45667ecb45667ecb45667ecb4568b
:1002000067ecb45667ecb45667ecb45667ecb4567a
:1002100067ecb45667ecb45667ecb45667ecb4566a
:1002200067ecb45667ecb45667ecb45667ecb4565a
:1002300067ecb45667ecb45667ecb45667ecb4564a
:1002400067ecb45667ecb45667ecb45667ecb4563a
:1002500067ecb45667ecb45667ecb45667ecb4562a
:1002600067ecb45667ecb45667ecb45667ecb4561a
:1002700067ecb45667ecb45667ecb45667ecb4560a
:1002800067ecb45667ecb45667ecb45667ecb456fa
:1002900067ecb45667ecb45667ecb45667ecb456ea
:1002a00067ecb45667ecb45667ecb45667ecb456da
:1002b00067ecb45667ecb45667ecb45667ecb456ca
:1002c00067ecb45667ecb45667ecb45667ecb456ba
:1002d00067ecb45667ecb45667ecb45667ecb456aa
:1002e00067ecb45667ecb45667ecb45667ecb4569a
:1002f00067ecb45667ecb45667ecb45667ecb4568a
:1003000067ecb45667ecb45667ecb45667ecb45679
:1003100067ecb45667ecb45667ecb45667ecb45669
:1003200067ecb45667ecb45667ecb45667ecb45659
:1003300067ecb45667ecb45667ecb45667ecb45649
:1003400067ecb45667ecb45667ecb45667ecb45639
:1003500067ecb45667ecb45667ecb45667ecb45629
:1003600067ecb45667ecb45667ecb45667ecb45619
:1003700067ecb45667ecb45667ecb45667ecb45609
:1003800067ecb45667ecb45667ecb45667ecb456f9
:1003900067ecb45667ecb45667ecb45667ecb456e9
:1003a00067ecb45667ecb45667ecb45667ecb456d9
:1003b00067ecb45667ecb45667ecb45667ecb456c9
:1003c00067ecb45667ecb45667ecb45667ecb456b9
:1003d00067ecb45667ecb45667ecb45667ecb456a9
:1003e00067ecb45667ecb45667ecb45667ecb45699
:1003f00067ecb45667ecb45667ecb45667ecb45689
:10040000d338f0ffd338f0ffd338f0ffd338f0ff04
:10041000d338f0ffd338f0ffd338f0ffd338f0fff4
:10042000d338f0ffd338f0ffd338f0ffd338f0ffe4
:10043000d338f0ffd338f0ffd338f0ffd338f0ffd4
:10044000d338f0ffd338f0ffd338f0ffd338f0ffc4
:100450007938f0ff8b38f0ffd338f0ff9d38f0ff8c
:10046000d338f0ffaf38f0ffd338f0ffd338f0ffc8
:10047000d338f0ffd338f0ffc138f0ff8004f0ff2d
:10048000fd730208100000fd730a10130000fbe268
:100490000004f0fffd68edfbe29812f0fffd68ec50
:1004a000fbea0001fd68e30518eb000574fc006140
:1004b000011d05feed0005b86f01fbee000001fd1a
:1004c00068e005f66f01000203ffffff883f3f7ff2
:1004d000077fffff7fff7b0f07ee00070000000094
:1004e000000000000000000000000000000000000c
:1004f00003ffffff883f3f7f077fffff7fff7b0feb
:1005000007ee000703ffff3f0000007f077fffffac
:100510007fff7b0f07000007000000000000007e47
:10052000023f0020000800000000000000070e0944
:100530001c1b1215383f363124232a2d70777e7903
:100540006c6b6265484f464154535a5de0e7eee9f3
:10055000fcfbf2f5d8dfd6d1c4c3cacd90979e99e3
:100560008c8b8285a8afa6a1b4b3babdc7c0c9ced3
:10057000dbdcd5d2fff8f1f6e3e4edeab7b0b9bec3
:10058000abaca5a28f88818693949d9a2720292eb3
:100590003b3c35321f18111603040d0a5750595ea3
:1005a0004b4c45426f68616673747d7a898e878093
:1005b00095929b9cb1b6bfb8adaaa3a4f9fef7f083
:1005c000e5e2ebecc1c6cfc8dddad3d4696e676073
:1005d00075727b7c51565f584d4a4344191e171063
:1005e00005020b0c21262f283d3a33344e49404753
:1005f00052555c5b7671787f6a6d64633e39303743
:1006000022252c2b0601080f1a1d1413aea9a0a732
:10061000b2b5bcbb9691989f8a8d8483ded9d0d722
:10062000c2c5cccbe6e1e8effafdf4f3001d3a27b2
:1006300074694e53e8f5d2cf9c81a6bbcdd0f7eac2
:10064000b9a4839e25381f02514c6b76879abda0b2
:10065000f3eec9d46f7255481b06213c4a57706da2
:100660003e230419a2bf9885d6cbecf1130e293492
:10067000677a5d40fbe6c1dc8f92b5a8dec3e4f982
:10068000aab7908d362b0c11425f78659489aeb372
:10069000e0fddac77c61465b0815322f5944637e62
:1006a0002d30170ab1ac8b96c5d8ffe2263b1c0152
:1006b000524f6875ced3f4e9baa7809debf6d1cc42
:1006c0009f82a5b8031e3924776a4d50a1bc9b8632
:1006d000d5c8eff24954736e3d20071a6c71564b22
:1006e0001805223f8499bea3f0edcad735280f1212
:1006f000415c7b66ddc0e7faa9b4938ef8e5c2df02
:100700008c91b6ab100d2a3764795e43b2af8895f1
:10071000c6dbfce15a47607d2e3314097f624558e1
:100720000b16312c978aadb0e3fed9c4010002004c
:1007300008000000c1c081c1400101c3c0038002a4
:1007400041c201c6c006800741c70005c1c581c4ba
:10075000400401ccc00c800d41cd000fc1cf81ce33
:10076000400e000ac1ca81cb400b01c9c0098008f4
:1007700041c801d8c018801941d9001bc1db81dafa
:10078000401a001ec1de81df401f01ddc01d801c3c
:1007900041dc0014c1d481d5401501d7c0178016a3
:1007a00041d601d2c012801341d30011c1d181d0f2
:1007b000401001f0c030803141f10033c1f381f2cb
:1007c00040320036c1f681f7403701f5c03580343c
:1007d00041f4003cc1fc81fd403d01ffc03f803e33
:1007e00041fe01fac03a803b41fb0039c1f981f872
:1007f00040380028c1e881e9402901ebc02b802a5c
:1008000041ea01eec02e802f41ef002dc1ed81ecb9
:10081000402c01e4c024802541e50027c1e781e6a2
:1008200040260022c1e281e3402301e1c021802073
:1008300041e001a0c060806141a10063c1a381a229
:1008400040620066c1a681a7406701a5c0658064bb
:1008500041a4006cc1ac81ad406d01afc06f806e32
:1008600041ae01aac06a806b41ab0069c1a981a8f1
:1008700040680078c1b881b9407901bbc07b807afb
:1008800041ba01bec07e807f41bf007dc1bd81bc39
:10089000407c01b4c074807541b50077c1b781b6a2
:1008a00040760072c1b281b3407301b1c0718070f3
:1008b00041b00050c190819140510193c05380528a
:1008c00041920196c056805741970055c195819439
:1008d0004054019cc05c805d419d005fc19f819e32
:1008e000405e005ac19a819b405b0199c059805873
:1008f00041980188c04880494189004bc18b818a59
:10090000404a004ec18e818f404f018dc04d804cba
:10091000418c0044c184818540450187c0478046a1
:1009200041860182c042804341830041c181818070
:10093000404064006400640064006400640064007b
:100940006400640063006300630062006200620090
:100950006100600060005f005d005c005b005900aa
:100960005700540051004f004b0048004400400025
:100970003c00380034002f002b00260022001e000f
:100980001a00160012000f000c00090007000500f5
:100990000300020001000100010002000300040046
:1009a000060009000b000e001200150019001d00c2
:1009b000210026002a002f00330037003c004000b1
:1009c000440048004b004e005100540056005900ae
:1009d0005a005c005d005e005f0060006100610025
:1009e00062006200630063006300640064006400ee
:1009f00064006400640064006400640064006400d7
:100a000064006400640064006400640064006400c6
:100a100064006400640064006400640064006400b6
:100a200064006400640064006400640064006400a6
:100a30006400640064006400640064006400630097
:100a40006300630062006200620061006000600099
:100a50005f005d005c005b005900570054005100ce
:100a60004f004b004800440040003c003800340078
:100a70002f002b00260022001e001a001600120074
:100a80000f000c0009000700050003000200010030
:100a900001000100020003000400060009000b0031
:100aa0000e001200150019001d00210026002a006a
:100ab0002f00330037003c004000440048004b004a
:100ac0004e0051005400560059005a005c005d0071
:100ad0005e005f0060006100610062006200630010
:100ae00063006300640064006400640064006400e8
:100af00064006400c804f0ff2c07f0fff40af0ff64
:100b0000dc28f0ffdc28f0ffdc28f0ff1029f0ffe4
:100b1000080000005c12f0ff8012f0ff9812f0ff56
:100b20009816f0ff9812f0ffcfbc0b0053cb0b00d0
:100b3000fcd90b00c8e80b00baf70b00d2060c007a
:100b400010160c0074250c0001350c00b5440c0087
:100b500091540c0097640c00c7740c0021850c00a4
:100b6000a7950c0058a60c0036b70c0041c80c0025
:100b70007ad90c00e1ea0c0078fc0c003f0e0d0065
:100b800038200d0061320d00be440d00e1cb0e0097
:100b9000fae20e005cfa0e0007120f00fd290f00aa
:100ba00041420f00d25a0f00b3730f00e58c0f00c3
:100bb0006aa60f0043c00f0072da0f00f8f40f00ae
:100bc000d80f1000132b1000ab461000a2621000cb
:100bd0001c000000000000000000000000000000f9
:100be0000100000001000000000000000100000002
:100bf00001000000090000000000000009000000e2
:100c000001000000040000000000000004000000db
:100c100001000000050000000000000005000000c9
:100c200001000000060000000000000006000000b7
:100c300001000000030000000000000003000000ad
:100c40000100000007000000000000000700000095
:100c50000100000008000000000000000800000083
:100c6000010000000a000000000000000a0000006f
:100c7000010000000200000000000000020000006f
:100c8000010000000b000000000000000b0000004d
:100c9000010000000c000000000000000c0000003b
:100ca000010000000d000000000000000d00000029
:100cb0000100000020900800229008002092080007
:100cc000229208002094080022940800249408002e
:100cd000269408002c9408002e94080036940800ee
:100ce0000000000000000000010000000200000001
:100cf00004000000080000001000000020000000b8
:100d00004000000080000000000100000002000020
:100d10000004000000080000001000000020000097
:100d20000040000000800000000001000000020000
:100d30000000040000000800000010000000200077
:100d400000004000000080000000000100000002e0
:100d50000000000400000008000000100000002057
:100d60000000004000000080000209004020080050
:100d700080200800c0200800002108004021080051
:100d800080210800c02108000000f0ff0080f0ff73
:100d90000000f1ff0080f1ff0000f2ff0080f2ff91
:100da0000000f3ff0080f3ff0000f4ff0080f4ff79
:100db0000000f5ff0080f5ff0000f6ff0080f6ff61
:100dc0000000f7ff0080f7ff0000f8ff0080f8ff49
:100dd0000000f9ff0080f9ff0000faff0080faff31
:100de0000000fbff0080fbff0000fcff0080fcff19
:100df0000000fdff0080fdff0000feff0080feff01
:100e00000000ffff0020ffff0040ffff0060ffff2a
:100e10000080ffff00a0ffff00c0ffff00e0ffff1a
:100e200000000000000080000000000100008001c0
:100e30000000000200008002000000030000000427
:100e40000000000500fef6fffffef6ff00fff6ffc4
:100e5000fffff6ff0000000003836bf2f7703be139
:100e6000f4f350131f979ac71c14f135e8e7a12635
:100e7000eb64cad4cf58d98accdbb2783828e26b7d
:100e80003bab8999d0cf434dd34c28bf27bf78ac1b
:100e9000243c135e6fc75e106c4435e298b765f171
:100ea0009b340e037050c4d773d3af258720ff3611
:100eb00084a394c4a09f879aa31cec6857efbc7bc3
:100ec000546cd789bf081d5dbc8b76af487826bcb3
:100ed0004bfb4d4ede8ebd20dd0dd6d229fe86c1e8
:100ee0002a7ded33c11927e7c29a4c1536691c06d5
:100ef00035ea77f411d664aa12550f58e6a65f4b6f
:100f0000e52534b90e41fe6d0dc2959ff931c58cb2
:100f1000fab2ae7eb149e330b2ca88c24639d8d1fe
:100f200045bab323aede79f7ad5d120559ae421670
:100f30005a2d29e47e113aba7d9251488961015bac
:100f40008ae26aa96186a07d6205cb8f96f69b9c9a
:100f50009575f06ebc1d7b41bf9e10b34b6d40a0dc
:100f600048ee2b52a38ae186a0098a7454fada6704
:100f70005779b1957345a2cb70c6c9398435992a82
:100f800087b6f2d86cd2380c6f5153fe9ba203ed9a
:100f90009821681fd3da2551d0594ea324aa1eb038
:100fa00027297542cc4dbf96cfced4643b3d847784
:100fb00038beef851c82fcdb1f019729ebf2c73a94
:100fc000e871acc80315661c00960deef4655dfd76
:100fd000f7e6360f6293c6616110ad9395e3fd802d
:100fe000966096727d045ca67e8737548a74674744
:100ff00089f70cb5adcb1febae4874195abb240a68
:1010000059384ff8b25c852cb1dfeede452cbecdf1
:1010100046afd53f0d5498710ed7f383fa24a390b1
:10102000f9a7c86212c302b611406944e5b3395743
:10103000e63052a5c20c41fbc18f2a09357c7a1ad1
:1010400036ff11e8dd9bdb3cde18b0ce2aebe0dd9d
:1010500029688b2f783bf6827bb89d708f4bcd63d0
:101060008cc8a69167ac6c45642f07b790dc57a479
:10107000935f3c56b7632f08b4e044fa401314e979
:1010800043907f1ba8f4b5cfab77de3d5f848e2ef7
:101090005c07e5dc17fca892147fc360e08c9373b7
:1010a000e30ff881086b32550be859a7ff1b09b411
:1010b000fc986246d8a47118db271aea2fd44af9a3
:1010c0002c57210bc733ebdfc4b0802d3043d03e0b
:1010d00033c0bbcca6b54ba2a536205051c570433a
:1010e00052461bb1b922d165baa1ba974e52ea84d1
:1010f0004dd1817669ed92286a6ef9da9e9da9c973
:101100009d1ec23b767a08ef75f9631d810a330e86
:10111000828958fcc97215b2caf17e403e022e5334
:101120003d8145a1d6e58f75d566e4872195b494b8
:101130002216df66062acc3805a9a7caf15af7d9c4
:10114000f2d99c2b19bd56ff1a3e3d0deecd6d1efa
:10115000ed4e06ecc4268dc3c7a5e6313356b62244
:1011600030d5ddd0dbb11704d8327cf62cc12ce5ac
:101170002f4247170b7e544908fd3fbbfc0e6fa85a
:10118000ff8d045a14e9ce8e176aa57ce399f56f9a
:10119000e01a9e9dabe1d3d3a862b8215c91e832fe
:1011a0005f1283c0b4764914b7f522e6430672f5a0
:1011b0004085190764b90a59673a61ab93c931b8d8
:1011c000904a5a4a7b2e909e78adfb6c8c5eab7f2a
:1011d0008fddc08d1aa830e3192b5b11edd80b02ff
:1011e000ee5b60f0053faa2406bcc1d6f24f91c564
:1011f000f1ccfa37d5f0e969d673829b2280d28888
:101200002103b97aca6773aec9e4185c3d17484f29
:101210003e9423bd756f6ef376ec0501821f551267
:10122000819c3ee06af8f434697b9fc69d88cfd5e7
:101230009e0ba427ba37b779b9b4dc8b4d478c988d
:101240004ec4e76aa5a02dbea623464c52d0165f19
:1012500051537dad640000007d0000009816f0ff42
:101260005819f0ffe4e10000ba28f0ffda28f0ff97
:1012700082af00005819f0ffba28f0ffe8500000d4
:10128000a4af0000e4e100004a60000082af00006b
:10129000cc220000e8500000e538f0ff000000001c
:1012a000000000000000000000000000000000003e
:1012b000000000000000000000000000000000002e
:1012c000000000000000000000000000000000001e
:1012d0000000000000000000e938f0ff00000000fe
:1012e000fb38f0ff00000000000000000d39f0ffa7
:1012f000000000001f39f0ff0000000000000000a7
:101300003139f0ff4339f0ff5539f0ff6739f0ff0d
:101310007939f0ff8b39f0ff000000000000000079
:101320009d39f0ffaf39f0ff000000000000000021
:10133000c139f0ffd339f0ff0000000000000000c9
:10134000000000000000000000000000000000009d
:10135000000000000000000000000000000000008d
:101360000000000000000000e539f0fff739f0ff51
:10137000000000000000000000000000000000006d
:101380000000000000000000093af0ff1b3af0ffe7
:1013900000000000000000002d3af0ff3f3af0ff8f
:1013a000513af0ff633af0ff753af0ff873af0ffe9
:1013b000993af0ffab3af0ffbd3af0ffcf3af0ffb9
:1013c000e13af0fff33af0ff053bf0ff173bf0ff87
:1013d000293bf0ff3b3bf0ff000000000000000055
:1013e00000000000000000004d3bf0ff5f3bf0fffd
:1013f000713bf0ff7f3bf0ff813bf0ff933bf0ff41
:10140000a53bf0ff0000000000000000000000000d
:1014100000000000b73bf0ffc93bf0ff00000000f8
:101420000000000000000000db3bf0ffed3bf0ffa0
:10143000ff3bf0ff113cf0ff000000000000000047
:10144000233cf0ff0000000000000000000000004e
:10145000313cf0ff433cf0ff553cf0ff0000000042
:10146000673cf0ff793cf0ff8b3cf0ff9d3cf0ffc8
:101470000000000000000000af3cf0ffbd3cf0ffaa
:10148000cf3cf0ffdd3cf0ffef3cf0ff013df0ff13
:101490000000000000000000133df0ff253df0ffbc
:1014a000373df0ff00000000493df0ff5b3df0ffdd
:1014b0006d3df0ff000000007f3df0ff913df0ff2b
:1014c000a33df0ff0000000000000000000000004d
:1014d000000000000000000000000000000000000c
:1014e000b53df0ffc73df0ffd93df0ffeb3df0ff0c
:1014f000fd3df0ff0f3ef0ff213ef0ff333ef0ffd9
:10150000453ef0ff573ef0ff693ef0ff7b3ef0ffa7
:101510008d3ef0ff9f3ef0ffb13ef0ffc33ef0ff77
:10152000d53ef0ffe73ef0fff93ef0ff0b3ff0ff46
:101530001d3ff0ff2f3ff0ff413ff0ff533ff0ff13
:10154000653ff0ff733ff0ff853ff0ff973ff0ffef
:10155000a53ff0ffb73ff0ffc93ff0ffdb3ff0ffd3
:10156000ed3ff0ffff3ff0ff1140f0ff2340f0ffa1
:101570003540f0ff4740f0ff5940f0ff6b40f0ff6f
:10158000000000000000000000000000000000005b
:10159000000000000000000000000000000000004b
:1015a000000000000000000000000000000000003b
:1015b000000000000000000000000000000000002b
:1015c000000000000000000000000000000000001b
:1015d00000000000000000007d40f0ff8f40f0ffa1
:1015e000a140f0ffb340f0ffc540f0ffd740f0ff4f
:1015f000e940f0fffb40f0ff0d41f0ff1f41f0ff1d
:101600003141f0ff4341f0ff5541f0ff6741f0ffea
:101610007941f0ff8b41f0ff9d41f0ffaf41f0ffba
:10162000c141f0ffd341f0ffe541f0fff741f0ff8a
:101630000942f0ff1b42f0ff2d42f0ff3f42f0ff56
:101640005142f0ff6342f0ff7542f0ff8742f0ff26
:101650009942f0ffab42f0ffbd42f0ffcf42f0fff6
:10166000e142f0fff342f0ff0543f0ff1743f0ffc4
:101670002943f0ff3b43f0ff4d43f0ff5f43f0ff92
:101680007143f0ff8343f0ff9543f0ffa743f0ff62
:10169000b543f0ffc743f0ffa4af00000000000017
:1016a000000000000000000000000000000000003a
:1016b000000000000000000000000000000000002a
:1016c00014130000dc130000a41400006c150000cb
:1016d0008c180000ac1b000000000000000000009f
:1016e00000000000000000000000000000000000fa
:1016f00000000000000000000000000000000000ea
:101700000000000000007e0000007e0000000000dd
:1017100000000000000000000000000000000000c9
:10172000000000000800000010100000cc220000a3
:1017300000000000000000000000000000000000a9
:101740000000000000000000000000000000000099
:101750000000000000000000000000000000000089
:10176000000000007f3e0000640000000000000058
:10177000a400000052000000000000000000000073
:101780000000000000000000000000000000000059
:101790000000000000000000000000000000000049
:1017a0000000000000000000000000000000000039
:1017b0000000000000000000000000000000000029
:1017c000feffffff0000000001000000010000001c
:1017d0004d61696e4c6f6f700000000001000000e9
:1017e000010000004472697665720000000000008c
:1017f00001000000010000004472697665724261d8
:101800006c000000010000000100000054726163e0
:10181000696e670000000000010000000100000088
:10182000436d6449660000000000000001000000f4
:1018300001000000506c666d4661756c740000001c
:10184000010000000100000041707041636300006e
:10185000000000000100000001000000436f6d580f
:10186000636f6d0000000000010000000100000037
:10187000506c666d446c696e6b00000001000000e6
:1018800001000000506c666d4c65640000000000b3
:101890000100000001000000506c666d5379736414
:1018a000620000000100000001000000506c666d45
:1018b00053797374656d00000100000001000000a1
:1018c000506c666d566d6f6e0000000001000000e8
:1018d00001000000417070416370000000000000d2
:1018e00001000000010000004170704163630000ce
:1018f0000000000001000000010000004170704481
:1019000073730000000000000100000001000000ef
:1019100043666745715264720000000001000000d8
:101920000100000043666741647252647200000067
:101930000100000001000000436f6d43616e000074
:1019400000000000010000000100000054657374f5
:10195000427574746f6e0000000001010000000108
:10196000010000000000000000200107020000004c
:101970000000000001000000000000000000000066
:101980000000000000000000010001000000000154
:10199000010000017d7c7c7c7c7b7b7b7b7a7a7a7e
:1019a0007a7a7979797978787878777777777776b6
:1019b00076767676757575757574747474747373dc
:1019c00073737372727272727171717171707070ff
:1019d0007070706f6f6f6f6f6e6e6e6e6e6e6d6d1e
:1019e0006d6d6d6d6c6c6c6c6c6c6b6b6b6b6b6b39
:1019f0006a6a6a6a6a6a6a69696969696968686853
:101a00006868686867676767676767666666666667
:101a1000666665656565656565656464646464647a
:101a2000646363636363636363626262626262628c
:101a3000626161616161616161606060606060609c
:101a400060605f5f5f5f5f5f5f5f5f5e5e5e5e5ea9
:101a50005e5e5e5e5d5d5d5d5d5d5d5d5d5c5c5cb5
:101a60005c5c5c5c5c5c5c5b5b5b5b5b5b5b5b5bbf
:101a70005b5a5a5a5a5a5a5a5a5a5a5959595959ca
:101a800059595959595958585858585858585858d0
:101a900058575757575757575757575756565656d9
:101aa00056565656565656555555555555555555df
:101ab00055555554545454545454545454545453e4
:101ac00053535353535353535353535352525252ea
:101ad00052525252525252525151515151515151ee
:101ae00051515151515150505050505050505050f0
:101af0005050504f4f4f4f4f4f4f4f4f4f4f4f4ff3
:101b00004f4e4e4e4e4e4e4e4e4e4e4e4e4e4e4df5
:101b10004d4d4d4d4d4d4d4d4d4d4d4d4d4d4c4cf7
:101b20004c4c4c4c4c4c4c4c4c4c4c4c4c4b4b4bf8
:101b30004b4b4b4b4b4b4b4b4b4b4b4b4b4a4a4af8
:101b40004a4a4a4a4a4a4a4a4a4a4a4a4a494949f8
:101b500049494949494949494949494949484848f8
:101b600048484848484848484848484848474747f8
:101b700047474747474747474747474747474746f6
:101b800046464646464646464646464646464646f5
:101b900045454545454545454545454545454545f5
:101ba00045454444444444444444444444444444f3
:101bb00044444444444343434343434343434343f0
:101bc00043434343434343434242424242424242ed
:101bd00042424242424242424242424141414141ea
:101be00041414141414141414141414141414140e6
:101bf00040404040404040404040404040404040e5
:101c0000404040403f3f3f3f3f3f3f3f3f3f3f3fe0
:101c10003f3f3f3f3f3f3f3f3f3e3e3e3e3e3e3edb
:101c20003e3e3e3e3e3e3e3e3e3e3e3e3e3e3e3dd5
:101c30003d3d3d3d3d3d3d3d3d3d3d3d3d3d3d3dd4
:101c40003d3d3d3d3d3c3c3c3c3c3c3c3c3c3c3ccf
:101c50003c3c3c3c3c3c3c3c3c3c3c3c3b3b3b3bc8
:101c60003b3b3b3b3b3b3b3b3b3b3b3b3b3b3b3bc4
:101c70003b3b3b3b3a3a3a3a3a3a3a3a3a3a3a3ac0
:101c80003a3a3a3a3a3a3a3a3a3a3a3a39393939b8
:101c900039393939393939393939393939393939b4
:101ca00039393939393838383838383838383838af
:101cb00038383838383838383838383838383737a6
:101cc00037373737373737373737373737373737a4
:101cd000373737373737373736363636363636369c
:101ce0003636363636363636363636363636363694
:101cf0003636363535353535353535353535353591
:101d00003535353535353535353535353535353484
:101d10003434343434343434343434343434343483
:101d20003434343434343434343434333333333378
:101d30003333333333333333333333333333333373
:101d4000333333333333333232323232323232326c
:101d50003232323232323232323232323232323263
:101d6000323232323131313131313131313131315f
:101d70003131313131313131313131313131313153
:101d80003131303030303030303030303030303051
:101d90003030303030303030303030303030303043
:101da0002f2f2f2f2f2f2f2f2f2f2f2f2f2f2f2f43
:101db0002f2f2f2f2f2f2f2f2f2f2f2f2f2f2f2e34
:101dc0002e2e2e2e2e2e2e2e2e2e2e2e2e2e2e2e33
:101dd0002e2e2e2e2e2e2e2e2e2e2e2e2e2e2d2d25
:101de0002d2d2d2d2d2d2d2d2d2d2d2d2d2d2d2d23
:101df0002d2d2d2d2d2d2d2d2d2d2d2d2d2d2c2c15
:101e00002c2c2c2c2c2c2c2c2c2c2c2c2c2c2c2c12
:101e10002c2c2c2c2c2c2c2c2c2c2c2c2c2c2b2b04
:101e20002b2b2b2b2b2b2b2b2b2b2b2b2b2b2b2b02
:101e30002b2b2b2b2b2b2b2b2b2b2b2b2b2b2b2af3
:101e40002a2a2a2a2a2a2a2a2a2a2a2a2a2a2a2af2
:101e50002a2a2a2a2a2a2a2a2a2a2a2a2a2a2a2ae2
:101e600029292929292929292929292929292929e2
:101e700029292929292929292929292929292929d2
:101e800029282828282828282828282828282828d1
:101e900028282828282828282828282828282828c2
:101ea00028282827272727272727272727272727bf
:101eb00027272727272727272727272727272727b2
:101ec00027272727272726262626262626262626ac
:101ed00026262626262626262626262626262626a2
:101ee0002626262626262626262525252525252599
:101ef0002525252525252525252525252525252592
:101f00002525252525252525252525252524242484
:101f10002424242424242424242424242424242481
:101f20002424242424242424242424242424242471
:101f30002423232323232323232323232323232370
:101f40002323232323232323232323232323232361
:101f5000232323232323222222222222222222225b
:101f60002222222222222222222222222222222251
:101f70002222222222222222222222222121212145
:101f80002121212121212121212121212121212141
:101f90002121212121212121212121212121212131
:101fa000212120202020202020202020202020202f
:101fb0002020202020202020202020202020202021
:101fc0002020202020202020201f1f1f1f1f1f1f18
:101fd0001f1f1f1f1f1f1f1f1f1f1f1f1f1f1f1f11
:101fe0001f1f1f1f1f1f1f1f1f1f1f1f1f1f1f1f01
:101ff0001f1e1e1e1e1e1e1e1e1e1e1e1e1e1e1e00
:102000001e1e1e1e1e1e1e1e1e1e1e1e1e1e1e1ef0
:102010001e1e1e1e1e1e1e1e1e1e1d1d1d1d1d1de6
:102020001d1d1d1d1d1d1d1d1d1d1d1d1d1d1d1de0
:102030001d1d1d1d1d1d1d1d1d1d1d1d1d1d1d1dd0
:102040001d1d1d1d1c1c1c1c1c1c1c1c1c1c1c1ccc
:102050001c1c1c1c1c1c1c1c1c1c1c1c1c1c1c1cc0
:102060001c1c1c1c1c1c1c1c1c1c1c1c1c1c1b1bb2
:102070001b1b1b1b1b1b1b1b1b1b1b1b1b1b1b1bb0
:102080001b1b1b1b1b1b1b1b1b1b1b1b1b1b1b1ba0
:102090001b1b1b1b1b1b1b1b1b1a1a1a1a1a1a1a97
:1020a0001a1a1a1a1a1a1a1a1a1a1a1a1a1a1a1a90
:1020b0001a1a1a1a1a1a1a1a1a1a1a1a1a1a1a1a80
:1020c0001a1a1a1a1919191919191919191919197c
:1020d0001919191919191919191919191919191970
:1020e0001919191919191919191919191919191861
:1020f0001818181818181818181818181818181860
:10210000181818181818181818181818181818184f
:102110001818181818181818181818171717171744
:10212000171717171717171717171717171717173f
:10213000171717171717171717171717171717172f
:102140001717171717171616161616161616161629
:10215000161616161616161616161616161616161f
:10216000161616161616161616161616161616160f
:10217000161515151515151515151515151515150e
:1021800015151515151515151515151515151515ff
:1021900015151515151515151515151514141414f3
:1021a00014141414141414141414141414141414ef
:1021b00014141414141414141414141414141414df
:1021c00014141414141414131313131313131313d8
:1021d00013131313131313131313131313131313cf
:1021e00013131313131313131313131313131313bf
:1021f00013121212121212121212121212121212be
:1022000012121212121212121212121212121212ae
:1022100012121212121212121212111111111111a4
:10222000111111111111111111111111111111119e
:10223000111111111111111111111111111111118e
:10224000111111111010101010101010101010108a
:10225000101010101010101010101010101010107e
:10226000101010101010101010101010100f0f0f71
:102270000f0f0f0f0f0f0f0f0f0f0f0f0f0f0f0f6e
:102280000f0f0f0f0f0f0f0f0f0f0f0f0f0f0f0f5e
:102290000f0f0f0f0f0e0e0e0e0e0e0e0e0e0e0e59
:1022a0000e0e0e0e0e0e0e0e0e0e0e0e0e0e0e0e4e
:1022b0000e0e0e0e0e0e0e0e0e0e0e0e0e0d0d0d41
:1022c0000d0d0d0d0d0d0d0d0d0d0d0d0d0d0d0d3e
:1022d0000d0d0d0d0d0d0d0d0d0d0d0d0d0d0d0d2e
:1022e0000d0d0d0d0d0c0c0c0c0c0c0c0c0c0c0c29
:1022f0000c0c0c0c0c0c0c0c0c0c0c0c0c0c0c0c1e
:102300000c0c0c0c0c0c0c0c0c0c0c0c0c0b0b0b10
:102310000b0b0b0b0b0b0b0b0b0b0b0b0b0b0b0b0d
:102320000b0b0b0b0b0b0b0b0b0b0b0b0b0b0b0bfd
:102330000b0b0b0b0b0a0a0a0a0a0a0a0a0a0a0af8
:102340000a0a0a0a0a0a0a0a0a0a0a0a0a0a0a0aed
:102350000a0a0a0a0a0a0a0a0a0a0a0a0a0a0909df
:1023600009090909090909090909090909090909dd
:1023700009090909090909090909090909090909cd
:1023800009090909090908080808080808080808c7
:1023900008080808080808080808080808080808bd
:1023a00008080808080808080808080808080707af
:1023b00007070707070707070707070707070707ad
:1023c000070707070707070707070707070707079d
:1023d0000707070707070606060606060606060697
:1023e000060606060606060606060606060606068d
:1023f000060606060606060606060606060606057e
:10240000050505050505050505050505050505057c
:10241000050505050505050505050505050505056c
:102420000505050505050505040404040404040464
:10243000040404040404040404040404040404045c
:10244000040404040404040404040404040404044c
:10245000040303030303030303030303030303034b
:10246000030303030303030303030303030303033c
:102470000303030303030303030202020202020233
:10248000020202020202020202020202020202022c
:10249000020202020202020202020202020202021c
:1024a000020101010101010101010101010101011b
:1024b000010101010101010101010101010101010c
:1024c0000101010101010101010000000000000003
:1024d00000000000000000000000000000000000fc
:1024e00000000000000000000000000000000000ec
:1024f00000000000000000000000000000000000dc
:1025000000000000000000000000000000000000cb
:10251000000000000000ffffffffffffffffffffc5
:10252000ffffffffffffffffffffffffffffffffbb
:10253000fffffffffffffffffffffffefefefefeb0
:10254000fefefefefefefefefefefefefefefefeab
:10255000fefefefefefefefefefefefefefefdfd9d
:10256000fdfdfdfdfdfdfdfdfdfdfdfdfdfdfdfd9b
:10257000fdfdfdfdfdfdfdfdfdfdfdfdfdfdfdfd8b
:10258000fdfcfcfcfcfcfcfcfcfcfcfcfcfcfcfc8a
:10259000fcfcfcfcfcfcfcfcfcfcfcfcfcfcfcfc7b
:1025a000fcfcfbfbfbfbfbfbfbfbfbfbfbfbfbfb79
:1025b000fbfbfbfbfbfbfbfbfbfbfbfbfbfbfbfb6b
:1025c000fbfbfafafafafafafafafafafafafafa69
:1025d000fafafafafafafafafafafafafafafafa5b
:1025e000faf9f9f9f9f9f9f9f9f9f9f9f9f9f9f95a
:1025f000f9f9f9f9f9f9f9f9f9f9f9f9f9f9f9f84c
:10260000f8f8f8f8f8f8f8f8f8f8f8f8f8f8f8f84a
:10261000f8f8f8f8f8f8f8f8f8f8f8f7f7f7f7f73f
:10262000f7f7f7f7f7f7f7f7f7f7f7f7f7f7f7f73a
:10263000f7f7f7f7f7f7f7f6f6f6f6f6f6f6f6f633
:10264000f6f6f6f6f6f6f6f6f6f6f6f6f6f6f6f62a
:10265000f6f6f5f5f5f5f5f5f5f5f5f5f5f5f5f528
:10266000f5f5f5f5f5f5f5f5f5f5f5f5f4f4f4f41e
:10267000f4f4f4f4f4f4f4f4f4f4f4f4f4f4f4f41a
:10268000f4f4f4f4f4f4f3f3f3f3f3f3f3f3f3f314
:10269000f3f3f3f3f3f3f3f3f3f3f3f3f3f3f3f20b
:1026a000f2f2f2f2f2f2f2f2f2f2f2f2f2f2f2f20a
:1026b000f2f2f2f2f2f2f2f2f1f1f1f1f1f1f1f102
:1026c000f1f1f1f1f1f1f1f1f1f1f1f1f1f1f1f1fa
:1026d000f0f0f0f0f0f0f0f0f0f0f0f0f0f0f0f0fa
:1026e000f0f0f0f0f0f0f0efefefefefefefefeff3
:1026f000efefefefefefefefefefefefefefeeeeec
:10270000eeeeeeeeeeeeeeeeeeeeeeeeeeeeeeeee9
:10271000eeeeeeeeeeededededededededededede4
:10272000edededededededededededecececececde
:10273000ececececececececececececececececd9
:10274000ebebebebebebebebebebebebebebebebd9
:10275000ebebebebebeaeaeaeaeaeaeaeaeaeaead4
:10276000eaeaeaeaeaeaeaeaeaeae9e9e9e9e9e9cf
:10277000e9e9e9e9e9e9e9e9e9e9e9e9e9e9e8e8cb
:10278000e8e8e8e8e8e8e8e8e8e8e8e8e8e8e8e8c9
:10279000e8e7e7e7e7e7e7e7e7e7e7e7e7e7e7e7c8
:1027a000e7e7e7e6e6e6e6e6e6e6e6e6e6e6e6e6c6
:1027b000e6e6e6e6e6e5e5e5e5e5e5e5e5e5e5e5c4
:1027c000e5e5e5e5e5e5e4e4e4e4e4e4e4e4e4e4c3
:1027d000e4e4e4e4e4e4e3e3e3e3e3e3e3e3e3e3c3
:1027e000e3e3e3e3e3e2e2e2e2e2e2e2e2e2e2e2c4
:1027f000e2e2e2e1e1e1e1e1e1e1e1e1e1e1e1e1c6
:10280000e1e0e0e0e0e0e0e0e0e0e0e0e0dfdfdfca
:10281000dfdfdfdfdfdfdfdfdfdededededededecf
:10282000dedededededddddddddddddddddddddcd4
:10283000dcdcdcdcdcdcdcdcdcdbdbdbdbdbdbdbdf
:10284000dbdbdbdadadadadadadadadad9d9d9d9e9
:10285000d9d9d9d9d8d8d8d8d8d8d8d8d8d7d7d7f7
:10286000d7d7d7d7d6d6d6d6d6d6d6d6d5d5d5d508
:10287000d5d5d5d4d4d4d4d4d4d3d3d3d3d3d3d31c
:10288000d2d2d2d2d2d2d1d1d1d1d1d1d0d0d0d036
:10289000d0d0cfcfcfcfcfcececececececdcdcd52
:1028a000cdcdcccccccccccbcbcbcbcacacacaca74
:1028b000c9c9c9c9000000000101000000000000f2
:1028c000ffff00000000ffffffff0000000000000e
:1028d00000000000ff0000000000ffff6c01750118
:1028e000990104013801eb00d200360002009e007d
:1028f0006a0002001c003c00560076009600b00002
:10290000d000f20014013501550175019501ffff5a
:102910005461736b204c6f6720616374696f6e2024
:102920006d69736d617463683a2023005461736b41
:10293000204c6f67204944206d69736d6174636832
:102940003a202300496e697469616c206861726481
:10295000776172652074657374206661696c656463
:1029600000564d61696e20566f6c74616765204f2b
:102970004b00564d61696e20566f6c74616765201f
:102980004e4f54204f4b00566f6c74616765204565
:1029900072726f7220537461727475703a200052b3
:1029a0006573657420526561736f6e3a2000000094
:1029b0003a206d65616e56616c7565553120002059
:1029c0002d2072616e6765205531200043414e20f5
:1029d00073656e64206572726f723a20004f5554b1
:1029e0005f43414e5f446174613a00636f6d4361c0
:1029f0006e5f70726f63657373496e636f6d696e3e
:102a00006743616e4d657373616765733a20496e04
:102a100076616c6964204d736720286265666f7209
:102a2000652078436f6d70293a20002000434f4d98
:102a300043414e5f4d49445f434d445f4346475fca
:102a40004d4f44455f4143544956452066726f6d72
:102a50002049443a2000434f4d43414e5f4d494485
:102a60005f434d445f4346475f4143502066726f6a
:102a70006d2049443a2000434f4d43414e5f4d493c
:102a8000445f434d445f4346475f5046494c54457d
:102a9000522066726f6d2049443a2000434f4d43e7
:102aa000414e5f4d49445f434d445f4346475f4d50
:102ab000494e5f50554c53455f4c454e2066726ff2
:102ac0006d2049443a2000434f4d43414e5f4d49ec
:102ad000445f434d445f4346475f474c4f42414c40
:102ae0005f4352432066726f6d2049443a20004391
:102af0004f4d43414e5f4d49445f434d445f434614
:102b0000475f4d4f44455f44454143544956452036
:102b100066726f6d2049443a2000434f4d43414e49
:102b20005f4d49445f494e464f5f524551206672a2
:102b30006f6d2049443a2000434f4d43414e5f4d55
:102b400049445f494e464f5f4457535f5445535481
:102b50005f5245512066726f6d2049443a2000490a
:102b60004e5f43414e5f556e6b6e6f776e5f4d7378
:102b700067547970653a2000434f4d43414e5f4d95
:102b800049445f4552524f525f4143502066726f35
:102b90006d2049443a2000434f4d43414e5f4d491b
:102ba000445f5354415455535f4143502066726f04
:102bb0006d2049443a2000434f4d43414e5f4d49fb
:102bc000445f50554c53455f4143502066726f6dd2
:102bd0002049443a2000434f4d43414e5f4d494404
:102be0005f494e464f5f474c4f42414c5f43524313
:102bf0005f415a422066726f6d2049443a2000437b
:102c00004f4d43414e5f4d415f52455346524551f2
:102c10005f43414c4942524154452066726f6d20da
:102c200049443a2000434f4d43414e5f4d49445f74
:102c300044454255475f5345545f544852455348b5
:102c40004f4c442066726f6d2049443a2000494e33
:102c50005f43414e5f49443a00494e5f43414e5ff6
:102c6000446174613a00636f6d43616e5f70726faf
:102c700063657373496e636f6d696e6743616e4d13
:102c8000657373616765733a20496e76616c696438
:102c9000204d7367202861667465722078436f6ddc
:102ca0007029006d6f6e69746f72696e674572721c
:102cb0006f723a20002c207361766564566f6c74d5
:102cc0006167654572726f723a200073797374653b
:102cd0006d4572726f723a20002c207361766564c4
:102ce00053797374656d4572726f723a20000000fb
:102cf000436f6e6669674d696e50756c73654c65a0
:102d00006e6774682063616e6e6f742062652069ff
:102d10006e7465727072657465642c2043414e490f
:102d2000443a00436f6e66696750756c7365466917
:102d30006c7465722063616e6e6f742062652069c9
:102d40006e7465727072657465642c2043414e49df
:102d5000443a00496e666f526571756573742063fd
:102d6000616e6e6f7420626520696e746572707238
:102d7000657465642c2043414e49443a00445753de
:102d800054657374526571756573742063616e6efa
:102d90006f7420626520696e746572707265746507
:102da000642c2043414e49443a00000043414e2ddb
:102db0005852696e6742756666657220efbfbd62e4
:102dc00065726c6175662066efbfbd722049443a3a
:102dd0002000636f6d5f5843616e5f72656d6f7643
:102de000654578706972656443616e4d73677346bb
:102df000726f6d58566563746f72206d73673a0019
:102e00006375727254696d655374616d702d784588
:102e10006c656d656e742d3e74696d655374616d7e
:102e200070203d20005350492d5852696e674275fd
:102e30006666657220efbfbd6265726c6175662063
:102e400066efbfbd722049443a2000636f6d5f5842
:102e500043616e5f72656d6f766545787069726506
:102e6000645370694d73677346726f6d585665632e
:102e7000746f72206d73673a00636f6d5f584361c2
:102e80006e5f72656d6f76654f62736f6c657465aa
:102e90004d73677346726f6d58566563746f723aff
:102ea0002063616e20736964652043414e2d49445f
:102eb0003a00636f6d5f5843616e5f72656d6f7648
:102ec000654f62736f6c6574654d73677346726f9f
:102ed0006d58566563746f72206d73673a00636f47
:102ee0006d5f5843616e5f72656d6f76654f62739b
:102ef0006f6c6574654d73677346726f6d58566578
:102f000063746f723a20737069207369646520433b
:102f1000414e2d49443a0073796e63686564206db3
:102f2000736700494e5f43414e5f556e6b6e6f771e
:102f30006e5f4d7367547970653a2000636f6d580a
:102f4000636f6d5f73796e6343616e4d736773205a
:102f50006572726f7200636f6d58636f6d5f70653d
:102f600072666f726d436865636b496e7465726eed
:102f7000616c416370446174613a206d69736d6185
:102f80007463686564206f63637570616e63790054
:102f9000636f6d58636f6d5f706572666f726d43be
:102fa0006865636b496e7465726e616c41637044f1
:102fb0006174613a206d69736d6174636865642042
:102fc0006973416370446973747572626564006308
:102fd0006f6d58636f6d5f706572666f726d436879
:102fe00065636b496e7465726e616c4163704461b8
:102ff00074613a206d69736d6174636865642064ff
:103000006972656374696f6e00636f6d58636f6d8d
:103010005f706572666f726d436865636b496e744d
:1030200065726e616c416370446174613a206d69d0
:10303000736d6174636865642061786c6520636f8b
:10304000756e74657200636f6d58636f6d5f706548
:1030500072666f726d436865636b496e7465726efc
:10306000616c416370446174613a206d69736d6194
:103070007463686564207370635379733100636fa0
:103080006d58636f6d5f706572666f726d436865d2
:10309000636b496e7465726e616c416370446174f8
:1030a000613a206d69736d61746368656420737043
:1030b000635379733200636f6d58636f6d5f706532
:1030c00072666f726d436865636b496e7465726e8c
:1030d000616c416370446174613a206d69736d6124
:1030e0007463686564206572726f72636e742e20fb
:1030f0006f776e206d61736b3a0020706565723a70
:1031000000636f6d58636f6d5f706572666f726d8f
:10311000436865636b496e7465726e616c41637080
:10312000446174613a206d69736d617463686564ac
:1031300020776865656c5061737354696d6573744d
:10314000616d700057726f6e67207061636b65749c
:1031500020747970652e20526563656976656420f8
:10316000004d69736d61746368696e67206865619d
:10317000646572204352432e204578706563746500
:103180006420002c207265636569766564200053b5
:10319000657175656e6365206572726f722c20654e
:1031a00078706563746564200053657175656e633e
:1031b0006520726573796e6320746f3a2000000099
:1031c00043416e305f5258305f49525148616e64de
:1031d0006c657220286669666f206c6f7374206d51
:1031e00065737361676520626974290043414e31dc
:1031f0005f5343455f49525148616e646c6572206c
:10320000284572726f72205761726e696e67204630
:103210006c6167290043414e315f5343455f49521a
:103220005148616e646c657220284572726f72201d
:103230005061737369766520466c6167290043416c
:103240004e315f5343455f49525148616e646c652e
:103250007220284275732d4f666620466c6167297f
:103260000043414e205472616e736d697420427543
:10327000666665722046756c6c00000053504920ec
:1032800053594e205472616e736d697373696f6e1a
:103290002054696d656f7574005350492053594e21
:1032a0002050726f636573732054696d656f757418
:1032b00000535049205472616e736d697373696f66
:1032c0006e20536c6176652053746174757320545d
:1032d000696d656f757400535049205472616e7347
:1032e0006d697373696f6e20496e74657272757063
:1032f000742054696d656f75740053504920547281
:10330000616e736d697373696f6e2054696d656f5b
:10331000757400004e6577204d617820435055202c
:1033200074696d653a20000080002d08636f6e6639
:10333000696775726174696f6e41646472657373f5
:10334000203a2000636f6e66696775726174696ff9
:103350006e5265636f72642e636f6e666967416457
:103360006472657373203a2000496e636f727265f0
:1033700063742064616d70696e672066696c746542
:10338000722076616c7565732000496e636f72728e
:10339000656374206e6f6973652066696c7465720d
:1033a0002076616c7565732000496e636f7272657b
:1033b0006374206d696e696d756d2070756c7365d1
:1033c000206475726174696f6e2000496e636f725c
:1033d000726563742070756c736520657874656eb2
:1033e00073696f6e2074696d652000496e636f723a
:1033f000726563742048696768207370656564202e
:1034000063726f7373696e672074696d652000491c
:103410006e636f727265637420636f756e74696e2c
:103420006720646972656374696f6e207479706572
:1034300020004e6f20476c6f62616c436f6e66694f
:10344000674372632073657400000000496e6974fd
:103450002066756e6374696f6e20656e7465726543
:103460006400464c4153482076616c756573206159
:103470007661696c61626c6500636c6173732031a5
:1034800061206572726f72207265706f727465640c
:103490003a2000636c6173732032206572726f7220
:1034a000207265706f727465643a2000636c61739a
:1034b00073203220636f756e746572207368616c5f
:1034c0006c2062652064656372656d656e74656409
:1034d00000706c666d4661756c745f7365745374cf
:1034e000617475736461746162617365436f727254
:1034f0007570746564466c6167282920656e746513
:10350000726564007065657220316120636f756e4d
:103510007465722067726561746572206f776e20c2
:10352000316120636f756e746572006f776e436ce6
:1035300061737331614572726f72436f756e74653a
:10354000723a200070656572436c61737331614536
:1035500072726f72436f756e7465723a2000706597
:103560006572203220636f756e74657220677265b4
:1035700061746572206f776e203220636f756e7490
:103580006572006f776e436c617373324572726f50
:1035900072436f756e7465723a2000706565724390
:1035a0006c617373324572726f72436f756e7465be
:1035b000723a20000000000000000000696e637293
:1035c000656d656e743a20636c61737320322046ba
:1035d0004c41534820626c6f636b20657261736568
:1035e000640064656372656d656e743a20636c6136
:1035f0007373203220464c41534820626c6f636bda
:1036000020657261736564006e657720636c617319
:1036100073203220636f756e7465723a2000436cbc
:10362000617373324661756c7420696e616374698d
:10363000766520666c6173682070616765206572cd
:103640006173656400496e636f6e73697374656e50
:103650007420436c617373324661756c74206672ba
:10366000656541646472207265636f766572656436
:1036700000496e636f6e73697374656e7420436c7a
:10368000617373324661756c742073746f72436e2c
:103690007472207265636f76657265640000000065
:1036a000436f6e74726f6c6c65722d4368616e6ee1
:1036b000656c3a20006f7074696d653a2000436f45
:1036c0006c6453746172747320413a2000436f6cd0
:1036d0006453746172747320423a20005761726db2
:1036e00053746172747320413a20005761726d53b4
:1036f000746172747320423a2000706c666d537965
:103700007374656d5f6c65617665436f6e6669673e
:1037100075726174696f6e4d6f6465526571756520
:10372000737465643a2063616c63756c617465647d
:1037300020636865636b73756d3a200046616c7336
:103740006368657220436f6e6669672d435243005c
:10375000706c666d53797374656d5f6c65617665c9
:10376000436f6e66696775726174696f6e4d6f64e1
:10377000655265717565737465643a20636f6e6632
:103780006967206e6f7420706c61757369626c6517
:10379000206f72206572726f7220696e20636f6e87
:1037a000666967206d65737361676573004e657741
:1037b00020737461746973746963732064617461e4
:1037c0002073746f72652e005374617420416464b9
:1037d000726573732057726974653a2000000000a7
:1037e0006164647265737320696e76616c696400ec
:1037f000636f6e6669672043524320696e76616c21
:10380000696400636f6e666967206973206e6f7408
:1038100020706c61757369626c6500002c007365c3
:103820007420747261636520636f6d706f6e656e76
:1038300074207375636365656465643a20002c20a9
:1038400069734f6e3a002c207365766572697479de
:103850003a00696e76616c696420747261636520f8
:10386000636f6d706f6e656e743a006080a0097e44
:1038700001a009a809e30167026eef6e15fb1a00ab
:1038800050056fe8006f156fef7f956eef6e15fbbb
:103890001a0150055de8006f156fef7f956eef6eb2
:1038a00015fb1a0250054be8006f156fef7f956e00
:1038b000ef6e15fb1a03500539e8006f156fef7fa7
:1038c000956eef6e15fb1a04500527e8006f156f13
:1038d000ef7f956eef6e15fb1a05500515e8006f2a
:1038e000156fef7f957f967f956eef6e15fb1a072c
:1038f0005005ffe7006f156fef7f956eef6e15fbbc
:103900001a085005ede7006f156fef7f956eef6eab
:1039100015fb1a095005dbe7006f156fef7f956ef9
:10392000ef6e15fb1a0a5005c9e7006f156fef7fa0
:10393000956eef6e15fb1a0b5005b7e7006f156f0c
:10394000ef7f956eef6e15fb1a0c5005a5e7006f23
:10395000156fef7f956eef6e15fb1a0d500593e70f
:10396000006f156fef7f956eef6e15fb1a0e500509
:1039700081e7006f156fef7f956eef6e15fb1a0fe5
:1039800050056fe7006f156fef7f956eef6e15fbbb
:103990001a1050055de7006f156fef7f956eef6ea3
:1039a00015fb1a1150054be7006f156fef7f956ef1
:1039b000ef6e15fb1a12500539e7006f156fef7f98
:1039c000956eef6e15fb1a13500527e7006f156f04
:1039d000ef7f956eef6e15fb1a14500515e7006f1b
:1039e000156fef7f956eef6e15fb1a15500503e707
:1039f000006f156fef7f956eef6e15fb1a16500571
:103a0000f1e6006f156fef7f956eef6e15fb1a17dd
:103a10005005dfe6006f156fef7f956eef6e15fbbb
:103a20001a185005cde6006f156fef7f956eef6e9b
:103a300015fb1a195005bbe6006f156fef7f956ee9
:103a4000ef6e15fb1a1a5005a9e6006f156fef7f90
:103a5000956eef6e15fb1a1b500597e6006f156ffc
:103a6000ef7f956eef6e15fb1a1c500585e6006f13
:103a7000156fef7f956eef6e15fb1a1d500573e6ff
:103a8000006f156fef7f956eef6e15fb1a1e5005d8
:103a900061e6006f156fef7f956eef6e15fb1a1fd5
:103aa00050054fe6006f156fef7f956eef6e15fbbb
:103ab0001a2050053de6006f156fef7f956eef6e93
:103ac00015fb1a2150052be6006f156fef7f956ee1
:103ad000ef6e15fb1a22500519e6006f156fef7f88
:103ae000956eef6e15fb1a23500507e6006f156ff4
:103af000ef7f956eef6e15fb1a245005f5e5006f0c
:103b0000156fef7f956eef6e15fb1a255005e3e5f7
:103b1000006f156fef7f956eef6e15fb1a2650053f
:103b2000d1e5006f156fef7f956eef6e15fb1a27cd
:103b30005005bfe5006f156fef7f956eef6e15fbbb
:103b40001a285005ade5006f156fef7f956eef6e8b
:103b500015fb1a2950059be5006f156fef7f956ed9
:103b6000ef6e15fb1a2a500589e5006f156fef7f80
:103b7000956eef6e1505e6a2006f156fef7f957fce
:103b8000956eef6e15fb1a2d500567e5006f156fea
:103b9000ef7f956eef6e15fb1a2e500555e5006f01
:103ba000156fef7f956eef6e15fb1a2f500543e5ed
:103bb000006f156fef7f956eef6e15fb1a30500595
:103bc00031e5006f156fef7f956eef6e15fb1a31c3
:103bd00050051fe5006f156fef7f956eef6e15fbbb
:103be0001a3250050de5006f156fef7f956eef6e81
:103bf00015fb1a335005fbe4006f156fef7f956ed0
:103c0000ef6e15fb1a345005e9e4006f156fef7f76
:103c1000956eef6e15fb1a355005d7e4006f156fe2
:103c2000ef7f956eef6e1505058b006f156fef7fbb
:103c3000956eef6e15fb1a375005b7e4006f156fe0
:103c4000ef7f956eef6e15fb1a385005a5e4006ff7
:103c5000156fef7f956eef6e15fb1a39500593e4e3
:103c6000006f156fef7f956eef6e15fb1a3a5005da
:103c700081e4006f156fef7f956eef6e15fb1a3bb9
:103c800050056fe4006f156fef7f956eef6e15fbbb
:103c90001a3c50055de4006f156fef7f956eef6e77
:103ca00015fb1a3d50054be4006f156fef7f956ec5
:103cb000ef6e150550b7006f156fef7f956eef6ec5
:103cc00015fb1a3f50052be4006f156fef7f956ec3
:103cd000ef6e150538b7006f156fef7f956eef6ebd
:103ce00015fb1a4150050be4006f156fef7f956ec1
:103cf000ef6e15fb1a425005f9e3006f156fef7f69
:103d0000956eef6e15fb1a435005e7e3006f156fd4
:103d1000ef7f956eef6e15fb1a445005d5e3006feb
:103d2000156fef7f956eef6e15fb1a455005c3e3d7
:103d3000006f156fef7f956eef6e15fb1a465005fd
:103d4000b1e3006f156fef7f956eef6e15fb1a47ad
:103d500050059fe3006f156fef7f956eef6e15fbbb
:103d60001a4850058de3006f156fef7f956eef6e6b
:103d700015fb1a4950057be3006f156fef7f956eb9
:103d8000ef6e15fb1a4a500569e3006f156fef7f60
:103d9000956eef6e15fb1a4b500557e3006f156fcc
:103da000ef7f956eef6e15fb1a4c500545e3006fe3
:103db000156fef7f956eef6e15fb1a4d500533e3cf
:103dc000006f156fef7f956eef6e15fb1a4e500565
:103dd00021e3006f156fef7f956eef6e15fb1a4fa5
:103de00050050fe3006f156fef7f956eef6e15fbbb
:103df0001a505005fde2006f156fef7f956eef6e64
:103e000015fb1a515005ebe2006f156fef7f956eb1
:103e1000ef6e15fb1a525005d9e2006f156fef7f58
:103e2000956eef6e15fb1a535005c7e2006f156fc4
:103e3000ef7f956eef6e15fb1a545005b5e2006fdb
:103e4000156fef7f956eef6e15fb1a555005a3e2c7
:103e5000006f156fef7f956eef6e15fb1a565005cc
:103e600091e2006f156fef7f956eef6e15fb1a579d
:103e700050057fe2006f156fef7f956eef6e15fbbb
:103e80001a5850056de2006f156fef7f956eef6e5b
:103e900015fb1a5950055be2006f156fef7f956ea9
:103ea000ef6e15fb1a5a500549e2006f156fef7f50
:103eb000956eef6e15fb1a5b500537e2006f156fbc
:103ec000ef7f956eef6e15fb1a5c500525e2006fd3
:103ed000156fef7f956eef6e15fb1a5d500513e2bf
:103ee000006f156fef7f956eef6e15fb1a5e500534
:103ef00001e2006f156fef7f956eef6e15fb1a5f95
:103f00005005efe1006f156fef7f956eef6e15fbbb
:103f10001a605005dde1006f156fef7f956eef6e53
:103f200015fb1a615005cbe1006f156fef7f956ea1
:103f3000ef6e15fb1a625005b9e1006f156fef7f48
:103f4000956eef6e15fb1a635005a7e1006f156fb4
:103f5000ef7f956eef6e15fb1a64500595e1006fcb
:103f6000156fef7f956eef6e15056686006f156f06
:103f7000ef7f956eef6e15fb1a66500575e1006fc9
:103f8000156fef7f956eef6e15fb1a67500563e1b5
:103f9000006f156fef7f956eef6e1505fd86006f54
:103fa000156fef7f956eef6e15fb1a69500543e1b3
:103fb000006f156fef7f956eef6e15fb1a6a500557
:103fc00031e1006f156fef7f956eef6e15fb1a6b89
:103fd00050051fe1006f156fef7f956eef6e15fbbb
:103fe0001a6c50050de1006f156fef7f956eef6e47
:103ff00015fb1a6d5005fbe0006f156fef7f956e96
:10400000ef6e15fb1a6e5005e9e0006f156fef7f3c
:10401000956eef6e15fb1a6f5005d7e0006f156fa8
:10402000ef7f956eef6e15fb1a705005c5e0006fbf
:10403000156fef7f956eef6e15fb1a715005b3e0ab
:10404000006f156fef7f956eef6e15fb1a725005be
:10405000a1e0006f156fef7f956eef6e15fb1a7381
:1040600050058fe0006f156fef7f956eef6e15fbbb
:104070001a7450057de0006f156fef7f956eef6e3f
:1040800015fb1a7550056be0006f156fef7f956e8d
:10409000ef6e15fb1a76500559e0006f156fef7f34
:1040a000956eef6e15fb1a77500547e0006f156fa0
:1040b000ef7f956eef6e15fb1a78500535e0006fb7
:1040c000156fef7f956eef6e15fb1a79500523e0a3
:1040d000006f156fef7f956eef6e15fb1a7a500526
:1040e00011e0006f156fef7f956eef6e15fb1a7b79
:1040f0005005ffdf006f156fef7f956eef6e15fbbc
:104100001a7c5005eddf006f156fef7f956eef6e37
:1041100015fb1a7d5005dbdf006f156fef7f956e85
:10412000ef6e15fb1a7e5005c9df006f156fef7f2c
:10413000956eef6e15fb1a7f5005b7df006f156f98
:10414000ef7f956eef6e15fb1a805005a5df006faf
:10415000156fef7f956eef6e15fb1a81500593df9b
:10416000006f156fef7f956eef6e15fb1a8250058d
:1041700081df006f156fef7f956eef6e15fb1a8371
:1041800050056fdf006f156fef7f956eef6e15fbbb
:104190001a8450055ddf006f156fef7f956eef6e2f
:1041a00015fb1a8550054bdf006f156fef7f956e7d
:1041b000ef6e15fb1a86500539df006f156fef7f24
:1041c000956eef6e15fb1a87500527df006f156f90
:1041d000ef7f956eef6e15fb1a88500515df006fa7
:1041e000156fef7f956eef6e15fb1a89500503df93
:1041f000006f156fef7f956eef6e15fb1a8a5005f5
:10420000f1de006f156fef7f956eef6e15fb1a8b69
:104210005005dfde006f156fef7f956eef6e15fbbb
:104220001a8c5005cdde006f156fef7f956eef6e27
:1042300015fb1a8d5005bbde006f156fef7f956e75
:10424000ef6e15fb1a8e5005a9de006f156fef7f1c
:10425000956eef6e15fb1a8f500597de006f156f88
:10426000ef7f956eef6e15fb1a90500585de006f9f
:10427000156fef7f956eef6e15fb1a91500573de8b
:10428000006f156fef7f956eef6e15fb1a9250055c
:1042900061de006f156fef7f956eef6e15fb1a9361
:1042a00050054fde006f156fef7f956eef6e15fbbb
:1042b0001a9450053dde006f156fef7f956eef6e1f
:1042c00015fb1a9550052bde006f156fef7f956e6d
:1042d000ef6e15fb1a96500519de006f156fef7f14
:1042e000956eef6e15fb1a97500507de006f156f80
:1042f000ef7f956eef6e15fb1a985005f5dd006f98
:10430000156fef7f956eef6e15fb1a995005e3dd83
:10431000006f156fef7f956eef6e15fb1a9a5005c3
:10432000d1dd006f156fef7f956eef6e15fb1a9b59
:104330005005bfdd006f156fef7f956eef6e15fbbb
:104340001a9c5005addd006f156fef7f956eef6e17
:1043500015fb1a9d50059bdd006f156fef7f956e65
:10436000ef6e15fb1a9e500589dd006f156fef7f0c
:10437000956eef6e15fb1a9f500577dd006f156f78
:10438000ef7f956eef6e15fb1aa0500565dd006f8f
:10439000156fef7f956eef6e15fb1aa1500553dd7b
:1043a000006f156fef7f956eef6e15050aa5006f14
:1043b000156fef7f956eef6e15fb1aa3500533dd79
:1043c000006f156fef7f956eef6e15fb1aa4500509
:1043d00021dd006f156fef7f95027100f0a08968f5
:1043e00031a081a8896471a009a8817311007208a5
:1043f000e301a809ec02fc6021670460c0a081fb16
:10440000e2e4e100000688e1fbe2a4af000072ee06
:10441000000447e12507f806ff2e18fbe2e4e1005f
:1044200000e0e0fbe2e4e10000ecef06890f02e3cc
:10443000efec01a00967036612fb1a05070555a3f7
:10444000006602fb1a05070561a1006602fb1a055a
:10445000070571a3006612fb1a04070537a300665f
:1044600002fb1a04070543a1006602fb1a040705b4
:1044700053a3006612fb1a03070519a3006602fb8b
:104480001a03070525a1006602fb1a03070535a3d9
:10449000006612fb1a020705fba2006602fb1a0265
:1044a000070507a1006602fb1a02070517a30066ad
:1044b00012fb1a000705dda2006602fb1a000705c1
:1044c000e9a0006602fb1a000705f9a2006612fbcc
:1044d0001a060705bfa2006602fb1a060705cba055
:1044e000006602fb1a060705dba2000260403d01e0
:1044f00000fbe2e850000058ee610e3a2c01fbe2ae
:10450000ea50000058ee610e202bfbe2ea5000005a
:10451000f8e400fbe2ee500000f8e400fbe2ee50ad
:10452000000058eefbf2280bf0fffe6ef10528a507
:1045300000670105a2f20061011805d22700900969
:104540000f05da27009009fbe2ee50000058eefb61
:10455000f2280bf0fffe6efeecff47efb8092025b6
:10456000fbe282af000006c4e12b22fbe2ed50002b
:1045700000fbf2ee500000c0fefbe282af0000d173
:104580000e0109fbe282af0000d3e1fbe2ee500036
:104590000058ee755e282425fbe2ee50000058ef2f
:1045a000621fc3effbe2ee50000058eefbf2280b57
:1045b000f0fffe6ef105a0a4006701fbe2ed5000e4
:1045c0000058ee610e200efbe2ed50000058ef6047
:1045d0001fc3effbe2ed50000058eefbf2280bf09a
:1045e000fffe6ef10571a400fbe2ed50000058e102
:1045f00005b1100105a40e01fbe2e8500000f8e44b
:1046000000fbe2ea500000f8e401fbe2ee5000009b
:10461000f8e400fbe282af0000f8e500fbe2ed50b9
:104620000000f8e4006701670160403d0100fbe223
:10463000e950000058ee610e3ad200fbe2eb500068
:104640000058ee610e2021fbe2eb500000f8e40080
:10465000fbe2ec500000f8e400fbe2ec50000058f4
:10466000e139ab006701056ff100610118059f2674
:104670000090090f05a726009009fbe2ec5000000e
:1046800058ee610eb8092027fbe284af000006c493
:10469000e12b24fbe2ec50000058eefbf2e8e100d5
:1046a00000e3fefbe284af0000d10e0109fbe284cf
:1046b000af0000d3e1fbe2ec50000058ee755e1e47
:1046c000241bfbe2ec50000058ef621fc3effbe23b
:1046d000ec50000058e13936006701fbe2e9500078
:1046e00000f8e400fbe2eb500000f8e401fbe2e834
:1046f000e1000058e1391700fbe2e8e100005ce16d
:1047000005e50f0105940d0167016701608081894e
:10471000b189755120230b75413005d6d900670248
:10472000f500071df806010cf80600ec02fb1a055f
:10473000070591a000f501071df806010cf8060019
:10474000ec02fb1a0407057ca000f502071df80621
:10475000010cf80600ec02fb1a03070567a000f540
:1047600003071df806010cf80600ec02fb1a02070d
:104770000552a000f504071df806010cf80600ec30
:1047800002fb1a0007053da000b18961011df80672
:10479000000cf80601ec02fb1a06070527a00067cb
:1047a0000260808189fbe2280bf0ffb189fe61e1a4
:1047b000e30167026040fbe2e8500000c4e003b0a0
:1047c00089670160408089fbe2e8500000c3e1672f
:1047d000016040fbe2e9500000c4e003b0896701da
:1047e00060408089fbe2e9500000c3e1670160c0de
:1047f000a0817601c20a2407f806002e23a881763c
:1048000001ec232308f80a401f2e15a881761140d9
:104810001f701140b2affefd78912819e301ec0141
:104820007601411f2306f80a401fec019089b889e0
:1048300067030579af0005adab000260409009b891
:104840000939adffd3015c010570b100670160401b
:10485000fbe2fcb30000f8e4003c03002e26b08924
:104860006c31fb22fcb300004b123e210eb0896c70
:1048700031fb22fcb300004b123e2202b0896211d0
:104880008089b08975511c23d767016080a009e336
:1048900002fbe2fcb3000058ee755e1c230a666161
:1048a0000550d8006702a80961e1290a667105422e
:1048b000d8006702ec016121290a66810534d8001d
:1048c0006702fb12fcb30000581e6c3e4be1e40192
:1048d00002fb12fcb30000581e6c3e4be1e50101e7
:1048e00001fbe2fcb3000058ef621fc3ef670260f8
:1048f00080a00961011966c105f8d7006702fbe2d3
:10490000fcb3000058eea809441e11669105e3d7d8
:10491000006702fbe2fcb3000058ee755e1d230b3e
:1049200075411005cdd70067023c0300389300b0f5
:10493000896c31fb22fcb300004b12a8a20689014e
:104940000106851202202fb0897100f0a0813c0c75
:10495000013c05003c0401f8060075441bfb3210c5
:1049600029f0ff661266010594210171001066a10d
:104970000580d700b0896c31fb22fcb300004b12dc
:10498000a82a0689010106851201202fb08971002d
:10499000f0a0813c0c013c05003c0401f8060075c8
:1049a0004417fb322c29f0ff66126601054f2101e6
:1049b00071001066b1053bd700b08962118089fb98
:1049c000e2fcb30000b08944e128053864ff6702c7
:1049d000fbe2b8b30000f8e600fb12b8b300003dfc
:1049e0001200fb12b8b30000626166c366020516ce
:1049f000f700fb12b8b300003c9200fbe2a4b30046
:104a000000f8e600fb12a4b300003d12fffb12a465
:104a1000b30000626166c3660205ebf600fb12a4f8
:104a2000b300003c9200058cec00050cf700051467
:104a3000f20066110584fa0005c2d400026602661f
:104a4000c1394afefbe2ef50000058ee610e1a0534
:104a50001fea00053deb000afbe2ef500000f8e41e
:104a600000661266c13926fe027100d8a2093d8196
:104a70000005a5d9009209ba096101201b6601054c
:104a8000a5d900a009a082a08be5000105d50004ee
:104a90000ce50003070c3d0c00fbe6f006a10c0e34
:104aa00009176651054cd600aa0961011875411411
:104ab0000540d600aa096441614110aa09648161d8
:104ac000811df806010cf80600ec0161012030059b
:104ad00006ed006101211605dbf0009409bc0962b6
:104ae000119409bc0905ddf0002e14050ff10094a6
:104af00009bc0962119409bc090511f100aa0964f5
:104b0000116111213005d0ec006101211605c9f0b9
:104b1000009409bc0962119409bc0905cbf0002e70
:104b20001405fdf0009409bc0962119409bc090543
:104b3000fff000bb0161412130059cec00610121c7
:104b4000160595f0009409bc0962119409bc090589
:104b500097f0002e1405c9f0009409bc0962119465
:104b600009bc0905cbf000aa0964f161211966416d
:104b70000580d500670a670a60403c03013c0202d9
:104b80003c030166110557160161011c3c030066d8
:104b90001105fc110161011c3c0300661105921313
:104ba0000161011c3c03006611051f150161011c18
:104bb0003c03006611053f170161011c3c0300b076
:104bc000816101212bb0896101212b7100f0660107
:104bd000a08181098101e3013c0c0175441cfb3279
:104be0004429f0ff661205151f017100100fb081f6
:104bf00060118081b0896101208867010519b500c5
:104c00000260803c07003c06003c0500fb12a4b398
:104c100000000580f500fb12ccb300000527f5006d
:104c2000fb3a8813fb22ece10000661105635c008f
:104c300061012119fbe2ece10000ecee611e1e3c7b
:104c400007012e0f668105fbd3000f661105f4d313
:104c500000b189610115f806000cf80601ec01614c
:104c60000121bf754364fb22a4b30000fb12b8b35b
:104c70000000058c5c0061012123b1816101143cbd
:104c80000501fb12b8b30000b491610120153c0688
:104c900001fb12a4b300003c92010f66210538d33a
:104ca00000754364fb22ccb30000fb12e4b30000a8
:104cb00005c45c006101211dfb12e4b30000b49146
:104cc0006101143c0601fb12ccb300003c92013c94
:104cd00005010875411305ffd200b181610116b1cc
:104ce0000961011df806010cf80600ec0161013ba9
:104cf00031fffb22b8b30000fb12a4b3000005652e
:104d0000f600fbe2e4b3000058e105a00b01fb1242
:104d1000e4b30000ba1105ac0b01fb12e4b30000d0
:104d2000b81905b80b01fb12e4b30000b89905c42b
:104d30000b01fb12e4b30000b89105900c01fb12cb
:104d4000e4b30000b911059c0c01fb12e4b30000b0
:104d5000b91905d80c01670260803c07003c0600c9
:104d60003c0500fb12a4b30000059bf400fb12cc31
:104d7000b3000005d0f300fb3a8813fb22f0e100fa
:104d8000006611050c5b0061012119fbe2f0e100f6
:104d900000ecee611e1e3c07012e0f667105a4d2c9
:104da000000f6611059dd200b189610115f806005a
:104db0000cf80601ec01610121bf754364fb22a4dc
:104dc000b30000fb12b8b3000005355b00610121a0
:104dd0001dfb12b8b30000b4916101143c0601fb45
:104de00012a4b300003c92013c05010f664105e7a7
:104df000d100754364fb22ccb30000fb12e4b30086
:104e00000005735b006101211dfb12e4b30000b4d7
:104e1000916101143c0601fb12ccb300003c9201ed
:104e20003c05010875411505aed100b1816101163f
:104e3000b10961011df806010cf80600ec016101e1
:104e40003b37fffb22b8b30000fb12a4b300000500
:104e50006bf500fbe2e4b3000058e1054f0a01fbeb
:104e600012e4b30000ba11055b0a01fb12e4b300bf
:104e700000b81905670a01fb12e4b30000b89905f0
:104e8000730a01fb12e4b30000b891053f0b01fb6c
:104e900012e4b30000b911054b0b01fb12e4b3009f
:104ea00000b91905870b0167027100d0f9042300ce
:104eb000f90422003e07006611054b6e0005550df2
:104ec00001059ffb00a1890511fc0061011aa98958
:104ed00061111d3e06010c3e0600a98161012026dc
:104ee0007100f06601a08181098101e3013c0c01a0
:104ef000754410fb326129f0ff661205001c017138
:104f000000102e247100f06601a08181098101e367
:104f1000013c0c01754414fb327229f0ff66120546
:104f2000dc1b0171001005b2fb007100f0661283fa
:104f300002810a8102a081f80600754417fb3287be
:104f400029f0ff660105b61b01710010056b130007
:104f50000588310005e21b0005dff4ff059317010a
:104f600005d2f8ff050359002e1805a80c0105f21b
:104f7000fa00a189a9896121107541170574d10032
:104f80006040f80400fb4e50c300710327710226f5
:104f9000661105a28a0062406101153e06000c3ec2
:104fa0000601a981610121c405f5d400a089a102ef
:104fb000a10ba902a889fb4a701705ea5b00e3016f
:104fc000a00aa083e40009d5000214e500020baaa0
:104fd0008baa82aa0905e5d20005c355000537054d
:104fe0000105f4e70061011e3919fc2e1305e8e7fd
:104ff0000061111d3964fd0f663105f6d000666150
:105000000597f60005761d00670c7ea660403d0101
:10501000000577f4006141106601ef12396ff80561
:10502000209c00fbe2f8e100000680e1fbe2e0b436
:105030000000e3e1fbe2e0b40000ece1052da2009a
:105040000595e70061012168fbe2f050000058ee91
:10505000610e2019fbe2f0500000f8e400059ce727
:1050600000fbe2f4e10000e3e12e4505f9fa0090cf
:1050700009fbe2f4e10000ece60580e7004761206f
:105080002075411d0551cf00b809ef1e648e57e110
:1050900090090567e700fbe2f4e10000e3e10ab8ec
:1050a000097721f7ff009009b80905eafa00051e03
:1050b0001501610120fa05091601610120fa059622
:1050c0001a0005151d00050fe7006101211d052bc4
:1050d000e700fbe2f4e100000684e120f3051ce7b1
:1050e00000fbe2f4e10000e3e105569b00fb32f82f
:1050f000e10000a03ae33166c10574ea0005881ab0
:105100000005971c0005cd1d0005ab1a00054813ce
:105110000105dc13010583e70005dde700056bf3fe
:10512000006141200c661266013962f73f66023f5a
:1051300066027ea66040660266113951f7054bf3a0
:105140000066a3fb2200e2000005465700e301ece5
:10515000016101211afbe200e20000ece6052bf3fd
:10516000004761202066d10589cf002e18ec01612f
:10517000111f0521e7002e0dec0161211766f105d5
:1051800071cf006611ef123904f73f6602660266be
:105190002139faf605f4f20061311d052613006687
:1051a00012662139e8f6026602663139e0f66601d8
:1051b00005546b00058eaf006611054a6b00661240
:1051c000663139c9f6026602664139c1f6660105e3
:1051d0000d1001660105b80b01660105540d01664d
:1051e0000105e70e016601050d11016612664139e0
:1051f0009cf602660266513994f605a5080166120e
:1052000066513989f602660266613981f605b7ccc6
:1052100000661266613976f60266026671396ef6cc
:10522000056d1500661266713963f60266026681c5
:10523000395bf6664105b6570066126681394ef64f
:1052400002660266913946f605412f00668105e443
:105250005800053b2f00661266913931f60266024e
:1052600066a13929f6052c2f00661266a1391ef6b3
:1052700002660266b13916f6055dce00661266b1a9
:10528000390bf6020530f5ff61111e0561f2ff02d0
:105290000541f5ff61111e0592f3ff020539e50096
:1052a00061011e395ef92e14052de50061111d39cd
:1052b000a9fa08754118053ace0005db2e0005d580
:1052c000e500026080660266d139c2f5710f020501
:1052d0009dc000661266d139b4f567023972f5399e
:1052e0002bfd3950fe395cff39defe3908ff3918d5
:1052f000ff39b6fe3925ff3935ff3964ff3990fe95
:105300003971ff393af739bdfffb12d00bf0ff3985
:10531000e0f50239f7fc396eff026040f8060066de
:10532000310597f1000563f100fb3a8813ef0205a0
:10533000605500610121140551f10006840120141b
:1053400075411505adcd00670175411605a4cd0069
:105350006701670160c005bf1a0091093d04003d67
:105360000300fbe24a6000005cee61ae2308b9096d
:1053700061912406f806010cf80600ec01610116a3
:105380003d03012e79fbe24a6000005cee760ef5eb
:105390004f240ab9097601f64f2306f806010cf8e6
:1053a0000600ec01610110f90903f64f2e50fbe2f3
:1053b0004a6000005cee06c50e052b1ab90975118e
:1053c00064fbe24a60000006e009e17542644312b2
:1053d00091022e19fbe24a6000005cee751e640625
:1053e000e1090e0575416443e19101b9017551323e
:1053f0002308f90903f64f0dd5000503fbe2e4b4d9
:105400000000d50e0308670360803c0600fb12e431
:10541000b40000b21161413bc100fbe2e4b4000002
:1054200059ee28611e2112fbe2e4b4000059ee2976
:10543000610e1df806010cf80600ec016101201256
:10544000fbe2e4b4000059ee30611e1df806010cc9
:10545000f80600ec0161012012fbe2e4b4000059ff
:10546000ee31611e1df806010cf80600ec01610129
:105470002012fbe2e4b4000059ee38610e1df8067c
:10548000010cf80600ec0161012012fbe2e4b4001b
:105490000059ee39611e1df806010cf80600ec01fa
:1054a00061012012fbe2e4b4000059ee40610e1de0
:1054b000f806010cf80600ec0161012012fbe2e4a1
:1054c000b4000059ee41610e1df806010cf806000b
:1054d000ec016101143c0601c5000607b1896702b1
:1054e00060803c0600fb12e4b40000b21161413b55
:1054f000c100fbe2e4b4000059ee28610e2112fb6a
:10550000e2e4b4000059ee29611e1df806010cf812
:105510000600ec0161012012fbe2e4b4000059ee48
:1055200030611e1df806010cf80600ec0161012037
:1055300012fbe2e4b4000059ee31611e1df80601d1
:105540000cf80600ec0161012012fbe2e4b400005b
:1055500059ee38611e1df806010cf80600ec0161d9
:10556000012012fbe2e4b4000059ee39610e1df88f
:1055700006010cf80600ec0161012012fbe2e4b424
:10558000000059ee40610e1df806010cf80600ec13
:105590000161012012fbe2e4b4000059ee41610e0a
:1055a0001df806010cf80600ec016101143c06012f
:1055b000c5000607b189670260803c0600fb12e463
:1055c000b40000b2116121215cfbe2e4b400005997
:1055d000ee28611e2112fbe2e4b4000059ee2961bd
:1055e0000e1df806010cf80600ec0161012012fb0b
:1055f000e2e4b4000059ee30610e1df806010cf82b
:105600000600ec0161012012fbe2e4b4000059ee57
:1056100031610e1df806010cf80600ec0161011461
:105620003c0601c5000607b189670260803c0600a0
:10563000fb12e4b40000b2116121215cfbe2e4b48e
:10564000000059ee28610e2112fbe2e4b40000597b
:10565000ee29611e1df806010cf80600ec0161013f
:105660002012fbe2e4b4000059ee30610e1df80692
:10567000010cf80600ec0161012012fbe2e4b40029
:105680000059ee31610e1df806010cf80600ec0120
:105690006101143c0601c5000607b18967026080fc
:1056a0003c0600fb12e4b40000b21161413bc100b2
:1056b000fbe2e4b4000059ee28611e2112fbe2e493
:1056c000b4000059ee29610e1df806010cf8060021
:1056d000ec0161012012fbe2e4b4000059ee3061fc
:1056e0001e1df806010cf80600ec0161012012fbfa
:1056f000e2e4b4000059ee31611e1df806010cf819
:105700000600ec0161012012fbe2e4b4000059ee56
:1057100038611e1df806010cf80600ec016101203d
:1057200012fbe2e4b4000059ee39610e1df80601e7
:105730000cf80600ec0161012012fbe2e4b4000069
:1057400059ee40610e1df806010cf80600ec0161ef
:10575000012012fbe2e4b4000059ee41610e1df895
:1057600006010cf80600ec016101143c0601c500bd
:105770000607b189670260803c0600fb12e4b400b2
:1057800000b21161413bc100fbe2e4b4000059eefc
:1057900028610e2112fbe2e4b4000059ee29611edb
:1057a0001df806010cf80600ec0161012012fbe275
:1057b000e4b4000059ee30611e1df806010cf80635
:1057c00000ec0161012012fbe2e4b4000059ee316b
:1057d000611e1df806010cf80600ec0161012012a3
:1057e000fbe2e4b4000059ee38610e1df806010c2e
:1057f000f80600ec0161012012fbe2e4b40000595c
:10580000ee39611e1df806010cf80600ec0161017d
:105810002012fbe2e4b4000059ee40610e1df806d0
:10582000010cf80600ec0161012012fbe2e4b40077
:105830000059ee41610e1df806010cf80600ec015e
:105840006101143c0601c5000607b189670260804a
:105850003c0600fb12e4b40000b2116111212afbe6
:10586000e2e4b4000059ee28611e2112fbe2e4b428
:10587000000059ee29611e1df806010cf80600ec27
:10588000016101143c0601c5000607b18967026089
:10589000803c0600fb12e4b40000b2116121215cdf
:1058a000fbe2e4b4000059ee28611e2112fbe2e4a1
:1058b000b4000059ee29610e1df806010cf806002f
:1058c000ec0161012012fbe2e4b4000059ee30610a
:1058d0000e1df806010cf80600ec0161012012fb18
:1058e000e2e4b4000059ee31611e1df806010cf827
:1058f0000600ec016101143c0601c5000607b189f0
:10590000670260803c0600fb12e4b40000b2116143
:1059100021215cfbe2e4b4000059ee28610e211263
:10592000fbe2e4b4000059ee29611e1df806010ceb
:10593000f80600ec0161012012fbe2e4b40000591a
:10594000ee30611e1df806010cf80600ec01610145
:105950002012fbe2e4b4000059ee31610e1df8069e
:10596000010cf80600ec016101143c0601c50006bb
:1059700007b189670260803c0600fb12e4b40000b6
:10598000b2116131215cfbe2e4b4000059ee3061f8
:105990001e2112fbe2e4b4000059ee31611e1df835
:1059a00006010cf80600ec0161012012fbe2e4b4f0
:1059b000000059ee38610e1df806010cf80600ece7
:1059c0000161012012fbe2e4b4000059ee39610ede
:1059d0001df806010cf80600ec016101143c0601fb
:1059e000c5000607b189670260c03c0a00fb12e4eb
:1059f000b40000b21161213b1301fb12e4b40000ba
:105a0000ab1a0681120ba00aa809613125053832ac
:105a100003fbe2e4b4000059ee28611e2112fbe210
:105a2000e4b4000059ee29610e1df806010cf806d9
:105a300000ec0161012012fbe2e4b4000059ee30f9
:105a4000611e1df806010cf80600ec016101201230
:105a5000fbe2e4b4000059ee31611e1df806010cb2
:105a6000f80600ec01610120263c0a01fbe2e4b4e7
:105a70000000f8e401fb12e4b40000b2926212826a
:105a800092fb12e4b400003c1c0138b602fbe2e4d5
:105a9000b4000059ee28610e2112fbe2e4b40000cc
:105aa00059ee29611e1df806010cf80600ec016193
:105ab000012012fbe2e4b4000059ee30611e1df833
:105ac00006010cf80600ec0161012012fbe2e4b4cf
:105ad000000059ee31611e1df806010cf80600ecbd
:105ae0000161013a5d023c0a01fbe2e4b40000f806
:105af000e401fb12e4b40000b29262128292fb1243
:105b0000e4b400003c1c01383902fb12e4b400008c
:105b1000b21161313b1301fb12e4b40000ab9a06f1
:105b200081120da00aa80961312505381502fbe292
:105b3000e4b4000059ee30611e2112fbe2e4b4002f
:105b40000059ee31610e1df806010cf80600ec015b
:105b500061012012fbe2e4b4000059ee38610e1d31
:105b6000f806010cf80600ec0161012012fbe2e4ea
:105b7000b4000059ee39610e1df806010cf806005c
:105b8000ec01610120263c0a01fbe2e4b40000f8cc
:105b9000e401fb12e4b40000b29262128292fb12a2
:105ba000e4b400003c1c01389901fbe2e4b40000bd
:105bb00059ee30610e2112fbe2e4b4000059ee31df
:105bc000611e1df806010cf80600ec0161012012af
:105bd000fbe2e4b4000059ee38610e1df806010c3a
:105be000f80600ec0161012012fbe2e4b400005968
:105bf000ee39610e1df806010cf80600ec0161019a
:105c00003a40013c0a01fbe2e4b40000f8e401fb85
:105c100012e4b40000b29262128292fb12e4b40069
:105c2000003c1c01381c01fb12e4b40000b21161fd
:105c3000413b0f01fb12e4b40000ac1a0681120fc5
:105c4000a00aa8096131250538f800fbe2e4b40098
:105c50000059ee38611e2112fbe2e4b4000059ee57
:105c600039610e1df806010cf80600ec01610120f7
:105c700012fbe2e4b4000059ee40610e1df806018b
:105c80000cf80600ec0161012012fbe2e4b4000014
:105c900059ee41610e1df806010cf80600ec016199
:105ca0000120263c0a01fbe2e4b40000f8e401fb19
:105cb00012e4b40000b29262128292fb12e4b400c9
:105cc000003c1c01387c00fbe2e4b4000059ee38d3
:105cd000610e2112fbe2e4b4000059ee39611e1d91
:105ce000f806010cf80600ec0161012012fbe2e469
:105cf000b4000059ee40610e1df806010cf80600d4
:105d0000ec0161012012fbe2e4b4000059ee4161b4
:105d10000e1df806010cf80600ec01610120233c81
:105d20000a01fbe2e4b40000f8e401fb12e4b40071
:105d300000b29262128292fb12e4b400003c1c0199
:105d4000c5000a0bb2896703fb12e4b40000b2116c
:105d50006141230bfb12e4b400003c1800fb12e489
:105d6000b40000b2126c324b12c5120428fb12e4cc
:105d7000b40000b2126c324b12c5120529fb12e4ba
:105d8000b40000b2126c324b12e512060bfb12e4a7
:105d9000b40000b21262128212027ea66040900924
:105da000f80400fb12e4b40000b1116101b80e2147
:105db00048057cf90047162a35fb62e4b40000b1bf
:105dc000e1621181e1fb62e4b40000b1e6051bbcb5
:105dd000004716296afb62e4b400003c6600fb62df
:105de000e4b400003c6401f804012e53fb62e4b407
:105df00000003c66002e480536f900711132471646
:105e00002334fb12e4b40000b19262128192fb12bf
:105e1000e4b40000b19605d2bb0047162921fb125d
:105e2000e4b400003c1600fb12e4b400003c140093
:105e3000f804010afb12e4b400003c1600fb12e473
:105e4000b40000b11161111fb80905da1300c400d4
:105e500001b0093f66027ea660409009f80400fb8d
:105e600012e4b40000b1196101b80e214805f0f840
:105e70000047162a35fb62e4b40000b1e9621181e3
:105e8000e9fb62e4b40000b1ee055fbb00471629f0
:105e90006afb62e4b400003c6700fb62e4b400000b
:105ea0003c6501f804012e53fb62e4b400003c673a
:105eb000002e4805aaf80071113247162334fb1250
:105ec000e4b40000b19a6212819afb12e4b40000bb
:105ed000b19e0516bb0047162921fb12e4b4000051
:105ee0003c1700fb12e4b400003c1500f804010a62
:105ef000fb12e4b400003c1700fb12e4b40000b154
:105f00001961111fb80905851300c40001b0093fcc
:105f10006602fb12e4b40000b2116101200ffb1213
:105f2000e4b40000a9926212a1920afb12e4b40048
:105f3000003e1600fb12e4b40000aa12a99b6213f3
:105f4000fd742200a212a19b02fbe2e4b4000059fe
:105f5000ef2845ef292b0cfb12e4b400003e190199
:105f600002fbe2e4b4000059ef2845ef29280dfbbd
:105f7000e2e4b40000f9e609ff02fb12e4b4000019
:105f80003e1900026040fb12e4b40000b31161113d
:105f90002170fb12e4b40000b11161012111fb1268
:105fa000e4b40000b11961011df806010cf8060007
:105fb000ec0161012041fbe204e20000ecef621f12
:105fc000e3effbe204e20000ecee755e322333fb0c
:105fd00012e4b400003c1c00fbe2e4b40000f8e46e
:105fe00000fb12e4b400003e1900fbe204e20000f2
:105ff000f8e6006701fbe204e20000f8e600670152
:1060000067017100f03e03003e02003e0100fb12fa
:10601000e4b40000ab1a0685120b2510fb12e4b4a1
:106020000000ac1a0685120f2406f806010cf806cb
:1060300000ec016101200dfbe24a600000f8e50080
:106040006704fb12e4b40000ab1a0681120bac1b10
:106050000681130f4b326812a00a7544c806a107c7
:106060000401a08da084a88ca8836602fb12c0d86e
:10607000a70005631301a08aa081a889a882660ee3
:106080007602f64ffc03e1230a3e0300f90a02f60a
:106090004ffbe24a600000d10e0467046040051522
:1060a000b900e301ec01610119fb1a93010543c03a
:1060b000003907f561012011fb12e4b40000b09231
:1060c00062128092382d013964f561012011fb12b2
:1060d000e4b40000b09a6212809a381701392bf3a9
:1060e00061012052ec01a9917551962110fb12e437
:1060f000b40000999a6212919a2e1fec01a9917531
:106100005169210ffb12e4b40000999a6012919a30
:106110000875419005dcbf003931fe39e7fe050600
:106120000d003932f205cd1100fb22e4b4000092db
:106130002938c00039acf361012051ec01a99175f7
:1061400051962110fb12e4b40000999a6012919ac2
:106150002e1fec01a991755169210ffb12e4b400c7
:1061600000999a6212919a087541910585bf00398c
:10617000dafd3990fe05af0c0039dbf10576110030
:10618000fb22e4b4000092292e693914f561012044
:106190001cfb12e4b40000b09262128092fb12e485
:1061a000b40000b09a6212809a2e4839cbf5610192
:1061b000201cfb12e4b40000b09262128092fb1229
:1061c000e4b40000b09a6212809a2e2739a9f761d0
:1061d000012020fbe2e4b40000f8e401fb12e4b487
:1061e00000003c1c01fb12e4b40000b29262128277
:1061f0009205170c00fb12e4b400003c1800670184
:106200003902f761012021fbe2e4b40000f8e40167
:10621000fb12e4b400003c1c01fb12e4b40000b229
:10622000926212829202fb12e4b40000b311611177
:10623000200cfb12e4b400003c1c0102023952f6af
:1062400061012021fbe2e4b40000f8e401fb12e468
:10625000b400003c1c01fb12e4b40000b2926212d4
:10626000829202fb12e4b40000b3116111200cfb16
:1062700012e4b400003c1c01020239d4f561012093
:1062800021fbe2e4b40000f8e401fb12e4b40000f6
:106290003c1c01fb12e4b40000b292621282920232
:1062a000fb12e4b40000b3116111200cfb12e4b442
:1062b00000003c1c0102026040fb12e4b400003c00
:1062c0001400fb12e4b400003c1500fb12e4b4001f
:1062d000003c1600fb12e4b400003c1700fb12e483
:1062e000b400003e1600fb12e4b400003c1800fbb2
:1062f00012e4b400003c1a00fb12e4b400003c11ac
:1063000000fb12e4b4000071114805c18a00fb12c1
:10631000e4b4000071115005ec89003c03002e37f5
:10632000fbe2e4b40000b0896c314be1c5e1042824
:10633000fbe2e4b40000b0896c314be1c5e1052912
:10634000b0896c31fb22e4b400004b123e2b00b04c
:106350008962118089b089614123c7670160c0915a
:10636000099102b9093935fa8189b90139eafa8105
:1063700081b18961011eb181610115f806010cf836
:106380000600ec0161013a330139bff9395cf6616d
:106390000112fbe2f1500000f8e401fb12e4b4004a
:1063a00000b1116101fcdbe0fbf2f150000058ff8d
:1063b000610f2068610e2012fbe2e4b4000059ee88
:1063c00005610e1df806010cf80600ec0e610e20aa
:1063d00018fbe2e4b40000f9e40800fbe2f150002d
:1063e00000f8e40038d500fbe2e4b4000059ee0404
:1063f000611e2112fbe2e4b4000059ee05611e1d8e
:10640000f806010cf80600ec0e610e3aae00fbe255
:10641000f1500000f8e40038a200610e2011fb12d8
:10642000e4b40000b11961011df806010cf8060082
:10643000ec016101173967fc388100fb12e4b400fc
:1064400000b11161112111fb12e4b40000b1196116
:10645000111df806010cf80600ec01610116391c4b
:10646000fe2e58fb12e4b40000b11161112111fba2
:1064700012e4b40000b11961011df806010cf80620
:1064800000ec01610116397afd2e30fb12e4b400f4
:1064900000b11161012111fb12e4b40000b11961d6
:1064a000111df806010cf80600ec01610115398f89
:1064b000fd0875418f053bbc003959fa39c8fa67a8
:1064c000037ea6608005eeb400a0093d0100a80986
:1064d000610119fb1a26010519bc00a809b319614d
:1064e000013a6d0105f1d2006101214b0520080040
:1064f000fbe208e200000688e1e3e1fbe286af0090
:10650000005ce6054808004716280e05400800fb19
:10651000e286af0000d3e1fbe288af00005ce60555
:106520000c080047162b5705040800fbe288af0053
:1065300000d3e12e4905e60700fbe208e200000671
:1065400088e1e3e1fbe286af00005ce6050f0800ae
:106550004716280e05070800fbe286af0000d3e1ce
:10656000fbe288af00005ce605d3070047162b0e60
:1065700005cb0700fbe288af0000d3e1fbe2f2505d
:10658000000058ef621fc3effbe2f250000058ee2c
:10659000755e64220538b900fbe286af00005ce15d
:1065a000fbe288af000006c0e19009fbe208e200d0
:1065b00000eceffd749f64e3effbe208e200007182
:1065c00000f0e4e0023c0c013c05003c0401f8064c
:1065d0000066e4fb32b029f0ff660266d1051e05b5
:1065e00001710010b8097100f0a0813c0c013c055c
:1065f000003c0401f8060066c4fb32bf29f0ff66c8
:106600000266d105f80401710010fbe208e2000007
:106610005ce1056e5800ef16b80905665800ef12e8
:10662000ef61059e1b00fbe286af0000f8e500fb72
:10663000e208e20000f8e600fbe288af0000f8e9bb
:10664000fffffbe2f2500000f8e4003f66033f6604
:106650000360408089fb22e4b400008029b08905f2
:1066600066e70067016080a00ae301fb32e4b40042
:1066700000a232a1b9a80aec01053fe6006702605a
:10668000408089fb22e4b400008321b0890568e6dc
:1066900000670160408089fbe2e4b40000c3e1b020
:1066a00089056de60067016040e301fb22e4b40068
:1066b00000a229ec010572e600670160408089fbb9
:1066c00022e4b4000080a1670160408089fb22e4dd
:1066d000b4000080a967016080fb12e4b40000b13f
:1066e0001161012111fb12e4b40000b11961011d17
:1066f000f806010cf80600ec016101153c06000cdf
:106700003c0601c5000607b18967026040ef12e34d
:1067100002fb12e4b40000711148057e8600670197
:106720006040fb12e4b4000071114805dc86008073
:1067300089b08967016040fb12e4b4000071114820
:1067400005ed86008089b089670160403c0200fb4e
:10675000e2e4b40000c5e00902fb12e4b40000b2b8
:106760001a6212821ac5000203b08967016040fbf9
:10677000e2e4b40000c5e00903b08967016040fbb2
:10678000e2e4b40000d5e00701b8096701fbe2a428
:10679000de0000fbf2e4b40000c4fe84fbe2a4def1
:1067a0000000fbf2e4b40000c5fe0185fbe2a4debc
:1067b0000000fbf2e4b40000c5fe0286fbe2a4deaa
:1067c0000000fbf2e4b40000c5fe0387fbe2a4de98
:1067d0000000fbf2e4b40000c5fe0488fbe2a4de86
:1067e0000000fbf2e4b40000c5fe0589fbe2a4de74
:1067f0000000fbf2e4b40000c5fe068afbe2a4de62
:106800000000fbf2e4b40000c5fe078bfbe2a4de4f
:106810000000fbf2e4b40000c5fe088cfbe2a4de3d
:106820000000fbf2e4b40000c5fe098dfbe2a4de2b
:106830000000fbf2e4b40000c5fe0a8efbe2a4de19
:106840000000fbf2e4b40000c5fe0b8ffbe2a4de07
:106850000000fbf2e4b40000c5fe0c90fbe2a4def5
:106860000000fbf2e4b40000d5fe0749fbe2a4de21
:106870000000fbf2e4b40000d5fe084afbe2a4de0f
:106880000000fbf2e4b40000d5fe094bfbe2a4defd
:106890000000fbf2e4b40000d5fe0a4cfbe2a4deeb
:1068a0000000fbf2e4b40000e5fe0627fbe2e4b4de
:1068b0000000fbf2a4de0000e5ef0829e5ef072861
:1068c000fbe2a4de0000fbf2e4b40000e5fe092ace
:1068d000fbe2a4de0000fbf2e4b40000c5fe28ac3d
:1068e000c5fe29ade5fe0b2cfbe2a4de0000fbf2a9
:1068f000e4b40000c5fe30b4c5fe31b5e5fe0d2e92
:10690000fbe2a4de0000fbf2e4b40000c5fe38bcec
:10691000c5fe39bde5fe0f30fbe2a4de0000fbf250
:10692000e4b40000c5fe40c4c5fe41c5e5fe113219
:10693000fbe2a4de0000fbf2e4b40000e5fe12334b
:10694000e5fe1334fbe2e4b40000fbf2a4de000039
:10695000e5ef1536e5ef1435e5ef1637fbe244e0d9
:106960000000fbf2e4b40000c4fe84fbe244e0005b
:1069700000fbf2e4b40000c5fe0185fbe244e00048
:1069800000fbf2e4b40000c5fe0286fbe244e00036
:1069900000fbf2e4b40000c5fe0387fbe244e00024
:1069a00000fbf2e4b40000c5fe0488fbe244e00012
:1069b00000fbf2e4b40000c5fe0589fbe244e00000
:1069c00000fbf2e4b40000c5fe068afbe244e000ee
:1069d00000fbf2e4b40000c5fe078bfbe244e000dc
:1069e00000fbf2e4b40000c5fe088cfbe244e000ca
:1069f00000fbf2e4b40000c5fe098dfbe244e000b8
:106a000000fbf2e4b40000c5fe0a8efbe244e000a5
:106a100000fbf2e4b40000c5fe0b8ffbe244e00093
:106a200000fbf2e4b40000c5fe0c90fbe244e00081
:106a300000fbf2e4b40000d5fe0749fbe244e000ad
:106a400000fbf2e4b40000d5fe084afbe244e0009b
:106a500000fbf2e4b40000d5fe094bfbe244e00089
:106a600000fbf2e4b40000d5fe0a4cfbe244e00077
:106a700000fbf2e4b40000e5fe0627fbe2e4b4000c
:106a800000fbf244e00000e5ef0829e5ef0728fbf2
:106a9000e244e00000fbf2e4b40000e5fe092afb5a
:106aa000e244e00000fbf2e4b40000c5fe28acc5ff
:106ab000fe29ade5fe0b2cfbe244e00000fbf2e416
:106ac000b40000c5fe30b4c5fe31b5e5fe0d2efba9
:106ad000e244e00000fbf2e4b40000c5fe38bcc5af
:106ae000fe39bde5fe0f30fbe244e00000fbf2e4be
:106af000b40000c5fe40c4c5fe41c5e5fe1132fb31
:106b0000e244e00000fbf2e4b40000e5fe1233e5ed
:106b1000fe1334fbe2e4b40000fbf244e00000e5c5
:106b2000ef1536e5ef1435e5ef163702fb12e4b446
:106b300000003c1c0102053bfa00fbe2f45000009f
:106b400058eefbf20ce20000fe6ef1052ffa000594
:106b50005ffa0002fbe2f3500000fbf2f450000089
:106b6000c0fefbe2f450000058ef621fc3effbe2ef
:106b7000f450000058ee613e210cfbe2f45000009e
:106b8000f8e4000202fbe2f450000058ee613e23fc
:106b90000b754140055cb5002e17fbe2f450000078
:106ba00058eefbf20ce20000fe6ef105cff9000595
:106bb000fff900027100f03d06003d05003e0100b6
:106bc000fbe2f350000058eefbf20ce20000fe6e18
:106bd000f1e301ec01d41006ec01d41005ec015cea
:106be00011a0093c0f012e49b3896c210688015c74
:106bf0001e06c50e06280cb3896c21068801d41028
:106c000006b3896c210688015c1e06c50e052b0c97
:106c1000b3896c21068801d41005b3896c210688dc
:106c2000015c1106890101a009b38962118389b34e
:106c30008975513223b4a809fd749132fbe24c608e
:106c40000000d3e1fbe24c600000d50e0601fbe240
:106c50004c600000d50e0502ec01d5100106ec01d8
:106c6000d5100105ec01b819a0093c0f012e4bb35a
:106c7000896c21068801b81906c50106280db3895b
:106c80006c21068801d5100106b3896c21068801a4
:106c9000b81906c501052b0db3896c21068801d5ed
:106ca000100105b3896c21068801b8190689010114
:106cb000a009b38962118389b38975513223b20562
:106cc000c9d700613121233c0f002e17b3896c21f5
:106cd000068801b81a5c110586f6ffb38962118334
:106ce00089b38975513223e6a809fd749132fb22dc
:106cf0004c60000090a9fbe24c600000d50e060439
:106d0000fbe24c600000d50e050567046040fbe225
:106d10004c600000d4e001b80967016040fbe24c20
:106d2000600000d5e00301b80967016040fbe24c58
:106d3000600000d5e00101b80967016040fbe24c4a
:106d4000600000d5e00401b80967016040fbe24c37
:106d5000600000d5e00201b80967016040fbe24c29
:106d6000600000d5e00501b80967016040fbe2f46e
:106d7000500000c4e003b0896701056cf800fbe235
:106d8000cd22000058eefbf218e20000fe6ef10585
:106d9000e6f8000516f90002051cf9000542f900a5
:106da000fbe240b50000e3e1fbe2cd22000058ee3b
:106db000613e230b7541800539b3002e17fbe2cdf0
:106dc00022000058eefbf218e20000fe6ef105a76b
:106dd000f80005d7f80002fbe2cc220000fbf2cd60
:106de000220000c0fefbe2cd22000058ef621fc36c
:106df000effbe2cd22000058ee613e210cfbe2cd1c
:106e0000220000f8e4000202fb1244b500003e112b
:106e100000f81600026040fbe258600000d4e00178
:106e2000b809670160803e0100f80600fbe244b546
:106e30000000ecef0695ef01610f206ffb1244b5e7
:106e40000000ec146814a819fddf1e57e4fd7874e7
:106e50007102fb224cb50000e32468117611710227
:106e60004b15a02df90a010001f80200f81b1dfbcb
:106e7000124cb50000a81cec13a80aec010558053b
:106e800001a00ae301a809ec02660e7602f64ffca7
:106e900003e1230efbe258600000f8e9f64f2e14e0
:106ea000fbe258600000d00e0afbe258600000f8d8
:106eb000e500fb1244b500003e1100f81600670221
:106ec0006080fb124cb50000a81aec11a00ae30187
:106ed000670260803c0700fbe2cc22000058eefb1a
:106ee000f218e20000fe6ef1e301fbe240b50000a3
:106ef000ecee610e20353c07002e23ec01b18afe3a
:106f0000621efb1244b50000a81aec1f4beffd7483
:106f10002200a01ae31fb18962118189fbe240b50a
:106f20000000b1890684e123d467026040fbe2cd12
:106f3000220000c4e003b089670160409009fbe2d1
:106f400092af0000d3e1670160409009fbe294af8b
:106f50000000d3e167017100bca4013e0e003e0dac
:106f6000003e0c003e0b003e0a003e09003e0800b9
:106f70003e07003e06003e05003e04003d07003d82
:106f800006003d05003d04003d0300fbe292af001a
:106f900000f8e9ff0705d5e9009189fbe28eaf0013
:106fa000005cee06c50e07290538e100b989fbe251
:106fb0008eaf000006c0e19109b9096821b98a4382
:106fc00012908a3d04002e1bac01b902fed21e06af
:106fd000c50e032a0899816211918199016211916c
:106fe00001fbe28aaf0000b90106c4e129dcfbe243
:106ff0008aaf0000f8e500b98161013a8f0005c24f
:10700000feffa302a289aa890695010c6101207cda
:107010007544c806e1070406a385a30c6604fb3e7d
:10702000a08601ab02aa8905ae0301ef13ef2e750e
:10703000446406a107040dab827512644b52ef4104
:10704000efe405930301a202a189fb4ad47b06a1c8
:10705000070407aa017611d47b4b5170441c944b52
:10706000fffd7421ffa281a20c3e06003e05ada9e2
:1070700084a90baa82aa090596020173110884004b
:10708000a101a901fd748164a101a9017551c8295b
:107090000ea9017601d0072a06f806010cf80600b1
:1070a000ec016101200ca901fbe292af0000d3e1e9
:1070b000fbe292af0000d4e01fbf8967117100bcf2
:1070c000a4013e0e003e0d003e0c003e0b003e0aa9
:1070d000003e09003e08003e07003e06003e050057
:1070e0003e04003d07003d06003d05003d04003d17
:1070f0000300fbe294af0000f8e9ff07059ee800fb
:107100009189fbe290af00005cee06c50e072905f1
:1071100038e100b989fbe290af000006c0e19109b7
:10712000b9096821b98a4312908a3d04002e1bac2c
:1071300001b902fed21e06c50e032a08998162110a
:107140009181990162119101fbe28caf0000b901bc
:1071500006c4e129dcfbe28caf0000f8e500b98150
:1071600061013a8f00055bfdffa302a289aa89068f
:1071700095010c6101207c7544c806e1070406a353
:1071800085a30c6604fb3ea08601ab02aa890547d5
:107190000201ef13ef2e75446406a107040dab82c4
:1071a0007512644b52ef41efe4052c0201a202a1db
:1071b00089fb4ad47b06a1070407aa017611d47b78
:1071c0004b5170441c944bfffd7421ffa281a20c13
:1071d0003e06003e05ada984a90baa82aa09052f87
:1071e00001017311088400a101a901fd748164a14a
:1071f00001a9017551c8290ea9017601d0072a06f7
:10720000f806010cf80600ec016101200ca901fb55
:10721000e294af0000d3e1fbe294af0000d4e01fa2
:10722000bf89671160409009fbe28aaf00005cee05
:10723000760e8813231efbe2f5500000f8e401fbf4
:10724000e28aaf0000f8e500fbe28eaf0000f8e94b
:10725000fffffbe28aaf00005ceefbf25a60000029
:107260009809fe1ef1fbe28aaf0000dcef621fd33b
:10727000effbe28eaf0000b80906c4e1280dfbe287
:107280008eaf0000d10e016701670160409009fbdd
:10729000e28caf00005cee760e8813231efbe2f654
:1072a000500000f8e401fbe28caf0000f8e500fbc1
:1072b000e290af0000f8e9fffffbe28caf00005c5a
:1072c000eefbf26a8700009809fe1ef1fbe28caf2c
:1072d0000000dcef621fd3effbe290af0000b809c3
:1072e00006c4e1280dfbe290af0000d10e0167015a
:1072f00067017100f03d06003d05003d04003d03bf
:1073000000fbe2f550000058ee610e210dfbe2f6a5
:1073100050000058ee610e15f806010cf80600ec5e
:107320000161012012fb1aff073911fcfb1aff074c
:107330003918fc2e5bfb125a600000391bfc91814e
:10734000fb126a8700003977fd9109b98106c501f2
:10735000052b15b90975116406e10901067542642a
:10736000431291022e13b98175116406e1090105da
:1073700075426443129102b90175511e240db98101
:1073800006c90105681190890ef90903ff07d500a8
:107390000307b989670460c0a0813e0100f80600b8
:1073a000a881610119fb1aee100547ad00a881ec18
:1073b0001174210000f000a009a80974010000e088
:1073c00000201d770100007020107701000030219f
:1073d00015f80e0000202e0ef80e0000600ff802c7
:1073e0000000d000ec0161012019a881ec1e742e70
:1073f000ffff0fffe31ea881ec1e06940ee31e673d
:107400000367036080a0093c0200a809610119fb21
:107410001adc1005ddac00a809056b57008081a8b7
:10742000096251b0826102212260c03c08013e0124
:1074300008e301754410fb32cc29f0ff6632754138
:107440001205aff80062c02e1f60c03c08013e016b
:1074500008e30166d4fb32dd29f0ff6602754112b4
:107460000590f80062c0c5000203b08967027ea6dd
:107470006080a0093c0201a809610119fb1a801073
:107480000570ac00a80aec21b32662526673054a67
:10749000a7004716143c0200b0816101211bfbe2ea
:1074a000f750000058ee755efe2a0efbe2f7500022
:1074b0000058ef621fc3efc5000203b0893f6603a7
:1074c0007100e8858905eea400e301ec0161011972
:1074d000fb1ad910051cac0005b0cf0061112015b6
:1074e000b58bec0271010405081100710104391516
:1074f000ff670667067100ec3d01002e7371010401
:10750000056655006101206f710104398bfe710120
:1075100004395dff6101200d6612710104059b3085
:10752000002e47a8097100f066128302a081810a2b
:107530008102f8060075443ffb32eb29f0ff7541ec
:107540001205baf50071001060c0710e15e30e3c13
:1075500008003e0108fb322b2af0ff66127541122b
:10756000ef24058ef70062c0980962119009b809ee
:10757000755140238a670560c0a081a00a808ba84e
:1075800081610119fb1aa9100568ab00a8096131d6
:107590003a3802711efb612e2205382e02711ef749
:1075a000612e2205382402711eef612e2205381a41
:1075b000027551143a14027551183a0e0275511b96
:1075c0003a08027551233a020275512b3afc0171b7
:1075d0001ed3612e220538f2017551303aec017547
:1075e00051333ae601711ecb612e220538dc01755c
:1075f00051603a7c0175513f20567551473a8100e0
:1076000075514d3adb0075514e3aa50075515c3a03
:10761000ff0075515f3a290175513c3b8301b089e8
:107620007100f0a0813c0c013c05003c0401f8060f
:1076300000754428fb322d2af0ff660275411205c1
:10764000bcf400710010a88105831e006703b08997
:107650007100f0a0813c0c013c05003c0401f806df
:1076600000754420fb32562af0ff66027541120570
:107670008cf400710010a88105fe1f006703b0891b
:107680007100f0a0813c0c013c05003c0401f806af
:1076900000754424fb32772af0ff6602754112051b
:1076a0005cf400710010a88105a420006703b08974
:1076b0007100f0a0813c0c013c05003c0401f8067f
:1076c0000075442afb329c2af0ff660275411205c0
:1076d0002cf400710010a88105ae1c006703b0896e
:1076e0007100f0a0813c0c013c05003c0401f8064f
:1076f00000754427fb32c72af0ff66027541120568
:10770000fcf300710010a88105a321006703b08974
:107710007100f0a0813c0c013c05003c0401f8061e
:107720000075442afb32ef2af0ff6602754112050c
:10773000ccf300710010a881058b1e006703b0898f
:107740007100f0a0813c0c013c05003c0401f806ee
:107750000075441dfb321a2bf0ff660275411205bd
:107760009cf300710010a88105c421006703b08953
:107770007100f0a0813c0c013c05003c0401f806be
:1077800000754426fb32382bf0ff66027541120566
:107790006cf300710010a881054422006703a8095a
:1077a0007100f0a0813c0c013c05003c0401f8068e
:1077b00000754418fb325f2bf0ff6602754112051d
:1077c0003cf3007100106703670360c0a081a00a4a
:1077d000808ba881610119fb1aa8100515a900a8c2
:1077e0000961313a7802711efb612e2205386e0262
:1077f00061913a690261a13a17017551933ad10139
:107800007551123a58027551143a52027551183a8c
:107810009f0075511b3ac9007551233a40027551ba
:107820002b3a3a02711ed3612e220538300275516f
:10783000303a2a027551333a2402711ecb612e224e
:1078400005381a0275513c3af70075513f3a0e025d
:107850007551473a0802711eb3612e220538fe01a8
:1078600075515c3af80175515f3a05017551603afe
:107870002f017551703a89017551113bb601a881ec
:10788000053f1c00b0897100f0a0813c0c013c0553
:10789000003c0401f8060075441efb32782bf0ff13
:1078a00066027541120556f2007100106703b08937
:1078b0007100f0a0813c0c013c05003c0401f8067d
:1078c0000075441ffb32972bf0ff660275411205cd
:1078d0002cf200710010a88105e11b006703b0893c
:1078e0007100f0a0813c0c013c05003c0401f8064d
:1078f0000075441efb32b72bf0ff6602754112057e
:10790000fcf100710010a88105bd1b006703b08960
:107910007100f0a0813c0c013c05003c0401f8061c
:1079200000754428fb32d62bf0ff66027541120524
:10793000ccf100710010a881051f1f006703b089fa
:107940007100f0a0813c0c013c05003c0401f806ec
:1079500000754428fb322d2af0ff6602754112059e
:107960009cf100710010a88105631b006703b089ba
:107970007100f0a0813c0c013c05003c0401f806bc
:107980000075441dfb321a2bf0ff6602754112058b
:107990006cf100710010a88105941f006703b08985
:1079a0007100f0a0813c0c013c05003c0401f8068c
:1079b00000754426fb32382bf0ff66027541120534
:1079c0003cf100710010a881051420006703b08904
:1079d0007100f0a0813c0c013c05003c0401f8065c
:1079e00000754425fb32ff2bf0ff6602754112053e
:1079f0000cf100710010a881059e20006703b0897a
:107a00007100f0a0813c0c013c05003c0401f8062b
:107a100000754428fb32252cf0ff660275411205e3
:107a2000dcf000710010a88105c5200039ac0767a3
:107a300003a8097100f0a0813c0c013c05003c0446
:107a400001f80600754418fb325f2bf0ff660275e3
:107a5000411205a9f000710010670367037100e887
:107a60003e01003c0300f8050005332c00f805003a
:107a700038c20071010805422c0061013ac000a81b
:107a800081391908808971010839e5f96101207986
:107a900071010805e80900a009a8817100f06612cb
:107aa0008302a081810a8102f8060066a4fb324e9f
:107ab0002cf0ff66027541120543f0007100106062
:107ac000c0710e19e30e3c08013e010866c4fb328a
:107ad000592cf0ff66027541120517f20062c005cd
:107ae000a9c9006131210eb08ba80a71010839dce7
:107af000fc2e3b0595c90061212133b08ba80a718a
:107b000001083975fa2e277100f06601a0818109fc
:107b10008101e3013c0c0175443cfb32662cf0ff13
:107b2000661275411205d6ef00710010dc0162117a
:107b3000d3015c017551202205383aff67067100b8
:107b4000f0ef0105311300ef0139baf867047ea6a2
:107b50007100f00531d20061012028ef01051713f3
:107b600000ef0139a0f8ef0105c21300ef013995cc
:107b7000f87541fa0597ebff660105d7eaff3f6606
:107b800005fbe298af00005ce60523d00006c516b1
:107b90000720150519d000fbe298af0000d11e07a1
:107ba0003905063f66053f66057100f00574ebff79
:107bb0006101202f0581ebff61012030ef0105b647
:107bc0001200ef01393ff8ef0105611300ef0139b1
:107bd00034f87541fa0536ebff66010576eaff6772
:107be000047541fa0527ebff670467047ea6710060
:107bf000c03d87003d860005e5c80084893c8200c1
:107c0000b48964116111211c66110520c9008481a9
:107c1000b482710130056a0d0071013039e7f7f166
:107c20000813b48964216121212a662105fec80058
:107c3000848105a4bf00ef1605e6bf00ef13b484ee
:107c4000710130ef6205d50d0071013039b7f7f1e0
:107c50000913b48964416141212a664105cec800f7
:107c600084810550bf00ef160592bf00ef13b48466
:107c7000710130ef6205390e007101303987f7f17b
:107c80000a13b489648161813bea00058ba70095e2
:107c90008166810597c8008481fbe2f85000005896
:107ca000ee610e2123bd8161012017fbe296af003a
:107cb00000f8e500fbe2f8500000f8e40138b500f8
:107cc000f10b1338af003d87002e6efbe296af003c
:107cd000005ce10551a700a009a082a08be500018e
:107ce00005d500040ce5000307a98ca983a90ab4f3
:107cf0008160408009f8040171013405470e00627b
:107d00004071013039fff6a98ca983a90ab48160ba
:107d1000408009f8040071013405290e00624071a9
:107d2000013039e1f6fbe296af0000dcef621fd3d1
:107d3000ef9d8962119589bd8961212a14fbe29624
:107d4000af00005cee06c50e162806f806010cf81a
:107d50000600ec0161013b75fffbe296af0000bd40
:107d60008106c4e12a0efbe2f8500000f8e400f1bd
:107d70000b13b489752110755110213f7541100501
:107d8000abc700848166c2710120051dc900b4849f
:107d9000666371022071013005810e007101303976
:107da00064f6b4846663710226710130056d0e00bd
:107db0007101303950f6f10c13b4897521207551d9
:107dc00020211d7541200564c7008481b4827101a2
:107dd0003005ff0e00710130392bf6f10d13b48917
:107de0007521407551402113754140053fc70084fe
:107df00081b48139cdf6f10e13b4890514c7003f63
:107e000066117100e405d3cc00a0810559cd009026
:107e100089fbe224e20000ecee06850e023a8a00bd
:107e2000a8817100f066128302a081810a8102f8a4
:107e30000600754411fb32a32cf0ff663275411227
:107e400005bbec00710010fbe224e200007100f0c1
:107e5000e4e0023c0c003c05013c0401f80600751e
:107e60004415fb32b52cf0ff6632754112058eecdd
:107e70000071001071010c05f7080071010c3985c3
:107e8000f5fbe224e20000e10e02fb1254c1000007
:107e900005b36e0061012011fb2e60ea00fb125455
:107ea000c10000052c6e00a8816411611110a88129
:107eb000642161211df806010cf80600ec01610146
:107ec00018a881644161411df806010cf80600ec18
:107ed00001610118a881648161811df806010cf817
:107ee0000600ec016101204dfb1254c10000055554
:107ef0006e006101202efb1254c10000056d6e0062
:107f00006101204971010c0567080071010c39f508
:107f1000f4fb2e60ea00fb1254c1000005b36d00b3
:107f20002e2bfb2e60ea00fb1254c1000005a26d4f
:107f3000002e1afb1254c10000050a6e00610120d8
:107f40000cfb1254c1000005da6d00fbe228e200d0
:107f500000b8890684e13abc00b8897100f0661265
:107f60008302a081810a8102f8060066d4fb32cb2d
:107f70002cf0ff66327541120583eb00710010fb97
:107f8000e228e200007100f0e4e0023c0c003c0555
:107f9000013c0401f80600754414fb32d92cf0ffb3
:107fa00066327541120556eb0071001071010c0527
:107fb0003a080071010c394df46101203405a14dde
:107fc00000610115f806000cf80601ec01610120c2
:107fd000200504b8006101b889197721feff0090df
:107fe00089087721fdff009089b88905a9cb00b8e1
:107ff00089644161412111b8897721fbff00908993
:10800000b8890592cb00b889fbe228e20000e3e1e1
:10801000670767077100f0ef01054f0800ef0139ae
:10802000e4f367047100f0ef0105c60800ef0139c1
:10803000d4f3670460803e0100057a9900e301ec07
:1080400001610119fb1ac31005a8a000ec01ba19bf
:108050007701ffff0020200531c40061212112fbc0
:10806000e2fd50000058ee610e210c39d3fa0f39b1
:10807000dffa3937fb0513c40061212122fbe2fd41
:10808000500000f8e401059cb700ef1efd749e64eb
:10809000751e6443e16101210f39d2010afbe2fd43
:1080a000500000f8e4003946fb3959fd0576b70069
:1080b000a009a809755119231fa8097111e7ef1e1e
:1080c000fd789e3075761e307543e16101193946a1
:1080d000ff3953ff6702670260c03d05003e0100a3
:1080e00005d39800e301ec01610119fb1ad61005d4
:1080f00001a00005e2b6006101a8091e7801a009ef
:108100000d7811a009a809fb22f950000005844749
:1081100000663105064a003d05002e38b90963c1e5
:10812000fb2254b500004b123c2100b90963c1fb8e
:10813000e254b50000660ffe0e1fb90963c1fb22b1
:1081400054b500004b123e22003e210099096211f5
:108150009109b9097551ff25c5fbe224e20000f839
:10816000e600fbe228e20000f8e600fbe2f850003f
:1081700000f8e400fbe296af0000f8e500fb1254c3
:10818000c1000005806b006703396cf30239d0f839
:108190000239a3fe027100f0ef0105c91000ef01e2
:1081a0003963f267047100f0ef0105400e00ef0142
:1081b0003953f2ef01051b1000ef013948f2670453
:1081c0007100ec92099202ba02ba09ef03059f0b03
:1081d00000ef013930f267057100f0ef01051a1167
:1081e00000ef013920f267047100ec3c0300754197
:1081f000200539c3008089b08a71010405d40a00c2
:108200007101043900f267057100e4a181858a05d6
:10821000a49700e301ec01610119fb1ad81005d203
:108220009e00b58c66437102187101040585040037
:1082300071010439d0f167077100ec05789700e30c
:1082400001ec01610119fb1ad91005a69e00053a3f
:10825000c20061312115ec02624271010405840201
:1082600000710104399ff1670567057100ec054550
:108270009700e301ec01610119fb1acd1005739e13
:10828000000507c2006121211171010405e9020006
:108290007101043970f1670567056080a0093c022f
:1082a00000a80968418081c5000203b089670260a7
:1082b00040fbe2f7500000c4e002fbe2f750000090
:1082c000f8e400c5000203b08967017100e0a1096c
:1082d000a182a18b3c030066810551c2008089a95f
:1082e0008ca983a90ab08960408009f80401710152
:1082f000080551080062407101043909f1a98ca9ef
:1083000083a90ab08960408009f80400710108055a
:10831000330800624071010439ebf067087100e82e
:10832000a109a102a08b828cf80600ec0106950140
:1083300005e301ec0106950104e301a8896cc1067f
:108340009401e301b2896c41069401e3010588b40c
:10835000006101ec011e7801e3010d7811e301eced
:1083600001a00967067100f08389a082f80600a8c1
:1083700081610119fb1aca1005789d00b3897551f6
:1083800034203c755119201f75511e201f75512a2c
:10839000201f75512d201f755133201f617121231e
:1083a000f806072e23f806192e1ef8061e2e19f8b9
:1083b000062a2e14f8062d2e0ff806330af8063476
:1083c0000ea881f81400ec01a009670460c082893e
:1083d000a00a3c0200a809610119fb1acb10051282
:1083e0009d00b28965f161f11ab2896101123c0206
:1083f000010ea809f81400c5000203b089670360e4
:10840000c08289a00a808b3c01003c0101c50001ab
:1084100002b08167036080a0093c0200a809755181
:1084200034204661712024755119202475511e2075
:108430002475512a202475512d2024755133202470
:10844000610121293c02002e2c3c02012e273c0216
:10845000022e223c02042e1d3c02082e183c021063
:108460002e133c02202e0e3c024009fb1abb1005c5
:10847000819c00c5000203b089670260c0a081f83a
:108480000600a881610119fb1a811005659c00a8ee
:1084900081ec1efc5ae11420e301ec01a009670302
:1084a00060c0a081908a9083f80500a881610119bd
:1084b000fb1a8a10053c9c00b8816221b88a4712d9
:1084c000220afb1a8b10052a9c00a881b882fec2e2
:1084d000134b126c83552301d303d40001b80967f1
:1084e000037ea660c0a081a00a05ca9400e301ec47
:1084f00001610119fb1ae71005f89b00a8816101d1
:1085000019fb1ae81005eb9b00a809610119fb1a79
:10851000e91005de9b00a886056fc100ef1466a375
:10852000fb2e000060fb120000000c39f2fde3613d
:10853000a8813c1408a809a882c41205a809a88229
:10854000c5120106a809a882c5120207a809a882b7
:10855000c5120308a8813c1900a8813c1a00a88113
:108560003c1b00a886ec617162056673056c960081
:1085700083613f66047ea66080a00905389400e30d
:1085800001ec01610119fb1ae31005669b00a809c3
:10859000610119fb1ae41005599b00a80e05eac0f9
:1085a00000ef146693fb2e000060fb120000000732
:1085b000396dfde361a8093c1408a8093c1500a821
:1085c000093c1600a8093c1700a8093c1800a80996
:1085d0003c1900a8093c1a00a8093c1b00a80eec95
:1085e00061716205667305f2950083613f66037ee3
:1085f000a67100f0a089a082818b05b99300e301e8
:10860000ec01610119fb1ace1005e79a00a88961f7
:108610000119fb1acf1005da9a00a881610119fb34
:108620001ad01005cd9a00a88e055ec000ef146622
:1086300033fb2e000060fb120000000c39e1fce36c
:1086400061a8893c1408b18963c1fbe254b50000fc
:10865000fece11a88a8129b18963c1fbe254b5001d
:1086600000fece1f621ffe0e1f05758e00a88a62d7
:10867000526101153c21010c3c2102a881a88ac449
:108680001207a881a88ac5120108a881a88ac51264
:108690000209a881a88ac512030aa8893c1b00a860
:1086a0008eec6171620566730530950083613f66eb
:1086b000057ea660c0a081a00a900b800ca88161f5
:1086c0000119fb1ad310052a9a00a809610119fba8
:1086d0001ad410051d9a00b809614111fb1ad51072
:1086e00005109a00a88605a1bf00ef146653fb2e63
:1086f000000060fb12000000073924fce361a88140
:108700003c1408b00963c1fbe254b50000fece1171
:10871000a8828129b00963c1fbe254b50000fecef6
:108720001f621ffe0e1f05b88d00a88262526101f4
:10873000153c21010c3c2102a809a882c41207a8fb
:1087400009a882c5120108a809a882c5120209a8b1
:1087500009a882c512030aa8813c1b00a886ec6107
:1087600071620566730573940083613f66047ea69b
:108770006040e301610119fb1ab01005759900ec26
:10878000060506bf00ef14754312fb2e000060fbc8
:1087900012000000043988fbe361ec013c1408ec92
:1087a000060521c8008169ec06052fc30068818198
:1087b000e1ec060525c30081e9ec013c1800ec0161
:1087c0003c1900ec013c1a00ec013c1b00ec06ecef
:1087d00061716205667305029400836105e6c70056
:1087e00062110510c8003f66027ea66080a00905e0
:1087f00075c3009009a809610119fb1ab11005f2af
:108800009800a80e0583be00ef14754314fb2e00dc
:108810000060fb12000000043905fbe361a8093c7d
:108820001408a80e059ec7008169b8096881a80ac6
:1088300081a1b081a80a81a9a8093c1800a8093c17
:108840001900a8093c1a00a8093c1b00a80eec61fd
:1088500071620566730583930083610567c70062d3
:10886000110591c7003f66037ea66040e3016101e8
:1088700019fb1aec10057b9800ec06050cbe00ef06
:1088800014754335fb2e000060fb120000000c390c
:108890008efae361ec013c1408fbe200510000ecad
:1088a00001c4e105ec060580440081e1ec060540c9
:1088b000440081e9ec06055444008261ec0605f1b0
:1088c000f9ff8269ec06057c440082e1ec013c1b67
:1088d00000ec06ec61716205667305fe920083612f
:1088e000fbe20051000058ef621fc3ef3f66027ebb
:1088f000a66040e301610119fb1aed1005f4970031
:10890000ec060585bd00ef14754336fb2e000060b4
:10891000fb120000000c3907fae361ec013c14087b
:10892000fbe200510000ec01c4e105ec0605e61e87
:108930000081e1ec0605fa1e0081e9ec06050e1f38
:10894000008261fbe2ff500000ec01c4e109ec0190
:108950003c1a00ec013c1b00fbe2ff500000f8e475
:1089600000ec06ec617162056673056e920083612e
:10897000fbe20051000058ef621fc3ef3f66027e2a
:10898000a660c0a081818af80600a881610119fb58
:108990001ab210055d9700a88605eebc00ef1475ad
:1089a000432bfb2e000060fb120000000c3970f915
:1089b000e361a8813c1408b18963c1fbe254b500ae
:1089c00000fece11a8828129b18963c1fbe254b5b2
:1089d0000000fece1f621ffe0e1f0511c000e30146
:1089e000ec016981a88281a1ec016901a88281a9b9
:1089f000ec016881a8828221ec01a8828229a881e9
:108a00003c1a00a8813c1b00a886ec6171620566d7
:108a10007305c7910083613f66047ea660c0a08194
:108a2000908a9083808ca881610119fb1ab310058c
:108a3000c19600a8860552bc00ef1475432dfb2e8d
:108a4000000060fb120000000c39d4f8e361a8813b
:108a50003c1408b08963c1fbe254b50000fece119e
:108a6000a8828129b08963c1fbe254b50000fece23
:108a70001f621ffe0e1fb8896881a88281a1b18183
:108a8000a88281a9b8816881a8828221b101a882c7
:108a90008229a8813c1a00a8813c1b00a886ec61b1
:108aa00071620566730533910083613f66047ea69b
:108ab00060c0a081908a9083808ca881610119fb9d
:108ac0001ab410052d9600a88605bebb00ef1475dc
:108ad000432efb2e000060fb120000000c3940f812
:108ae000e361a8813c1408b08963c1fbe254b5007e
:108af00000fece11a8828129b08963c1fbe254b582
:108b00000000fece1f621ffe0e1fb8896881a8827a
:108b100081a1b181a88281a9b8816881a8828221be
:108b2000b101a8828229a8813c1a00a8813c1b00bf
:108b3000a886ec617162056673059f900083613fb2
:108b400066047ea67100eca082a08ba104a009c5da
:108b5000001c03c5001d02a809610119fb1ab5100c
:108b600005909500a80e0521bb00ef14754330fb5e
:108b70002e000060fb120000000c39a3f7e361a88f
:108b8000093c1408b08163c1fbe254b50000fece7d
:108b900011a80a8129b08163c1fbe254b50000fe2f
:108ba000ce1f621ffe0e1fa8096251b08a6102200b
:108bb0002ea8826982801aa8816901a80a81a9a8c1
:108bc000816881a80a8221a881a80a8229b98168be
:108bd00081a80a82a1b301a80a82a92e2cb98268b1
:108be00082801ab301a80a81a9a9016981a80a8211
:108bf00021a9016901a80a8229a9016881a80a821c
:108c0000a1a901a80a82a9a80eec61716205667388
:108c100005c88f0083613f66067ea660c0a081a064
:108c20000a900b800ca881610119fb1ab61005c2cd
:108c30009400a809610119fb1ab71005b59400b892
:108c400009616111fb1ab81005a89400a8860539be
:108c5000ba00ef14754333fb2e000060fb120000d6
:108c6000000c39bbf6e361a8813c1408b00963c16c
:108c7000fbe254b50000fece11a8828129b0096341
:108c8000c1fbe254b50000fece1f621ffe0e1fa8fe
:108c900009a882c41206a809a882c5120107a8095a
:108ca000a882c5120208a809a882c5120309a8094a
:108cb000a882c512040aa809a882c512050ba886b5
:108cc000ec61716205667305118f0083613f660474
:108cd0007ea660c0a081818a3c06003c0501f9099e
:108ce00001b8083c0117a881610119fb1ad11005d0
:108cf000019400a8860592b900ef146663fb2e006c
:108d00000060fb120000000c3915f6e361a8813cfd
:108d10001408b18963c1fbe254b50000fece11a86e
:108d2000828129b18963c1fbe254b50000fece1fe8
:108d3000621ffe0e1fb181a88281a1b109a88281a4
:108d4000a9b8096881a8828221b081a8828229b04d
:108d500009a88282a1a8813c1b00a886ec617162ef
:108d600005667305758e0083613f66047ea67100fb
:108d7000f091899182a0833c0700660181018109fd
:108d800081818101052f8c00e301ec01610119fb58
:108d90001af510055d9300a881610119fb1aef1007
:108da000055093000531aa0061111c3c0701b989e7
:108db00068418101b3816c418109b98168814901b0
:108dc000058109c5000c06a88605beb800ef14751c
:108dd0004323fb2e000060fb120000000c3940f51d
:108de000e361a8813c1408a8860584d9ff8169ec59
:108df00001ba196881a88281a1ec01a882c512126a
:108e000007b189a8828221b101a8828229b109a86b
:108e10008282a1b181a88282a9a886ec61716205d3
:108e2000667305b68d0083613f66057ea66080a0ef
:108e30000905828b00e301ec01610119fb1a921014
:108e400005b09200a809610119fb1a941005a392bc
:108e500000a80e0534b800ef14754311fb2e000076
:108e600060fb120000000439b6f4e361a8093c1469
:108e7000083f66037ea660c0a08105398b00a0096b
:108e80003d0100a809610119fb1a831005649200d5
:108e9000a881610119fb1a861005579200a8860562
:108ea000e8b700ef14754318fb2e000060fb1200ba
:108eb000000007396af4e361a8813c1408a886051c
:108ec0008bd8ff8169a809ba196881a88281a1a8f5
:108ed00009a882c512120705d5bc00d5100701b834
:108ee000096881a8828221b081a8828229a886058a
:108ef000bdbc00c5160a0aa8813c1b0005b0bc0019
:108f0000b31161011ea881f1100b05a2bc00581e0f
:108f1000610e1ea881f1110ba886ec6171620566d5
:108f20007305b78c0083613f66047ea67100f0a0d4
:108f3000893e02003c0700057c8a00e301ec0161e8
:108f40000119fb1a951005aa9100a889610119fb66
:108f50001a9710059d9100a88e052eb700ef147585
:108f6000431bfb2e000060fb120000000739b0f32a
:108f7000e361a8893c14080567be00a08105dabe3c
:108f80000006890102a0810549bf0006890102a0ef
:108f90008105b8bf0006890102a081c5000807a8a5
:108fa0008e05a9d7ff8169ec01ba196881a88a8169
:108fb000a1ec01a88ac5121207a88e05f1bb00c555
:108fc000160208a88e05e7bb00c5160309a8893c50
:108fd0001a00b189a88a82a9a88eec61716205661f
:108fe0007305f78b0083613f66057ea67100e0a1e3
:108ff0008905c28900a18105b5bb00d510080b0504
:1090000015bc00d510080a3d090005a2bb00d5100b
:1090100009080502bc00d51009073d06003d050002
:109020003c09003d0300a981610119fb1af81005f4
:10903000c19000a989610119fb1af91005b49000cb
:10904000a98e0545b600ef14754369fb2e0000603c
:10905000fb120000000739c7f2e361a9893c14083c
:10906000ba8906c5010a206fba817601f54f240a34
:10907000ba897601f64f2306f806010cf80600ecd3
:1090800001610110f90909f64f2e50ba8906c50190
:109090000a2b15ba8175116406e109010b7542644a
:1090a0004312908a2e13ba8975116406e109010ae8
:1090b0007542644312908ab88961912414ba890672
:1090c000c9010a68119209ba09625192092e0cf974
:1090d0000909f64f0dd5000b09ba09fd74910a92e2
:1090e00009a981a991755196211605c2ba00cd1e14
:1090f00024611e1e3c09a52e223c095a2e1da98161
:10910000a991755169211405a5ba00cd1e24750ecb
:10911000ff1d3c09a50c3c095aba0106c5010720f0
:1091200069b9897601fe07240aba017601ff07238f
:1091300006f806010cf80600ec01610110f90906b9
:10914000ff072e4aba0106c501072b15b98975110b
:109150006406e10901087542644312910a2e13baac
:109160000175116406e10901077542644312910a11
:10917000b9096191240eba0106c9010768119181ec
:109180002e0cf90906ff070dd5000806a9893c1524
:10919000c7b209a98a81a19a09fc5a11180ca98a97
:1091a00081a9b481a98a82219981fc5a11180ca93c
:1091b0008a8229b301a98a82a1a9893c1b00a98eb0
:1091c000ec61716205667305118a0083613f66096f
:1091d0007ea67100f0a08905dc8700a0810562bb36
:1091e00000fd8123a00b68116df25721e301a881d6
:1091f000610119fb1afa1005f98e00a8896101199d
:10920000fb1afb1005ec8e00a88e057db400ef1450
:1092100075436afb2e000060fb120000000739ff57
:10922000f0e361a8893c1408a8893c15c7b109a8d6
:109230008a81a1b101a88a81a9b089a88a8221b0b6
:1092400081a88a8229b009a88a82a15801a88a82a5
:10925000a9a88eec617162056673057e8900836141
:109260003f66057ea66080a009054a8700e301ec01
:1092700001610119fb1af61005788e00a809610139
:1092800019fb1a9710056b8e00a80e05fcb300efb2
:1092900014754385fb2e000060fb120000000c39a2
:1092a0007ef0e361a8093c1408a80e050dc40081f6
:1092b00069a80e054ac40081e1a80e0590c5008189
:1092c000e9a80e05b7c5008261a80e056bbe005f58
:1092d00011058f2b00fd7491648269a8093c1a0066
:1092e000a8093c1b00a80eec61716205667305ead3
:1092f000880083613f66037ea660c0a08105b686b4
:1093000000e301ec01610119fb1afc1005e48d007a
:10931000a881610119fb1afd1005d78d00fb127c95
:10932000c10000622166e205c189009089a8860516
:1093300058b300ef14754371fb2e000060fb120060
:1093400000000c39daefe361a8813c1408b88968a1
:1093500081a8828129b181a88281a1a8813c1700be
:10936000a8813c1800a8813c1900a8813c1a00a8db
:10937000813c1b00a886ec617162056673055b8801
:109380000083613f66047100e8a1093c83003c82d0
:10939000003c81003d07003c0d003c0c003c0b00f4
:1093a0003c0a003c09003c0800050a8600a009a808
:1093b00009610119fb1aea1005388d00a90961013c
:1093c00019fb1aeb10052b8d00a909c5100513a96f
:1093d00009c5100612a909ec1105c1eeff8409a9ff
:1093e00009b19a6c82551208918a059db200450117
:1093f000123bc600b40bb48975424e3904f06101ca
:109400003ab700a909c510090da909c5100a0ca988
:1094100009c5100b0bb30905b186008281b30105a4
:10942000a986008209b289051a86008201b281618b
:109430000112b209610115f806010cf80600ec01f1
:10944000610112b201610115f806010cf80600ec89
:109450000161012030fb1260c10000ba1906c5018c
:10946000072156fbe260c10000c50e0d0efbe26055
:10947000c10000c50e0c0ffbe260c10000c50e0b61
:10948000106706a9097100f0e410023c0c013c05cc
:10949000003c0401f80600754432fb32f02cf0ff6a
:1094a00066327541120556d600710010fbe2fe507f
:1094b0000000f8e401670667066040e301670160a9
:1094c00040e30167016040e30167017100eca10125
:1094d0003c0f003c0e003c0d00050580008301059b
:1094e000398000828905ce8400a009a8096101198c
:1094f000fb1aa01005fc8b00a901610119fb1aa140
:109500001005ef8b00fbe2fe500000f8e400a9011b
:10951000c510050fa901c510060ea901ec11057ca7
:10952000edff8309b301610112b289610115f806eb
:10953000010cf80600ec0161012044054cb1004526
:10954000010e217fb30bb38975423c39b4ee610142
:10955000207175431c6602fb1260c1000005a7abb9
:1095600000fb1260c1000005cd7e00051cb100fbb0
:109570002260c1000082210517a5006705050ab118
:109580000045010e213db30bb38975423c3972eea3
:109590006101202f75431c6602fb1260c1000005ab
:1095a00065ab00fb1260c10000058b7e0005dab0e0
:1095b00000fb2260c100008221660105d67f0067a2
:1095c0000567057100f0a0893c0b003c0a003c09ce
:1095d0000005e28300a009f80600a809610119fb53
:1095e0001aa410050d8b00a889610119fb1aa5109a
:1095f00005008b00a889c510050ba889c510060aaf
:10960000a889ec110596ecff8209057db0004501a3
:109610000a2163b20bb28975425c39e5ed61012024
:1096200055a889b199069401e301a889b2116c810a
:10963000069401e301a889b2196d01069401e301c2
:10964000a889b2916d81069401e3017100e475432c
:109650001cfb2260c10000ef017f8f057283007147
:10966000001cfbe2fe50000058e1b20bec02052b9f
:10967000a400670467047100e8a1093c83003c82f0
:10968000003c81003d07003e02003c07003c060014
:1096900005238300e301ec01610119fb1a9c10050d
:1096a000518a00a909610119fb1a9d1005448a001d
:1096b000a909c5100513a909c5100612a909ec11bd
:1096c00005daebff840905c1af00450112217db425
:1096d0000bb48975423f3929ed6101206fa90962f8
:1096e000516633668239bbed9189fbe260c10000af
:1096f000d50e0709a909b199710207056f8200a06b
:1097000081b1896101200cfbe260c10000e50e021d
:1097100006a909c5100b06f50006200cfb1260c156
:1097200000003c1c010afb1260c100003c1c00f55b
:109730000106200dfb1260c100003c1d016706fb05
:109740001260c100003c1d00670667067100e8a1b9
:10975000093c83003c82003c81003d07003c0d0039
:109760003d05003c09003c0800054a8200a009a80c
:1097700009610119fb1aaa1005788900a90961017c
:1097800019fb1aab10056b8900a909c5100513a9af
:1097900009c5100612a909ec110501ebff8409a9fe
:1097a0000962516623668239f9ec918905dbae00c6
:1097b0004501123ba200b40bb4897542473942ec13
:1097c00061013a9300a909c510090da909b2926c6b
:1097d0008255120b910ab30905d782008209b90993
:1097e000053582008201b209610112b201610115e1
:1097f000f806010cf80600ec0161012026fb12605e
:10980000c10000ba1906c50107214cfbe260c10086
:1098100000c50e0d11fbe260c10000d50e050a6700
:1098200006a9097100f0e410023c0c013c05003c63
:109830000401f8060075442ffb32232df0ff663239
:1098400075411205b8d200710010fbe2fe50000015
:10985000f8e4016706670660c0a08105588100a092
:1098600009a809610119fb1ae51005868800a8817d
:10987000610119fb1ae61005798800a80aa881621f
:109880004262516643050ba800610115f806000c01
:10989000f80601ec0161012012059fe9ff058fd256
:1098a000ff66210515ac00670367036080a0093cd3
:1098b00003003c02003c0100a809610119fb1ae108
:1098c00010052f8800a809c5100501a809c51006b4
:1098d00003a809ec1105c5e9ff808105acad004581
:1098e00001032148b083b00975424d3914eb610181
:1098f000203aa809fbe260c10000c51e0704a809c0
:10990000fbe260c10000c51e0805a809fbe260c1ba
:109910000000c51e0906a809fbe260c10000c51ec3
:109920000a076611056d7c00670267027100f0a0ee
:10993000893c0b003c0a003c09003e01003c03004e
:109940003c0201a889610119fb1ae21005a48700f5
:10995000a889c510050ba889c510060aa889ec11ad
:10996000053ae9ff82090521ad0045010a216db2e2
:109970000bb28975425f3989ea6101205fa889b11c
:109980009971020239e1e9a009b08161012022a8a0
:10999000093984ea8089b20ab0890510ac00053e15
:1099a000ab005501038089b0890566ab006704a848
:1099b000897100f0e410023c0c013c05003c0401fc
:1099c000f80600754429fb32532df0ff66327541cd
:1099d00012052ad1007100106704670460c0a081dd
:1099e0003c07003c06003c05003c040105c77f0025
:1099f000e301ec01610119fb1abc1005f58600a812
:109a000081610119fb1abd1005e88600a881c51007
:109a10000507a881c5100606a881ec11057ee8ffa0
:109a200081090565ac00450106216bb10bb1897553
:109a3000426039cde96101205da881b199710204cc
:109a4000398ce9b1016101200ca881b211710204c5
:109a5000397ce9b1016101a8812012b19905b3ab4c
:109a600000a881b21105f9ab0067037100f0e410a2
:109a7000023c0c013c05003c0401f8060075442c36
:109a8000fb327d2df0ff66327541120570d00071fa
:109a900000106703670360c0a0813c070005167fc4
:109aa00000e301ec01610119fb1afe100544860078
:109ab000a881610119fb1aff1005378600a881c52e
:109ac000100607b1897551962123fb1ec07f100532
:109ad000b347000541ba00661105eaacff661105ff
:109ae00001adff664105d3a900670367037ea66049
:109af00080a009610119fb1af41005f68500a80978
:109b0000b119fb227cc100009029fb127cc100002e
:109b1000981a6c42a80bb1b368435732901afb6293
:109b20007cc10000b869057123009069a809b19152
:109b300064f1fb227cc1000090a1fb127cc10000fb
:109b400098926c82a80b5532079092fb627cc10000
:109b500000b8e10544230090e1a809b211fb227c82
:109b6000c1000090a9fb127cc10000989a6c42a829
:109b70000bb23b68435732909afb627cc10000b83d
:109b8000e90516230090e9a809b21964f1fb227ccb
:109b9000c100009121fb127cc1000099126c82a8c7
:109ba0000b55320a9112fb627cc10000b96105e9d4
:109bb00022009161fb127cc10000b81a66010524e5
:109bc0003600fb127cc10000b89a661105163600fb
:109bd000fb127cc10000b8190532bd00fb127cc12c
:109be0000000b899053ebd00fb127cc10000b89191
:109bf000050abe00fb127cc10000b9110516be00ab
:109c0000a809b2997511649009b8097601c20a24ad
:109c100009f90901c30a2e0fb8097601ec232307bd
:109c2000f90901eb23fbe27cc10000d50e0105fb25
:109c3000127cc10000b9190504acfffb127cc10005
:109c400000b91905ffbd0005c5d0ff5f1105edbcca
:109c50000005cad0ff5f1105fbbc00053db800053b
:109c6000769b00610118059bafff3f660305689b6b
:109c70000061111805e4b0ff3f66037541190572d4
:109c800084003f66036e677100f0a089a0823e01e8
:109c900000f80600a889610119fb1a101105538408
:109ca00000a881610119fb1a111105468400a889d9
:109cb0005d1e6f751e184be1a009e10002ec02a8c1
:109cc000097543100558a300a88e5d676f052c9b8e
:109cd000007517184b767211e803a161a8895d1e03
:109ce0006f751e184be13c9400a8895d1e6f751eb0
:109cf000184be13c9500a88e5d6e6f621e5fe139e6
:109d00003803d7616fa88e5d6e6e614e2a0ddd6ed1
:109d10006e621ed76e6e3f6706a8895d1e70621e5a
:109d20005fe1391503d761707100f06601a0818190
:109d3000098101e3013c0c01754425fb32ac2df097
:109d4000ff6612667105b6cd00710010fbe201518d
:109d5000000058ee755efe2a11fbe201510000582a
:109d6000ef621fc3ef3f67063f67067ea66040e3d2
:109d700001610119fb1a121105788300ec015d1ec7
:109d80006e610e2b45ec015d1e70751e184be13e99
:109d90001400ec015d1e70751e184be13c9400ec44
:109da000015d1e70751e184be13c9500ec065d6e62
:109db00070621e5fe1398202d76170ec01dd1e6eb8
:109dc000601ed71e6e3f66023f66027100eca10165
:109dd0003c0f003e020005239a00a009a901610181
:109de00019fb1a1611050b83003c0f01a9015d1e1a
:109df0006e610e2a05388800a9015d1e70751e1857
:109e00004be1a081a881a911068501012271a881d9
:109e100060c06251e3013c08013e010875442dfb1e
:109e200032d22df0ff6612667105c7ce0062c0a85f
:109e300009a882068121047100f0a0813c0c013c3c
:109e400005003c0401f80600754424fb32002ef0a6
:109e5000ff6612667105a6cc00710010a901390dcc
:109e6000ff3c0f00fbe20251000058ee755efe2a37
:109e70000efbe20251000058ef621fc3efb389618d
:109e80000115f806000cf80601ec0161013b5cffce
:109e900067056e677100f0a089a082a00af806002d
:109ea000a889610119fb1a041105478200a8816184
:109eb0000119fb1a0511053a8200a8895d1e727509
:109ec0001e144be1711178e301a80aec01754310ef
:109ed000054ca100a88e5d677205209900751714c6
:109ee0004b767211e803e76122a88e5d6e72621ee6
:109ef0005fe1394501d76172a88e5d6e71614e2aae
:109f00000ddd6e71621ed76e713f6706a8895d1efa
:109f100073621e5fe1392201d761737100f066013f
:109f2000a08181098101e3013c0c01754425fb32cc
:109f3000252ef0ff6612667105c3cb007100103f3d
:109f400067067ea66040e301610119fb1a0e110548
:109f5000a18100ec015d1e71610e2b2cec015d1ed8
:109f600073751e144be1f9162200ec065d6e7362e8
:109f70001e5fe139c400d76173ec01dd1e71601e04
:109f8000d71e713f66023f66027100eca1013c0fd3
:109f9000003e020005659800a009a901610119fbb6
:109fa0001a0d11054d81003c0f01a9015d1e716163
:109fb0000e2071a9015d1e73751e144be17111789d
:109fc000a081a881a911068501012258a88160c03d
:109fd0006251e3013c08013e010875442dfb324b00
:109fe0002ef0ff661266710509cd0062c0a809a8af
:109ff00082068121047100f0a0813c0c013c050027
:10a000003c0401f80600754424fb32002ef0ff6684
:10a0100012667105e8ca00710010a9013926ff3cdb
:10a020000f00b389610115f806000cf80601ec0178
:10a0300061013b75ff670560809089b889ef1efd5f
:10a04000749e05635e43e19009d5000102b8816703
:10a05000026080818981823c04003c0300b1894513
:10a060000106202db1814501072b15b18141010762
:10a070008089b08975518024183c04012e13b18960
:10a080004101068089b08975518123053c0401c5d1
:10a09000000405b109670260c0a081a00a808ba8f6
:10a0a00081610119fb1a021105488000a80961218c
:10a0b0002046611120246101215cb0896101a882e0
:10a0c000200dfb1294c1000039bdfb6703fb129405
:10a0d000c1000039bffd6703b0896101a882200d6e
:10a0e000fb127cc20000399ffb6703fb127cc2009d
:10a0f0000039a1fd6703b0896101a882200dfb1220
:10a1000064c300003981fb6703fb1264c30000399c
:10a1100083fd6703fb1a031105d87f0067037100f5
:10a12000e4a1813c87003e04003e03003c0b003c60
:10a130000a003d04003d0300a981610119fb1a17c3
:10a140001105af7f003c8701a981d5106e04a9815c
:10a15000d5107103b901610112b889610115f806c2
:10a16000010cf80600ec0161013a1701a9815d1e9e
:10a1700070751e184be1a101a9815d1e73751e1437
:10a180004be1711178a089a901c510050ba889c5fb
:10a1900010050aa901b5116101200da901b51961c8
:10a1a000011df806010cf80600ec0161012074b2f3
:10a1b00082b289399efe61012069a9017100f066b1
:10a1c000128302e41002810a8102f8060075443805
:10a1d000fb32792ef0ff66710523c900710010a9ca
:10a1e0000160c06251e3013c08013e010875442b47
:10a1f000fb32b22ef0ff6612667105f6ca0062c02d
:10a20000a9813969fb3c8700fbe20351000058ee4d
:10a21000755efe2a0efbe20351000058ef621fc379
:10a22000efb5896101205bb28ab2813926fe6101f6
:10a230002050a8897100f066128302e41002810a9e
:10a240008102f80600754438fb32de2ef0ff66719d
:10a2500005abc800710010a88960c06251e3013ce1
:10a2600008013e010875442bfb32b22ef0ff661246
:10a270006671057eca0062c0a98139c8fc3c8700ae
:10a28000b589610115f806000cf80601ec016101c1
:10a290003bb5fe67077ea67100e4a1813c87003ec6
:10a2a00004003e03003c0b003c0a003d04003d035b
:10a2b000003d0200a981610119fb1a181105337ec6
:10a2c00000a981d5106e03a981d5107102b8890645
:10a2d000c501042b0eb88106c501042b06f8060142
:10a2e0000cf80600ec0161012074a9865d6e700611
:10a2f000c90e045fe13942fd7511184b16a106a97c
:10a30000865d6e7306c90e045fe1392dfd7511146b
:10a310004b16716678a08ea901c510050ba889c5da
:10a3200010050a3c8701b28945010a2134a901ecd4
:10a330001ea88906a00d1e613e2126a88aa90162d9
:10a340005262516673054b9d0061012014a9013cc6
:10a3500095013c87009901621191010c3c8701b580
:10a3600089610115f806000cf80601ec0161013b5a
:10a3700052ff3f66086040e301610119fb1a1b119f
:10a3800005707d00ec013945faec0139fefbec016a
:10a39000398efdec013900ff670160c0a0813e01ec
:10a3a00000f80600a881610119fb1a1c1105437d04
:10a3b00000a881f9156e00a881f9157100a881f92e
:10a3c000157000a881f9157300a881f9156f00a810
:10a3d00081f91572003e01002e68a8097511180652
:10a3e000890102e301ec01754310660205189d0026
:10a3f000a809751118068901023e1400a8097511f3
:10a4000018068901023c9400a809751118068901f3
:10a41000023c9500a8097511140689010271117892
:10a42000e301ec01754310660205db9c00a8097589
:10a43000111406890102f9162200a8096211a00967
:10a44000a8096151239667037100e8a109a1023ca4
:10a450000e003e02003e0100f80600a90961011944
:10a46000fb1a1d11058c7c00a901610119fb1a1e44
:10a4700011057f7c00a9095d1e70751e184be1a0b7
:10a4800081a881b51961012041e5000401e10002c4
:10a49000ec02a80975431005859b00a90160c06204
:10a4a00051e3013c08013e010866b4fb32172ff06e
:10a4b000ff66126671053bc80062c0a9093985faba
:10a4c000a90939a9f83c0e01c5000e0fb38967062a
:10a4d0007ea67100e4a181a10aa103a08c3d040025
:10a4e0003e0100a981d5106e01f80500a981610126
:10a4f00019fb1a231105fb7b00a909610119fb1a3d
:10a50000241105ee7b00a889610119fb1a251105ac
:10a51000e17b003d04002e76a9865d6e7006c90eb3
:10a52000045fe13914fb7511184b16a00ea809b58c
:10a530001161012153a889ec1e62ce06850e042507
:10a540000afb1a261105ab7b00a889ec11068901cc
:10a5500005a80a664305c79a00a889ec1e624ee367
:10a560001ea889ec1106890105a80a6252668305b6
:10a57000ad9a00a889ec1e628ee31ea8093c9401e6
:10a58000dc016211d301990162119101b90106c583
:10a5900001012986d40005b9093f6608fb1294c160
:10a5a000000039f8fdfb127cc2000039effdfb1200
:10a5b00064c3000039e6fd0260c0a081818af8060c
:10a5c00000a881610119fb1a0c1105267b00a881e6
:10a5d00005abdeffe301ec0161313ac000711efb07
:10a5e000612e220538b60061913ab10061a1207850
:10a5f00075519320737551123aa2007551143a9c0b
:10a6000000755118205775511b20527551233a8cf3
:10a610000075512b3a8600711ed3612e237e755131
:10a620003020797551332074711ecb612e236d75e6
:10a63000513c203475513f202f755147202a711eff
:10a64000b3612e232375515c201e711ea1612e2340
:10a650001775517020127551112118b18ba88166a0
:10a66000023936fa6703b18ba8816612392bfa6773
:10a6700003ec017100f0a0813c0c013c05003c049e
:10a6800001f80600754418fb32232ff0ff661266ae
:10a6900071056ac40071001067036703fb1294c15f
:10a6a000000039d3fcfb127cc2000039cafcfb124b
:10a6b00064c3000039c1fc026080a0093c0200a80c
:10a6c00009610119fb1a291105287a00b08161017d
:10a6d000210fa80afb1294c10000396efd8081b0e1
:10a6e000816101210fa80afb127cc20000395bfdc9
:10a6f0008081b0816101210fa80afb1264c30000b0
:10a700003948fd8081c5000203b08967027100ec01
:10a71000a101a08a3d0300f80600a901610119fb0f
:10a720001a1f1105cd7900a88961d1240afb1a20ce
:10a730001105bf7900ec016221e301a88ba902efaa
:10a7400004fb1294c100003989fd06c901039089f8
:10a75000a88ba902ef04fb127cc200003974fd062d
:10a76000c901039089a88ba902ef04fb1264c300fe
:10a7700000395ffd06c901039089a90166237102b2
:10a7800006059b9800ec01a08167057100dca20121
:10a79000a18a3d0d003e05003e0400aa0161011999
:10a7a000fb1a2111054c7900aa02662371011a05d2
:10a7b0006d9800a9096221a1093e04002e4da90946
:10a7c00062c106850107250afb1a221105247900ba
:10a7d000aa02068902056643ef0105429800a9090d
:10a7e0006241a109aa020689020566837101050575
:10a7f0002d9800a9096281a1093c04086602ef01b5
:10a8000039b8fda9016211a101bb09068501042423
:10a81000af67096040fbe201510000c4e002fbe2c7
:10a8200001510000f8e400c5000203b0896701602f
:10a8300040fbe202510000c4e002fbe202510000d2
:10a84000f8e400c5000203b08967016040fbe20341
:10a85000510000c4e002fbe203510000f8e400c52f
:10a86000000203b0896701056e8f006111200e613f
:10a870000121116611058030002e11660105783026
:10a880000009fb1a0f10056a780005040800027e13
:10a89000a67100eca101a08a910ba889610119fba6
:10a8a0001a1310054d780005180900a90105ee09d5
:10a8b00000b90905020800e301ec016121202961ca
:10a8c00011201d6101212a051a0c006101200ca82c
:10a8d0008e05fb0900e3612e20f806022e1b66b1ef
:10a8e00005f576002e13fb1a19100506780009fbf2
:10a8f0001a091005fd7700ec01a0093f66067100fa
:10a90000eca101a08a910ba901610119fb1a141095
:10a9100005e07700a889610119fb1a221005d37799
:10a9200000059e0800a88905db0900b9090588070c
:10a9300000e301ec01612120266111201a6101214f
:10a940002705a00b0061011ef806022e23a90105b0
:10a950000f0a002e1b66c1057e76002e13fb1a1a05
:10a9600010058f770009fb1a0b1005867700ec01a4
:10a97000a00967057100eca101a08a910ba90161f2
:10a980000119fb1a3b10056a7700a889610119fbc0
:10a990001a3c10055d770005280800a88905930971
:10a9a00000b90905120700e301ec016121202761cc
:10a9b00011201a61012128052a0b0061011ef806e9
:10a9c000022e24a90105be09002e1c7541100507a1
:10a9d00076002e13fb1a37100518770009fb1a387a
:10a9e00010050f7700ec01a009670560809089fbd6
:10a9f000124cc40000053a9a0005c60700fb124c31
:10aa0000c4000005a50900b88905ac0600e30105ee
:10aa1000799a00ec0161213a050161113af800616f
:10aa2000013b050105bd0a0061013a0601fb12fc6c
:10aa3000c4000005a3090005519a0061113acb003a
:10aa400005489a006131212c7200a0fe754eb0fbc2
:10aa5000224cc40000ef01efe37f8fef017211b0d1
:10aa600000fb22fcc40000efe37f8f39b6027200c6
:10aa700060017200a0fe754eb0fb224cc40000efd6
:10aa800001efe37f8fef017211b000fb22fcc400e5
:10aa900000efe37f8f396a05720060017200a0fe4b
:10aaa000754eb0fb224cc40000ef01efe37f8fef47
:10aab000017211b000fb22fcc40000efe37f8f396c
:10aac0007202720060017200a0fe754eb0fb224c53
:10aad000c40000ef01efe37f8fef017211b000fbc4
:10aae00022fcc40000efe37f8f392702720060016f
:10aaf000720050ff7543b0fb22fcc40000ef017fe1
:10ab00008f3956017200b000fb12fcc400000540f2
:10ab10009900670266d105bf74006702fb1a1b101b
:10ab200005d075006702fb1a0c1005c67500670298
:10ab30006702608090890589060005c10800b88910
:10ab400005750500e301ec01612120466111203a01
:10ab500061012148058d0900610121287100f0661d
:10ab600001a08181098101e3013c0c01754419fbbd
:10ab7000323c2ff0ff661266710582bf0071001033
:10ab8000670205940800670266e1054b74006702de
:10ab9000fb1a1c10055c75006702fb1a1d1005529c
:10aba000750067027100d8a189a202a20b918c3caa
:10abb0000d003d05012e5205080600aa0baa02a9a8
:10abc0008905660800b98905ee0400a009a8096195
:10abd00021201f6111201361012120050609006158
:10abe0000120203c0d012e1b66f105eb73002e1396
:10abf000fb1a1e1005fc740009fb1a1f1005f374e4
:10ac000000990962119109b309610115f806000c58
:10ac1000f80601ec016101200cb90961112406f864
:10ac200006010cf80600ec016101218db3096101f8
:10ac300015f806000cf80601ec01610111fb1a2061
:10ac40001005af740005510800a101a10aa183a954
:10ac500001a90aa983670a6e6760403d0100710679
:10ac600010fbe20451000058ee610e2048b8ef05d9
:10ac7000438f004b17900fb80905498f00b96f0536
:10ac8000578f004b17900fb809055d8f0005488b53
:10ac90000061012114a96905829d00b961056d8fcc
:10aca00000b9e1058b8f00fbe204510000f8e400dd
:10acb0003f670305228b006111202761012145a90f
:10acc0006905589d00b8e905fb8e00b96905198f23
:10acd00000b96105378f00b9e105558f003f670363
:10ace00005d28e0006c5610317669105ea7200055c
:10acf000e78e0006c56105201666a105da72003fe1
:10ad00006703fb1a101005ea73003f67033f6703f0
:10ad1000ad090685014112fb1a241005d573000206
:10ad200002b1814501b612fb1a261005c573000257
:10ad3000026e6860403c03007206c4007107143d57
:10ad40000096597e60456e602035597e60611e1701
:10ad50006611052db9ff3c03017100f06601a08169
:10ad600081098101e3013c0c01754439fb32562f06
:10ad7000f0ff663266710585bd00710010597e5482
:10ad8000456e542035597e54611e1766110506b96b
:10ad9000ff3c03017100f06601a08181098101e39c
:10ada000013c0c0175443efb32902ff0ff66326689
:10adb00071054abd00710010fbe20551000058e822
:10adc00005ec9d0045180c201505e39d00fbe205f0
:10add000510000c11e0c66110579b8fffbe2065157
:10ade000000058e805c89d004418201405c09d00c7
:10adf000fbe206510000c01e66110557b8ffaff117
:10ae00000685611e202f7100f06601a081810981f5
:10ae100001e3013c0c01754439fb32cf2ff0ff6692
:10ae200032667105d8bc007100106601057bb8ff61
:10ae30003c03015d7e3106c56e3120367100f0663f
:10ae400001a08181098101e3013c0c0175443cfbb7
:10ae5000320930f0ff6632667105a2bc0071001045
:10ae60003c0301fbe29aaf00005ce105719e000a21
:10ae7000fbe29aaf0000d17e31597e56456e5620d6
:10ae800038597e56456e562809596156052fb8ff28
:10ae90007100f06601a08181098101e3013c0c0190
:10aea000754437fb324630f0ff66326671054ebca2
:10aeb000007100103c0301597e57456e57203859e8
:10aec0007e57456e57280959615705ffb7ff710036
:10aed000f06601a08181098101e3013c0c01754408
:10aee00037fb327e30f0ff663266710510bc0071b0
:10aef00000103c0301597e5e456e5e207fdd71349b
:10af000006610d6134d3015c016101206ffbeeff2e
:10af1000f60006e00c0e2113597e5e456e5e285c3d
:10af200059615e057c9d002e535d71347100f066a1
:10af3000128302a081810a8102f80600754443fb56
:10af400032b630f0ff6632667105b2bb0071001098
:10af50005d61347100f0a0813c0c003c05013c04b3
:10af600001f806006664fb32fa30f0ff6632667163
:10af7000058bbb007100103c0301af710681611ca1
:10af8000af7a0681621d57216101203daf79af7212
:10af90000685621c06a100611d222eaf6aaf610505
:10afa000c6b6ff7100f06601a08181098101e3014d
:10afb0003c0c01754442fb320131f0ff66226671a0
:10afc000053bbb00710010b08961112125fbe20730
:10afd00051000058ef621fc3effbe2075100005819
:10afe000ee615e2319fb1a2710050771003f680404
:10aff000fbe207510000f8e4003f68043f6804608a
:10b00000c0e5004002720ec000710f10e5f01001a3
:10b01000d5e00701d1f00705be87006111202c6142
:10b0200001214da88177215535f3a081a809772109
:10b03000aacafca009b8097721f6ff0090095c01b3
:10b040007721fdff00d3012e2fa8817721aacafc0a
:10b05000a081a80977215535f3a009b8097721fd0a
:10b06000ff0090095c017721f6ff00d30109fb1a6c
:10b070002110057e7000a80906950102058a9a0034
:10b08000dc01065501015f11050c9b006703393196
:10b0900001fbe2e12c0000f8e400fbe2e02c000000
:10b0a000fbf2e12c0000c0fefbe2e02c000058efb8
:10b0b000601fc3ef026e677100ec92093e02003c14
:10b0c0000700fbe27aae00005cee610e19fb1a0786
:10b0d00010051f7000fbe27aae00005ce6ba0f05b7
:10b0e000a9930061111df806000cf80601ec01603f
:10b0f00040c301fb22ce220000ef61ef23ef740575
:10b1000035290062408189610115f806000cf806b6
:10b1100001ec016101153e02010c3e0200a881a074
:10b12000893f67077ea67100f08389a082fb12ce5b
:10b13000220000a009b38939fa00610115f8060060
:10b140000cf80601ec01610111fb1a001005a36f58
:10b1500000a8817701000001230afb1a081005925c
:10b160006f00b389a80ac321fbe2e12c0000a80903
:10b17000c4e101a881a80a9029a80e66036642efdf
:10b180006105ec6900a069a80eb86a71610c6603dc
:10b1900005dd6900a0e1b90162c1fbe27aae000001
:10b1a000d3e1fbe2e02c0000fbf2e12c0000c0fe4a
:10b1b000fbe2e12c000058ef621fc3ef3f6605fb86
:10b1c0003a120a6602fb12ce22000005398f00fbfc
:10b1d000e27aae0000f8e500026040fbe2e02c00fd
:10b1e00000c4e003b08967016040808905e98500fb
:10b1f0006111201061012131fb1a0d1005f46e0060
:10b200006701fbe2e12c0000c10e03fbe2e02c0031
:10b2100000fbf2e12c0000c0fefbe2e12c00005834
:10b22000ef621fc3ef6701fb1a0e1005c56e0067c2
:10b2300001608081893c05000550920060116131f8
:10b24000244bb189611116b18961211df806010ce9
:10b25000f80600ec0161011eb18961311df806019b
:10b260000cf80600ec0161011eb18961411df80670
:10b27000010cf80600ec0161011eb18961511df855
:10b2800006010cf80600ec01810909fb1a171005ec
:10b29000616e00c5000506b18167026080a0093caf
:10b2a0000300a80960116131241ac5000403fbe200
:10b2b000ce220000c50e030c6611ef120568feffda
:10b2c0006702fb1a0110052a6e0067027100f0fb8d
:10b2d000e2ce220000c5e00c0bb289610117b289f1
:10b2e00061512906f806010cf80600ec0161011114
:10b2f000fb1a021005fc6d00b289a009a809a089fb
:10b3000067046080a009610119fb1a031005e36d51
:10b3100000e10001ec02fb12ce22000062c1754385
:10b320001405fb8c00754214662105fafdff6702c7
:10b330006080a009610119fb1a391005b56d00e1a3
:10b340000001ec02fb12ce22000062c17543180519
:10b35000cd8c00754218662105ccfdff6702608028
:10b36000a009610119fb1a041005876d00e10001b5
:10b37000ec01fb22ce22000062c2754314059f8cb3
:10b380000067026080a009610119fb1a3a1005628a
:10b390006d00e10001ec01fb22ce22000062c275cb
:10b3a0004318057a8c0067026080a009610119fbcf
:10b3b0001a0510053d6d00e10001ec02fb12ce22e2
:10b3c000000062c17543b005558c007542b066310e
:10b3d0000554fdff67026080a009610119fb1a0690
:10b3e00010050f6d00e10001ec01fb22ce220000f0
:10b3f00062c27543b005278c006702fb12ce2200a3
:10b400000062c1fb2a02030506f3fffb2a02036662
:10b41000410513fdff02fb12ce22000062c1fb2a90
:10b4200002030569f3ff027100eca081a08aa10369
:10b43000f80600fb12ce22000062c16643710208ca
:10b4400005dc8b00fb12ce22000071111066237107
:10b45000020c05ca8b003e01002e28a902068902b3
:10b4600001fb12ce22000006880171111266a305ad
:10b47000ad8b00ec0162a1e301a80972110001a0eb
:10b4800009a809770100000123d3fb2a060a6651a7
:10b490000594fcff67057100e0fb22ce22000062ec
:10b4a000c2664371011005768b00e10004fb22ced9
:10b4b000220000712210662371010e05618b00d5f8
:10b4c000000702fb12ce220000711112a081e400dd
:10b4d00005d500020ce5000207a909a982a98b671e
:10b4e0000860803c0600398800610115f806000cf0
:10b4f000f80601ec016101200e75411105d96a00c1
:10b500003c06002e23392900610115f806000cf8cd
:10b510000601ec016101200d75411205ba6a003c7b
:10b5200006000c3c0601c5000607b18967027100e0
:10b53000ec3e03003c0b003e0100fb12ce2200005b
:10b54000e301ec0162c1a089ec01b81aa889660385
:10b55000051d6600a009ec01a80a06851202153c2b
:10b560000b000c3c0b01c5000b13b489670571007f
:10b57000e43e05003c83003c82003e03003c0b009f
:10b58000fb12ce220000a009e5000105a809c410a5
:10b5900012a9096603664205d66500a089053cfc30
:10b5a000ff8289b481058cfcff610115f806000c4f
:10b5b000f80601ec016101202fb4817100f0a08137
:10b5c0003c0c013c05003c0401f8060075441cfbe2
:10b5d000324431f0ff662266710522b50071001019
:10b5e0003c8300388501a809a88a068512012055e8
:10b5f000a8897100f066128302a081810a8102f895
:10b600000600754421fb326131f0ff662266710548
:10b61000ecb400710010a8097100f066128302e515
:10b62000100102810a8102f8060066b4fb32833100
:10b63000f0ff6622667105c5b4007100103c8300fe
:10b64000382801a809b28a4512013aa000b28971ce
:10b6500000f0a0813c0c013c05003c0401f8060010
:10b66000754419fb328f31f0ff66226671058eb486
:10b6700000710010a809b0197100f066028302a0e1
:10b6800081810ae3023c040166b4fb328331f0ff9e
:10b69000662266710567b4007100103c83000537af
:10b6a000810061013ac40061112136a809b0190571
:10b6b00039fbff0526fbff7100f03c0c01a0813c2b
:10b6c00005003c0401f80600754414fb32a931f072
:10b6d000ff661266710526b400710010388c00fbfd
:10b6e0001a1210050d6a00388100a809b8196111f5
:10b6f000200ea809b81975511415f806010cf806a2
:10b7000000ec016101200ea809b8197551b015f8b7
:10b7100006010cf80600ec016101200fa809b81918
:10b720007601020315f806010cf80600ec01610130
:10b73000200fa809b8197601060a15f806010cf8b9
:10b740000600ec016101200ea809b8197551181501
:10b75000f806010cf80600ec01610112fb1a161044
:10b76000059069000c3c8301c500131bb68967076f
:10b77000fbeefe0308f8e90ba5fbee1fc108f0ef96
:10b78000fbee1fc108f0e602fbee1fc108f0eefb66
:10b79000ee1fc108f0e7fbeefe0308f8e900a50282
:10b7a00039d0fffbee100008ecef7b1fe3effbee60
:10b7b0000090085cef772fffef00d3effbee0090d7
:10b7c000085def48762fff7fd7ef48fbee0090082b
:10b7d0005def48772fffdf00d7ef48fbee80700862
:10b7e000f0e8fbee807008f2e89001fbee009008b4
:10b7f000f8e90002fbee009008f9e9080006fb1edc
:10b800000090083c1c00fbee009008f9e47a00fb75
:10b81000ee009008f9e4e051fbee009008f9e4e155
:10b8200051fb1e0090083d1203fbee009008f9e961
:10b83000331b03fbee0090085defd8772ff7ff0076
:10b84000d7efd8fbee009008ddefd0659f772ff99a
:10b85000ff00d7efd0fbee0090085defd8772f7f89
:10b86000ff00d7efd8fbee009008ddefd0763f90d9
:10b8700000772f9fff00d7efd0fb1e0090083d17e9
:10b8800000fbee009008f9e47d02fbee009008dc7e
:10b89000ef78cfd3effbee009008f9e54800fbee20
:10b8a0008070085aef0003783f762ff800cbef0046
:10b8b00003fbee04c008754ffe51ef60c7ef60fb5d
:10b8c000ee04c008754ffe50efc3effbee60c108f9
:10b8d000f8e480fbee04c008754ffd51ef60c7ef40
:10b8e00060fbee04c008754ffd50efc3effb1e6018
:10b8f000c1083c11803993fe02fbee807008f0e82d
:10b90000fbee807008f2e09001fbee009008dcefa7
:10b91000789fd3ef026080fbee0090085ceefc5a4b
:10b92000ee1104610e1df806010cf80600ec018111
:10b9300089b1896702fbee0090085cef772ffffd6d
:10b9400000d3effbee0090085cef762fff7fd3ef84
:10b95000fbee807008f2e89001fbee807008f0e8e2
:10b96000026080a0096121290cfb1a0f250583675d
:10b97000002e0ffbe2b40cf0ffa809fe61eed0e050
:10b98000d40001b809670239e9fdfbee100008ecac
:10b99000ef7b0fe3effbee0092085cef772fffeffa
:10b9a00000d3effbee0092085def48762fff7fd7c4
:10b9b000ef48fbee0092085def48772fffdf00d7de
:10b9c000ef48fbee009208f8e500fb1e0092083cf1
:10b9d0001c00fbee009208f9e47a00fbee009208ee
:10b9e000f9e4e051fbee009208f9e4e151fb1e009e
:10b9f00092083d1203fbee0092085defd8772ff717
:10ba0000ff00d7efd8fbee009208ddefd0780f777c
:10ba10002ff1ff00d7efd0fbee0092085defd87753
:10ba20002f7fff00d7efd8fbee009208ddefd07834
:10ba30004f772f1fff00d7efd0fb1e0092083d1756
:10ba400000fbee009208f9e47d02fbee009208d0c4
:10ba5000eefbee009208f9e54800fbee04c0087525
:10ba60004fef51ef60c7ef60fbee04c008754fef7a
:10ba700050efc3effbee64c108f8e480fbee04c0b6
:10ba800008754fdf51ef60c7ef60fbee04c008752b
:10ba90004fdf50efc3effb1e64c1083c118039ea51
:10baa000fc02fbee009208dcef78ffd3ef0260802f
:10bab000fbee0092085ceefc5aee1104610e1df8dc
:10bac00006010cf80600ec018189b1896702fbeee2
:10bad0000092085cef762fff7fd3ef026080a00911
:10bae0006121290cfb1a0e25050866002e0ffbe2ca
:10baf000bc0cf0ffa809fe61eed0e0d40001b8094b
:10bb00006702396efcfbee100008ecef7b7fe3ef81
:10bb1000fbee0094085cef772fffef00d3effbee16
:10bb20000094085def48762fff7fd7ef48fbee00cb
:10bb300094085def48772fffdf00d7ef48fbee005a
:10bb40009408f8e500fb1e0094083c1c00fbee0086
:10bb50009408f9e47a00fbee009408f9e4e051fb64
:10bb6000ee009408f9e4e151fbee009408f9e4e2f8
:10bb700051fbee009408f9e4e351fbee009408f960
:10bb8000e4e651fbee009408f9e4e751fbee009483
:10bb900008f9e4eb51fbee009408f9e902cf08fb49
:10bba0001e0094083d1700fbee009408f9e47d02a6
:10bbb000fbee009408d0eefbee009408f9e5480097
:10bbc000fbee65c008754ffb50efc3effbee05c001
:10bbd00008754ffb50efc3effbee6ac108f8e48035
:10bbe000fbee65c008754ff750efc3effbee05c0e5
:10bbf00008754ff750efc3effb1e6ac1083c118078
:10bc0000fbee65c008754fef50efc3effbee05c0cc
:10bc100008754fef50efc3effb1e6ac1083c12805e
:10bc2000fbee65c008754fdf50efc3effbee05c0bc
:10bc300008754fdf50efc3effb1e6ac1083c13804d
:10bc4000fbee66c008754ffe50efc3effbee06c07b
:10bc500008754ffe50efc3effb1e6ac1083c16800b
:10bc6000fbee66c008754ffd50efc3effbee06c05c
:10bc700008754ffd50efc3effb1e6ac1083c1780eb
:10bc8000fbee66c008754fdf50efc3effbee06c05a
:10bc900008754fdf50efc3effb1e6ac1083c1b80e5
:10bca00039e8fa02fbee009408dcef78ffd3ef02ec
:10bcb0006080fbee0094085ceefc5aee1104610e0d
:10bcc0001df806010cf80600ec018189b1896702b4
:10bcd000fbee0094085cef762fff7fd3ef026080cd
:10bce000a0096191290cfb1a0e25050664002e0f90
:10bcf000fbe2c40cf0ffa809fe61eed0e0d4000125
:10bd0000b809670260408089b08961111e3997ffc8
:10bd1000670139beff67010570fcff05e7fdff669f
:10bd20001105e3ffff6602fb1a030605672a00669a
:10bd300042fb1a000d057328006602fb1a02060575
:10bd4000532a006642fb1a000d055f28000260803e
:10bd5000f8060005827a0061011a66210582ffff5c
:10bd6000e3010966110579ffffe301ec01a0096712
:10bd7000026080f80600055f7a0061011a6611050d
:10bd80005fffffe3010966210556ffffe301ec01b8
:10bd9000a00967026080f8060066010543ffffe323
:10bda00001ec01a00967026080f8060066410530d9
:10bdb000ffffe301ec01a00967026080f80600665e
:10bdc00051051dffffe301ec01a00967026040fb84
:10bdd0001a0306051f2a0061111d3c02010c3c02da
:10bde00000c5000203b08967016040fb1a02060526
:10bdf000032a0061111d3c02010c3c0200c5000237
:10be000003b0896701604005a7fcff8089b089679e
:10be1000016040660105c7fcff9009b80967016031
:10be200040661105b9fcff9009b80967010575fc6a
:10be3000ff026040f8050005483a00d301d4000134
:10be4000b80967016040f8050005793a00d301d4cc
:10be50000001b8096701604005351800e30167017a
:10be60006080908976118813fd7891ff0f7611e834
:10be700003fd789113019009d5000102b881670292
:10be80006080908976118813fd7891ff0f9009d515
:10be9000000102b8816702608090897611ff0ffd72
:10bea000789188139009d5000102b881670260c0bb
:10beb0003e0100f806000537990076111301fd7860
:10bec00091e803e3015c0139d0ffa009a809a08132
:10bed0006703fbee140008fae9f50102a5fbee1476
:10bee0000008ecef7a0fe3effbee140008fae9f537
:10bef0000102a5027100f0a089f90a0200013e01c9
:10bf000000a88961613a89016131206361413abdcc
:10bf10000061513a160161213be801fbe2680df036
:10bf2000ffeceef2ea40060fa8816011a081fbe26f
:10bf3000680df0ffecee5aee4206fc5aee1e04616c
:10bf40000e200da8090685010215f806010cf80659
:10bf500000ec01610121d3a8090685010219fb1a31
:10bf60008625058e61006641398cff67046651396c
:10bf700085fffbe2680df0ffeceef2e240060fa851
:10bf8000816011a081fbe2680df0ffecee5aee42f9
:10bf900006fc5aee1e04610e15f806000cf80601a8
:10bfa000ec016101200da8090685010215f80601c2
:10bfb0000cf80600ec01610121c7a88161013b4c2e
:10bfc00001fb1a8725052b61006704fbe2680df071
:10bfd000ffecee5aef4006780f762ffd00cbef40d6
:10bfe000060fa8816011a081fbe2680df0ffecee66
:10bff000f6e0420615f806000cf80601ec016101b6
:10c00000200da8090685010215f806010cf80600a6
:10c01000ec01610121cea809068501023bee00fb7f
:10c020001a8a2505cd60006704fbe2680df0ffec7d
:10c03000ee5aef4006781f762ffe00cbef40060f3a
:10c04000a8816011a081fbe2680df0ffecee5aeed2
:10c050004206fc5aee1f04610e15f806000cf806a5
:10c0600001ec016101200da8090685010215f80601
:10c07000010cf80600ec01610121c7a80906850141
:10c08000023b8900fb1a8825056860006704394473
:10c09000fefbe2680df0ffecee754ffc52ef400640
:10c0a000cbef40060fa8816011a081fbe2680df084
:10c0b000ffecee5aee4206fc5aee1f04610e210f11
:10c0c000fbe2680df0ffeceef6e0420615f8060123
:10c0d0000cf80600ec016101200da809068501029b
:10c0e00015f806010cf80600ec01610121b9a80958
:10c0f000068501022116fb1a8b2505f65f006704f1
:10c10000fb1a892505ec5f00670467047541aa05e1
:10c11000cb82fffbee68730859ef42656f762ff60e
:10c1200000c7ef427541ad05b382fffbee687308af
:10c1300059ef42657f762ff700c7ef4275416a05d8
:10c140009b82fffbee687308edefb6780fe7efb662
:10c15000fb1e687308b09278127622f2008092fb80
:10c16000ee2c0409fae42004fffbee2c0409f8e6a7
:10c170000002fbee1fc108f0effbee1fc108f0e666
:10c18000fbee1fc108f9e43310fbee62c00858ef64
:10c19000782fc3effbee1fc108f9e43410fbee6209
:10c1a000c00858ef783fc3effbee1fc108f0effb6c
:10c1b000ee1fc108f0eefbee1fc108f0e702604081
:10c1c000e3016101210cfb1a852505265f0067014b
:10c1d000fbe2680df0ffecee5aee4006643e611e95
:10c1e0001666413911fdfbe2680df0ffeceeeeef53
:10c1f00091017a0febef9101ec01581e601efbf2ea
:10c20000680df0ffecffeef59101fc5ee5106aebc6
:10c21000f59101ec01b0916011fbe2680df0ffeccb
:10c22000eeeeef9101fc5e1f9c03ebef9101ec0140
:10c23000b0996011fbe2680df0ffeceeeeef9101ba
:10c24000fc5e1f082debef9101ec01b0196011fbb2
:10c25000e2680df0ffeceeeeef9101fc5e1f8c3911
:10c26000ebef910167017100eca1013c07083c066e
:10c2700001a901610121103c0600fb1a8425057209
:10c280005e0038c800fbe2680df0ffecee5aee21cc
:10c2900006fc5aee1904610e201afbe2680df0ff4d
:10c2a000ecee5aee2106641e611e1d3c06010c3c9c
:10c2b0000600b18161013a9400fbe2680df0ffece9
:10c2c000eefae4210600a901ec117421ffffff1f23
:10c2d000fbe2680df0ffece2a121a901b111fbe244
:10c2e000680df0ffece292a1fbe2680df0ffece1db
:10c2f000a9127be2a1123e02002e16a8814b1e0657
:10c30000890104c51e0516ed0e02621ee70e02ed40
:10c310000e0459ee0406850e02250f590e070685f8
:10c320000e022506f806010cf80600ec0e610efb65
:10c33000e2680df0ffecee21c4fae4210600fbe216
:10c34000680df0ffeceef2e72106c500060fb38999
:10c3500067056080a009fbe2680df0ffecee5aee85
:10c360004006643e611e2017fbe2680df0ffecee14
:10c370005aee4006643e612e15f806010cf80600e0
:10c38000ec016101166651396dfbfbe2680df0ffaf
:10c39000eceef6e04806211afbe2680df0ffecee49
:10c3a0005aee4806fc5aee1904611e1df806010cef
:10c3b000f80600ec016101201bfb12e80cf0ffaf56
:10c3c000117e01fbe2680df0ffecee0691e18be7d8
:10c3d000e18bfbe2680df0ffeceeedef887befe721
:10c3e000ef88fbe2680df0ffeceeedef897befe705
:10c3f000ef89a8097421ffffff1ffbe2680df0ff22
:10c40000eceee7e188fbe2680df0ffeceeedef8883
:10c410007bffe7ef88a8097421ffffff1ffbe2689d
:10c420000df0ffeceee7e189fbe2680df0ffeceeca
:10c43000edef897bffe7ef89fbe2680df0ffeceea3
:10c44000f9e286ffffff1ffbe2680df0ffeceef95b
:10c45000e287ffffff1ffbe2680df0ffeceeedef60
:10c460008a742fffffff00e7ef8afbe2680df0ff01
:10c47000eceef6e04806211afbe2680df0ffecee68
:10c480005aee4806fc5aee1904611e1df806010c0e
:10c49000f80600ec0161012019fbe2680df0ffece9
:10c4a000eefb12e80cf0ffaf110695e18be7e18b94
:10c4b000fbe2680df0ffeceef2e04806670260c0b8
:10c4c000fbe20851000058ee610e3bc900fbe23070
:10c4d000e20000ecee6c4efb12acc500004be1a09c
:10c4e00009fbe230e20000ecee755eef2307f80690
:10c4f000002e0efbe230e20000ece16211e301fbf2
:10c50000e230e20000e00efbe2680df0ffecee5ad4
:10c51000ee4806fc5aee1904610e11fb1a8c250533
:10c52000d15b00fbe2680df0ffeceea809edee70c8
:10c53000742effffff1fe31efbe2680df0ffecee21
:10c54000a809dde2e281123c0b002e1eb289fbe25b
:10c55000680df0ffef1f0688ef06890101c6f1c6de
:10c560000105b28962118289fbe2680df0ffeceef1
:10c57000b28906c5e1e229d6fbe2680df0ffeceed8
:10c58000fae44906fffbe234e20000ecef621fe34d
:10c59000ef6703670360403c0201fbe2680df0ffb8
:10c5a000ecee5aee2106fc5aee1904610e201afb3d
:10c5b000e2680df0ffecee5aee2106641e611e1dce
:10c5c0003c02010c3c0200c5000203b08967016017
:10c5d00080fbe2680df0ffecee5aee4806fc5ae1f3
:10c5e0001f0ce301fbe2680df0ffecee5aee48068b
:10c5f000fc5aee1c04610e204cfbe2680df0ffeccf
:10c60000eefae44806017100f06601a0818109811b
:10c6100001e3013c0c0175442bfb32c031f0ff6695
:10c6200032661105d8a400710010fbe20951000028
:10c6300058ee755efe2a0efbe20951000058ef62cb
:10c640001fc3ef3e01002e263976fefbe22ce200ee
:10c6500000eceefbf230e200000684fe1afbe2087a
:10c66000510000f8e401a8096211a009a809068494
:10c670000123d7fbe2680df0ffecee5aee4806fc12
:10c680005aee1f0c610e2010fbe2680df0ffecee7d
:10c69000f2ec48066702670260803c0700fbe2405c
:10c6a000e20000ecee610e2074fbe238e20000ece8
:10c6b000ee6c4efb12acd400004be139abfb818930
:10c6c000fbe240e20000ecef601fe3effbe23ce244
:10c6d0000000f8e600fbe238e20000ecee755e8f49
:10c6e0002307f806002e0efbe238e20000ece162c0
:10c6f00011e301fbe238e20000e00eb189610120a4
:10c7000011fbe240e20000ecee610e15f806010cb0
:10c71000f80600ec01610121922e11fbe2680df098
:10c72000ffeceefae4210600670267026040f806bb
:10c7300000fbe2680df0ffecee5aee5006610e20b1
:10c7400028fbe20c51000058ee755efe2a1bfbe24e
:10c750000c51000058ef621fc3effbe2680df0ffc1
:10c76000eceefae4500600fbe2680df0ffecee5a46
:10c77000ee4306fc5aee1904610e203d7100f0668e
:10c7800002a082810a8102e3023c0c01754428fb6d
:10c7900032ec31f0ff66110564a300710010fbe27a
:10c7a0000a51000058ee755efe2a0efbe20a5100a7
:10c7b0000058ef621fc3effbe2680df0ffecee5a8a
:10c7c000ee4206fc5aee1d04610e3a8c000597837a
:10c7d00000e301050270006101ec0121307c0121c0
:10c7e000587100f06602a082810a8102e3023c0ccb
:10c7f00001754428fb321532f0ff661105ffa200d7
:10c80000710010ec017801e3012e2e7c11212a71b8
:10c8100000f06602a082810a8102e3023c0c0175ed
:10c820004428fb321532f0ff661105d1a2007100d9
:10c8300010ec017811e3015c01055b8300fbe20b66
:10c8400051000058ee755efe2a0efbe20b5100000f
:10c8500058ef621fc3effbe2680df0ffecee5aeefb
:10c860004206fc5aee1c04610e20267100f066029e
:10c87000a082810a8102e3023c0c01754422fb3252
:10c880003e32f0ff66110575a20071001067016766
:10c89000017100e0a189a1823e05013c80023c0fac
:10c8a000083e0200f90a010001a981610119fb1a81
:10c8b0008525053e580039bcf83919f6fbee140001
:10c8c00008a90906a00ce1200cfb1a8025052358b5
:10c8d0000067086621391ff6fbe2680df0ffeceef9
:10c8e000754fe752ef4006cbef4006fbe2680df0d4
:10c8f000ffeceef2e04106fbe2680df0ffecee5ad1
:10c90000ef4106781f762ffb00cbef4106fbe26874
:10c910000df0ffeceef2e34106fbe2680df0ffecf8
:10c92000eef2ec4106fbe2680df0ffeceef2ed41b9
:10c9300006fbe2680df0ffecee754fc056ef4106c6
:10c94000cbef4106a9813978f8fbe2680df0ffece6
:10c95000eef9e68aff39b7f76651399af53c83005c
:10c960002e76b4896c414b1ef8e600590e136c4ebe
:10c97000fbf2680df0ff0688fef9e502003c82003c
:10c980002e1f590e136c4efbf2680df0ff0688fe49
:10c99000490e12f9e40600590e12621ec70e125912
:10c9a0000e12450e0f29dd3c81002e1c590e136c12
:10c9b0004efbf2680df0ff0688fef9e50700590e00
:10c9c00011621ec70e11590e11450e1029e0590ea5
:10c9d00013621ec70e13590e13755e20fbe2680d1d
:10c9e000f0ffecee2805387cfff2e541060d601102
:10c9f000a009fbe2680df0ffecee5aee4106fc5a8e
:10ca0000ee1b04610e200da8810685010115f806b4
:10ca1000010cf80600ec016101a80921d36101199c
:10ca2000fb1a812505cc5600fbe2680df0ffecee09
:10ca3000fae44d0600fbe2680df0ffeceefae4507c
:10ca40000600fbee1fc108f8e400fbee1fc108f86a
:10ca5000e440fbee1fc108f8e480a98939f6f866c6
:10ca6000613993f4670860c0a0813c0600a8816129
:10ca700001210dfb1a832505795600389600fb121b
:10ca8000e80cf0ffaf117e01fbe2680df0ffecee69
:10ca90000691e18be7e18bfbe234e20000ecee6112
:10caa0000e20593c0601fbe22ce20000ecee6c4e3d
:10cab000fb22acc500004be2754310a8817f8ffbc1
:10cac000e22ce20000ecee755eef2307f806002e84
:10cad0000efbe22ce20000ece16211e301fbe22c30
:10cae000e20000e00efbe234e20000ecef601fe346
:10caf000effbe208510000f8e400fbe2680df0fff4
:10cb0000eceefb12e80cf0ffaf110695e18be7e1cc
:10cb10008bc5000607b18967036080a009fbe26846
:10cb20000df0ffecee5aee4006643e611e2017fb4e
:10cb3000e2680df0ffecee5aee4006643e612e1501
:10cb4000f806010cf80600ec01610116665139a6e1
:10cb5000f3a8097421ffffff1ffbe2680df0ffec53
:10cb6000eee7e187fb12e80cf0ffaf117e01fbe27c
:10cb7000680df0ffecee0691e18ae7e18a66613923
:10cb800075f367027100f0a0893c0a013e0100a81c
:10cb900089610121103c0a00fb1a822505545500c9
:10cba000384601fbe2680df0ffecee5aee4306fb5f
:10cbb000e2680df0ffecee5aee420605a97f00a0f8
:10cbc0000905146c006101a8091e7a01a0090d7afb
:10cbd00011a009b88105bf7f00fb12e80cf0ffa887
:10cbe000197e01fbe2680df0ffecee0691e18be7a8
:10cbf000e18b39a3f961112111fbe240e20000ec65
:10cc0000ee610e1df806010cf80600ec0161012032
:10cc10000ca8893953f6828138b700fbe23ce20068
:10cc200000ecee610e2164fbe244e20000ecee6ced
:10cc30004efb12acd400004be1754310a88a7f8fe5
:10cc4000fbe244e20000ecee755e8f2307f806007d
:10cc50002e0efbe244e20000ece16211e301ec0184
:10cc6000fbe244e20000e3e1fbe238e2000006847c
:10cc7000e11afbe23ce20000f8e601fbe240e200e0
:10cc800000ecef621fe3ef2e4805706b00fbe248fb
:10cc9000e200000680e175516523337100f0660102
:10cca000a08181098101e3013c0c01754418fb322c
:10ccb0006132f0ff662275411205429e007100103c
:10ccc00005396b00fbe248e20000e3e13c0a00fbaf
:10ccd000e2680df0ffeceefb12e80cf0ffa819067d
:10cce00095e18be7e18bc5000a0bb28967046040d0
:10ccf000fbe20a510000c4e002fbe20a510000f826
:10cd0000e400c5000203b08967016040fbe20b51fb
:10cd10000000c4e002fbe20b510000f8e400c50093
:10cd20000203b08967016040fbe209510000c4e0e2
:10cd300002fbe209510000f8e400c5000203b089db
:10cd400067016040fbe20c510000c4e002fbe20c12
:10cd5000510000f8e400c5000203b089670160409b
:10cd60003c0200fbe2680df0ffecee5aee4306fcdd
:10cd70005aee1904610e2019fbe2680df0ffecee8b
:10cd80005aee4206fc5aee1c04610e143c0201c528
:10cd9000000203b0896701fb12e80cf0ffaf117ebf
:10cda00001fbe2680df0ffecee0691e18be7e18b11
:10cdb000fbe22ce20000f8e600fbe230e20000f8c3
:10cdc000e600fbe234e20000f8e600fbe208510076
:10cdd00000f8e400fbe2680df0ffeceefb12e80c5b
:10cde000f0ffaf110695e18be7e18b02fbeefe034e
:10cdf00008f8e90ba5fbee1fc108f0effbee1fc121
:10ce000008f0e602fbee1fc108f0eefbee1fc108c2
:10ce1000f0e7fbeefe0308f8e900a5026040e3013d
:10ce20006101210cfb1a602105c852006701ec0169
:10ce3000ec1e614e290cfb1a632105b652006701f6
:10ce400039acfffbee140008ecef7aafe3effbee3a
:10ce5000800c0af8e400fbee800c0af0e0ec0158cc
:10ce60001efbfe800c0a58f5fc5ee5a51c5b5ec34c
:10ce7000fefb1e800c0a3c1401fb1e800c0a3c18b1
:10ce800002fbee04c008754ffe51ef60c7ef60fb78
:10ce9000ee04c008754ffe50efc3effbee40c10833
:10cea000f9e42080fbee40c108f8e41e3958ff6722
:10ceb000016040fbee800c0af0e73d01000803989a
:10cec0000962119009b80975512123f4fbee800c19
:10ced0000af0e1fbee800c0af1e010fbee60c00806
:10cee00058ef780fc3ef67016040fbee8c0c0ac46b
:10cef000e002c5000203b0896701fbee800c0a75f1
:10cf00004fe750efc3effbee800c0af1e810fbeea9
:10cf100060c008754ffe50efc3effbee800c0af0c7
:10cf2000e9fbee800c0af0ef026040e301610121b1
:10cf30000cfb1a612105bb51006701ec01ec1e617d
:10cf40004e290cfb1a642105a951006701399ffe87
:10cf5000fbee140008ecef7aafe3effbeea00c0a57
:10cf6000f8e400fbeea00c0af0e0ec01581efbfe1a
:10cf7000a00c0a58f5fc5ee5a51c5b5ec3fefb1e1b
:10cf8000a00c0a3c1401fb1ea00c0a3c1801fbee8d
:10cf900004c008754ffd51ef60c7ef60fbee04c0a1
:10cfa00008754ffd50efc3effbee41c108f9e420d7
:10cfb00080fbee41c108f8e41e394bfe670160407a
:10cfc000392cfefbeea00c0af0e73d0100080398a7
:10cfd0000962119009b80975512123f4fbeea00ce8
:10cfe0000af0e1fbeea00c0af1e010fbee60c008d5
:10cff00058ef781fc3ef390efe67016040fbeeacbf
:10d000000c0ac4e002c5000203b0896701fbeea070
:10d010000c0a754fe750efc3effbeea00c0af1e8e6
:10d0200010fbee60c008754ffd50efc3effbeea0a4
:10d030000c0af0e9fbeea00c0af0ef026080a009f8
:10d040006101210cfb1a402505a850006702a809c0
:10d05000ec1e611e1df806000cf80601fb1e448044
:10d06000085802b01bfc5e23e700801ba809a81922
:10d070006101210cfbee448008f1ef022e57fbee1c
:10d08000100008eceefc5aee0904610e2115fbeecf
:10d090000094085ceefc5aee1104611e1df80601b6
:10d0a0000cf80600ec016101200cfb1a4225054238
:10d0b00050002e19fbee100008eceefc5aee0904ad
:10d0c000611e19fb1a432505295000fbee44800818
:10d0d000f1e702a809a89161111df806000cf806f5
:10d0e00001fbee448008580158effc5e1fa5185b59
:10d0f000ffc3ef6702fbee100008fae9f7010ba58a
:10d10000fbee1fc108f0effbee1fc108f0e6fbeedf
:10d11000100008ecef7b3fe3effbee458008f8e4fe
:10d1200000fb1e4580083c1100fb1e4580083c1496
:10d1300000fbee1fc108f0eefbee1fc108f0e7fb9d
:10d14000ee100008fae9f70100a5026040e3016172
:10d1500001210cfb1a412505994f006701ec01a83c
:10d1600099612120256111201861012125fbee40e4
:10d170008008f1e809fbee408008f1e9092e13fb75
:10d18000ee408008f1e00909fbee408008f1e1097a
:10d19000ec01a911612120256111201861012125cf
:10d1a000fbee408008f1ea09fbee408008f1eb0954
:10d1b0002e13fbee408008f1e20909fbee408008e7
:10d1c000f1e309fb1e4080083c141ffbee40800881
:10d1d000f8e500fb1e4080083d1100ec01395ffec0
:10d1e00067016080a009900aa8096121290cfb1a37
:10d1f000442505fe4e006702a8096101b8091afb23
:10d20000ee408008d3e16702fb2e4080089029673a
:10d21000026080a009e302a8096121290cfb1a45dc
:10d220002505cf4e006702ec016111201d6101212f
:10d2300030a80961011afbee448008f0e66702fba2
:10d24000ee448008f0e76702a80961011afbee448a
:10d250008008f0ee6702fbee448008f0ef6702fb07
:10d260001a4625058d4e006702fb1e4080083c14bf
:10d270001ffbee408008f8e500fb1e4080083d11d2
:10d2800000fbee408008f1ef05fbee408008f1ef77
:10d2900006fb1e4080083c1900026080a009610165
:10d2a000210cfb1a0020054a4e006702a809ec1e5b
:10d2b000613e290cfb1a032005384e006702a809bd
:10d2c000a819740100000040230cfb1a0420052259
:10d2d0004e006702a809a891610110a809a89961e8
:10d2e000011df806010cf80600ec016101200cfba1
:10d2f0001a012005fd4d006702670260c0a081a0f1
:10d300000aef213997ffa88161013baa00fbee0fcc
:10d310007208f0e8fbee002008f1e81ca809aa1941
:10d320006111210ea809fbee0f7208c91e20f10140
:10d33000a809a99206951207ec1e6c8e57e2069575
:10d340001209fb1e0020089212a809a912069512c4
:10d3500005fb1e0020089292fb1e0020083c9f0047
:10d36000fb1e0020083c9d00a809fbee002008e100
:10d370001e02a809fbee002008e51e0301a809fb18
:10d38000ee002008e51e0102fb1e0020083e1600ec
:10d39000fbee002008f1e413fbee0f72085aef6970
:10d3a0000165cf762ffc00cbef6901fbee00220870
:10d3b000f0e06703a88161712b05384701b2016075
:10d3c00011e301fbe26c0df0ffec01fe61eef1e810
:10d3d0001ca809aa1961113bad00a88161713a9a94
:10d3e000006121202561312051614120636151207c
:10d3f0006d6161207761113b8d00a809fbee0f7212
:10d4000008c91e20f5012e7ea809fbee0f7208c97f
:10d410001e20f901fbee932008f0e4fb1e93200888
:10d420003c1c00fbee0f72085aef6b01659f762fd4
:10d43000f900cbef6b012e4ea809fbee0f7208c965
:10d440001e20fd01fbeedf2008f8e4002e38a809bd
:10d45000fbee0f7208c91e2001022e2aa809fbee5e
:10d460000f7208c91e2005022e1ca809fbee0f72c0
:10d4700008c91e2009022e0ea809fbee0f7208c96a
:10d480001e200d02fbe26c0df0ffec01fe61e1a835
:10d490000aa923069523059293fbe26c0df0ffec9d
:10d4a00001fe61e1a80aa9a306952307ec2e6c8e64
:10d4b00057e3069523099213fbe26c0df0ffec0194
:10d4c000fe61e13c9d00fbe26c0df0ffec01fe61b2
:10d4d000eea809e11e02fbe26c0df0ffec01fe611b
:10d4e000eea809e51e0301fbe26c0df0ffec01fe66
:10d4f00061eea809e51e0102fbee002208f0e067dc
:10d5000003fb1a052005eb4b0067036080a009614f
:10d51000011afbee1d2008f0e06702a80961712adc
:10d5200018b1016011e301fbe26c0df0ffec01feac
:10d5300061eef1e01d6702fb1a062005b54b00679e
:10d54000026080a00961011afbee1d2008f0e86767
:10d5500002a80961712a18b1016011e301fbe26cb4
:10d560000df0ffec01fe61eef1e81d6702fb1a070a
:10d5700020057f4b0067026080a0096101211bfb31
:10d58000ee787008f0e8fbee787008f2e09701fba7
:10d59000ee1c2008f0e06702a80961712a2fb10192
:10d5a0006011e301a80961212113fbee787008f1f5
:10d5b000e802fbee787008f2e29701fbe26c0df0f6
:10d5c000ffec01fe61eef1e01c6702fb1a0820058a
:10d5d000214b0067026040e3016101211bfbee78f3
:10d5e0007008f0e8fbee787008f2e89701fbee1c9b
:10d5f0002008f0e86701ec0161712a29ec01612142
:10d600002113fbee787008f1e802fbee787008f267
:10d61000ea9701fbe26c0df0ffec01fe61eef1e830
:10d620001c6701fb1a092005c94a0067016080a038
:10d6300009e3026102204ea8096101211dfbee1ed3
:10d64000200858eefc5aee1904610eec0116f8168b
:10d65000016702f816006702a80961712a1dfbee36
:10d660001e200858eefc5aee1904610eec0116f863
:10d6700016016702f816006702fb1a0a2005734ab2
:10d68000006702fb1a022005694a0067026040fb3e
:10d69000eec82008ece1e3016701fbeefe0308f8a9
:10d6a000e90ba5fbee1fc108f0effbee1fc108f070
:10d6b000e6fbee0ce409f8e50002fbee1fc108f002
:10d6c000eefbee1fc108f0e7fbeefe0308f8e900f1
:10d6d000a502fb1e92c1083c170afbee6bc008585e
:10d6e000ef781fc3effb1e92c1083c180afbee6bdc
:10d6f000c00858ef782fc3effb1e92c1083c190aef
:10d70000fbee6bc00858ef783fc3effbe2e32c0061
:10d710000058ee610e2116fbee92c108f8e40afbf8
:10d72000ee6ac00858ef782fc3ef02027100eca137
:10d7300001a08aa0833c0601a889610116a8816125
:10d74000011df806010cf80600ec016101200f3cf8
:10d750000600fb1a9021059a49002e6da90161016e
:10d76000210f3c0600fb1a9321058749002e5aa879
:10d770008179b17421ffffff08fb22acdd0000a01e
:10d7800029a9016d01fb22acdd0000a0a1a88962de
:10d790001179b17421ffffff08fbe2b8dd0000e35f
:10d7a000e1a90160116d01fb22b8dd0000a0a1fb21
:10d7b000ee567108f0e0fbee567108f1e001a88921
:10d7c000fbeec3a008c01ec5000607b1896705fbb4
:10d7d000e2e32c000058ee610e201afbeec2a00816
:10d7e00058eff8e400fbeec2a008754ff054efc309
:10d7f000ef2e18fbeec2a00858eff8e400fbeec2d3
:10d80000a008754ff254efc3effbee100008ecefe9
:10d810007bcfe3effbee002408f8e408fbe2acdd8d
:10d820000000f8eec5a008fbee58fd01fbf2acddf0
:10d830000000e3effbe2b8dd0000f9ee01c3a00851
:10d84000fbee5cfd01fbf2b8dd0000e3effb1e0028
:10d8500024083c1801fbee002408f9ee0100fc014d
:10d86000fb1e0024083c1c0102fbee100008ecef3c
:10d870007bcfe3effbee002408f8e408fbe2acdd2d
:10d880000000f8e2c5a00840fbee58fd01fbf2ac39
:10d89000dd0000e3effb1e0024083c1801fbee0056
:10d8a0002408f9ee0100fc01fb1e0024083c1c01c9
:10d8b000fbeec2a00858eff8e4000260c09109a096
:10d8c0000ae3037433000000187423ffffff18fb02
:10d8d00012acdd0000a01b99096d01fb22acdd003c
:10d8e00000a0a1fbee567108f0e0a809fbeec3a072
:10d8f00008c01e670360408089fbe2e32c0000c380
:10d90000e13999fdfbee140008ecef7b9fe3effba0
:10d91000ee5670085aef010365ffcbef0103fbeef3
:10d920005670085aef000365ffcbef0003fb1ec0e3
:10d93000a0083c1200fbeec0a008f1e809b0896124
:10d94000112148fb1ec0a008b09278028092fb1ef5
:10d95000c0a0083c1d00fbeec0a008f8e480fb1e40
:10d96000c0a0083c1700fb1ec0a0083c110039fbfa
:10d97000fefb1ec0a0087542f05512028092fbe229
:10d98000e22c0000f8e4002e3afb1ec0a008b09282
:10d9900078128092fb1ec0a0083c1d05fbeec0a0c3
:10d9a00008f8e480fbe2e22c0000f8e401fb1ec072
:10d9b000a008b0927532728092fb1ec0a0083c1382
:10d9c000a5fb1ec0a0083c16723909fdfbee56707f
:10d9d00008f1e801fbee567008f2e7b401fbee56e1
:10d9e000700872ee1a06ecef78cfe3effbee56709c
:10d9f00008f0e8fbee567008f2e6b401fbee567054
:10da00000872ee1a06ecef78dfe3efb089611121be
:10da1000206612fb1a020a057b0d006602fb1a0241
:10da20000a05870b006612fb1a020a05970d0039da
:10da30008bfc67017100dca201a18aa183928cc5d5
:10da40000028153c83003e03003e02003c07003cda
:10da500006003c05223c04a5aa016101210dfb1a28
:10da60008121058e460038ed03a9896101210dfb56
:10da70001a8321057d460038dc03a9816101210d4f
:10da8000fb1a8421056c460038cb033c83010597c3
:10da90001100a08aa081fbe2e32c000058ee610e89
:10daa0003aa5016602fb1a020a05190d00b50961c3
:10dab0000115f806550cf80622ec0181093c04a575
:10dac00038d6006602fb1a020a05f90c007103043d
:10dad000710205661139e6fd2e3da88aa881ba8b30
:10dae000057111006101202b7100f06601a0818198
:10daf000098101e3013c0c0175441cfb327c32f0ce
:10db0000ff6632661105f68f007100103c83002e0f
:10db10003005325d00fb1ec3a008b019fc5a1e1e62
:10db200004610e2113fb12acdd0000a891690161b4
:10db30000115f806010cf80600ec016101219d6653
:10db400012fb1a020a057d0c003c06000803b18195
:10db500062118181b1817551ff21f4a88aa881ba2f
:10db60008b05f010006101202b7100f06601a0818f
:10db700081098101e3013c0c01754417fb329932a4
:10db8000f0ff6632661105758f007100103c83004e
:10db90002e2105b15c00b101755196200cb10175c3
:10dba000516915f806010cf80600ec0161013b15fe
:10dbb000ffb1017551961ab509610115f806010cfe
:10dbc000f80600ec0161012126b1017551692117a8
:10dbd000b509610115f806000cf80601ec016101b8
:10dbe00015f806010cf80600ec01610115f80601b4
:10dbf0000cf80600ec01610115059a5c006602fb59
:10dc00001a020a05bf0b00381c01a88aa881ba8b2a
:10dc1000054110006101202b7100f06601a0818197
:10dc2000098101e3013c0c01754425fb32b132f05e
:10dc3000ff6632661105c68e007100103c83002e0f
:10dc40001205025c00fbe24ce20000ecee610e21ea
:10dc5000bbfbe20d510000f8e455b509610115f870
:10dc600006690c3e0096ec01fbe20e510000c3e198
:10dc7000fbe24ce20000f8e6012e3da88aa881ba3a
:10dc80008b05d00f006101202b7100f06601a0818f
:10dc900081098101e3013c0c01754422fb32d7323a
:10dca000f0ff6632661105558e007100103c83004e
:10dcb0002e1e05915b00fbe20f51000058ee610e35
:10dcc00015f806000cf80601ec01610121affbe23a
:10dcd0000d510000c4e007b1897551221ab50961e0
:10dce0000115f806010cf80600ec0161012126b1ce
:10dcf000897551552117b509610115f806000cf811
:10dd00000601ec01610115f806010cf80600ec01b2
:10dd1000610115f806010cf80600ec01610115051a
:10dd2000745b00fbe2e22c0000f8e400b4896101be
:10dd30003ae800aa016121220538bc003993faa90a
:10dd400083a98aaa0139e7f92e3da88aa881ba8b4e
:10dd500005010f006101202b7100f06601a0818197
:10dd6000098101e3013c0c01754418fb32fa32f0e1
:10dd7000ff6632661105868d007100103c83002e0f
:10dd80004d05c25a00fb12b8dd0000a8916901617f
:10dd9000012111fb1ec3a008b019fc5a1e1e04610c
:10dda0000e1df806010cf80600ec0161012111fbc3
:10ddb0001ec3a008b019fc5a1e1904610e1df806f6
:10ddc000010cf80600ec0161013b81fffbe2e32c52
:10ddd000000058ee610e15f806000cf80601ec0183
:10dde00061012036fbee567108f0e8fbee56710833
:10ddf000f1e8012e25a989fbeec3a008c01efb1e79
:10de0000c3a008b019fc5a1e1e04610e20f2a9819d
:10de1000fbeec3a008c1e102fbe2e32c000058eed8
:10de2000610e200e6612fb1a020a059809002e25c3
:10de3000fbe20f510000f8e400fbeec3a008f8e499
:10de4000a5fbe24ce20000f8e600fbe2e22c000059
:10de5000f8e401c5001314b50167096040fbe2e274
:10de60002c000058ee610e2058fbe20d510000fb23
:10de7000fec3a008c1fe02fbe24ce20000ecee6132
:10de80002e202c611e2010610e212efbeec3a00857
:10de9000f8e4a52e2cfbe24ce20000f8e602fbeed3
:10dea000c3a008fbf20e510000c0fe2e14fbe20fcf
:10deb000510000f8e40109fb1a862105354200fbf8
:10dec000eec3a008c5e00103f10d037541c0550183
:10ded000038089fbeec3a008c50e0301670160c083
:10dee000fb12a4e40000a009fb12b675f1ffa081ab
:10def000f806002e14ec01a882fec21ea80afe023b
:10df00001eec016211e301fbe20505000006840e30
:10df100024e5fbeefe0308f8e90ba5fbee1fc108a4
:10df2000f0effbee1fc108f0e6fbee96c208f8e446
:10df300001fbeee4e07ff8e9281efbee1fc108f0cc
:10df4000eefbee1fc108f0e7fbeefe0308f8e90068
:10df5000a56703fbee84e07ff8e980aafbee84e08e
:10df60007ff9e90200550260403c0201fbe254e205
:10df70000000eceef8e4b3fb1e10e07faf11fc5a9a
:10df80001e1104611e21f2fbee10e07f58eefc5ad8
:10df9000ee1c04610e200d3c0200fb1a8b2405527e
:10dfa0004100c5000203b089670160803c0601fba7
:10dfb000ee10e07f5dee587c0e2031fb1e10e07ffe
:10dfc000af11fc5a1e1404610e2111fb1e10e07fdc
:10dfd000af11fc5a1e1304610e15f806010cf80669
:10dfe00000ec01610115f806010cf80600ec016176
:10dff00001200f3c0600fb1a8c2405f640002e5928
:10e00000fbee10e07f5dee587c1e2031fb1e10e021
:10e010007faf11fc5a1e1404610e2111fb1e10e08b
:10e020007faf11fc5a1e1304610e15f806010cf89f
:10e030000600ec01610115f806010cf80600ec0180
:10e040003c0600610112fb1a8a2405a6400009fb68
:10e050001a8b24059d4000fb1e10e07faf11fc5a77
:10e060001e1204611e2118fbee10e07f58eefc5ad0
:10e07000ee1d04611e18fbee10e07ff0ebfb1e109e
:10e08000e07faf11fc5a1e1a04611e1e39dbfe81af
:10e0900081c5000607b189670260403c02012e215c
:10e0a000fbe2c8dd0000ecef71f5ffe3e5610f2155
:10e0b0001039b6fe3c0200fb1a8d2405354000fbea
:10e0c0001e10e07faf11fc5a1e1104611e21d3b057
:10e0d0008161112116fbee10e07f58eefc5aee1c18
:10e0e00004610e1639c6fe8081c5000203b089673f
:10e0f00001fbee10e07f58eefc5aee1d04611e1885
:10e10000fbee10e07ff0eb394cfe395dfefbee10cc
:10e11000e07ff9e93a00aafbee10e07f5dee3a619c
:10e120000e21f60260403c0201fbe2c8dd0000f86f
:10e13000ea80253966ff8081fbee84e07ff8e90004
:10e14000aafbee84e07f5cee610e21f7c5000203be
:10e15000b0896701fbeefe0308f8e90ba5fbee1f93
:10e16000c108f0effbee1fc108f0e6fbee96c20817
:10e17000f8e401fbeee4e07ff8e9281efbee1fc1a6
:10e1800008f0eefbee1fc108f0e7fbeefe0308f817
:10e19000e900a5027100eca101a08a3c0a01e5009a
:10e1a0000401a8097701000010230ba809770100da
:10e1b00080102306f806010cf80600ec016101202e
:10e1c000103c0a00fb1a802405283f0038ae00a846
:10e1d00089610110a8897551412306f806010cf8e0
:10e1e0000600ec01610120103c0a00fb1a8724059f
:10e1f000013f00388700395dfda88961512314a8cb
:10e200008968217611201cfbe2c8dd0000e3e12ec5
:10e210000cfbe2c8dd0000f8ea201cfbee30e07fda
:10e22000f9e4a000fbee30e07fe10e01a8090689c9
:10e2300001036011fb2e30e07fa029fbe254e200d5
:10e2400000eceef8e471fbe254e20000eceef8e4de
:10e25000d03948fe8281b28161112111fbee30e09c
:10e260007f59eea4611e183c0a000c3986fe39b6af
:10e27000fe61011f397dfe3c0a00c5000a0bb28910
:10e2800067057100f0a0893c0a01e5000301a809b7
:10e290007701000010230ba80977010080102306e6
:10e2a000f806010cf80600ec016101200f3c0a00a1
:10e2b000fb1a8124053c3e002e6bfbe2c8dd00000a
:10e2c000f8e200f04902398dfcfbee30e07ff9e521
:10e2d0005801fbee30e07fe10e01fbe254e200006a
:10e2e000eceef8e420fbe254e20000eceef8e4d0bf
:10e2f00039a9fd8281fbee30e07f5dee2a755e80fc
:10e30000210efbe2c8dd0000f8e200f04902b28114
:10e3100061011c39defd390efe8281b28161011c72
:10e3200039d1fdc5000a0bb28967047100e0a189eb
:10e33000a182a10b3c8201e5000703e50005023e36
:10e340000100a981610121103c8200fb1a8424058f
:10e35000a13d00383b01a8897701000010230ba8dc
:10e360008977010080102306f806010cf80600ecfe
:10e3700001610120103c8200fb1a822405743d00db
:10e38000380e01a90961212309a909755121230624
:10e39000f806010cf80600ec01610120103c820037
:10e3a000fb1a8824054c3d0038e600a9097c0120b1
:10e3b000103c8200fb1a892405383d0038d200a9a0
:10e3c0000aa8896c1239cffd610121103c8200fb43
:10e3d0001a8624051d3d0038b7003979fba909fcd0
:10e3e0005a1e1f78771ec03906fbf2c8dd0000e315
:10e3f000fe388100fbee30e07fe10e03fbe254e2e9
:10e400000000eceef8e4e8fbe254e20000eceef889
:10e41000e4022e36a981fbe254e20000eceed01ead
:10e42000fb1e30e07fad11fc5a1e1604611e20f267
:10e43000a9816221a181a8896221a089a80962110c
:10e44000a009a8816011a081a809612123c83e010b
:10e4500000fbe254e20000eceef8e4d0393dfc842d
:10e4600081b48161012014fbe2c8dd0000f8eec038
:10e470003906a88161013b7effb48161011c3973bb
:10e48000fc39a3fc8481b48161011c3966fcc500a0
:10e490001213b48967087100e8a109a102a08b3c9e
:10e4a0000901e5000501a9016101210f3c0900fbfb
:10e4b0001a8524053d3c002e5ba809770100001059
:10e4c000230ba80977010080102306f806010cf839
:10e4d0000600ec016101200f3c0900fb1a832405b2
:10e4e000113c002e2ffbee84e07ff8e900aa3c0ae5
:10e4f000002e19b281ef1e06890e014b1edceea91b
:10e5000002fe112eb28162118281b2810685010361
:10e5100023e3c500090bb289670660c0a081908a19
:10e52000b889688106890102e30167037100f0a0e0
:10e5300089828a8283b289a88afec21eb281fc6b5c
:10e54000e115f806010cf80600ec01a0096704715a
:10e5500000f0a089a082c5000c039981fc5a122109
:10e5600040fb1e80c00839b4ffa009b08961412377
:10e5700011a8096211a009b08960416c1180810f56
:10e58000b0896c118081a809581e663fb082fd6277
:10e590002f7e0f53fec31ea809581eb202b083fd82
:10e5a0006232572ec31e67047100f0a089a082a8b2
:10e5b0008968818081c5000c03a88161a125053887
:10e5c000c901fbe2dc28f0fffe51ee7f4eb08bb0bc
:10e5d00082fb120405f0ff3955ff6101210cfb1a83
:10e5e0008020050e3b006704b982fb1ee0c008399d
:10e5f0002bffa009a809581eb08afc63e2c31e675e
:10e6000004b08bb082fb120405f0ff3921ff6101d9
:10e61000210cfb1a812005da3a006704b982fb1e3f
:10e62000e0c00839f7fea009a809581eb08afc67a7
:10e63000e2c31e6704b08bb082fb121805f0ff39ed
:10e64000edfe6101210cfb1a822005a63a00670449
:10e65000b982fb1e28c10839c3fea009a809581eab
:10e66000b08afc63e2c31e6704b08bb082fb121851
:10e6700005f0ff39b9fe6101210cfb1a83200572f8
:10e680003a006704b982fb1e28c108398ffea00931
:10e69000a809581eb08afc67e2c31e6704b982fb52
:10e6a0001e60c0083976fea009a809581eb08afc71
:10e6b00067e2c31e6704b982fb1e60c008395dfeb5
:10e6c000a009a809581eb08afc63e2c31e6704b003
:10e6d0008bb082fb12f004f0ff3953fe6101210c74
:10e6e000fb1a8420050c3a006704b982fb1ec0c0e7
:10e6f000083929fea009a809581eb08afc67e2c3a0
:10e700001e6704b08bb082fb12f004f0ff391ffecd
:10e710006101210cfb1a852005d839006704b982f4
:10e72000fb1ec0c00839f5fda009a809581eb08a13
:10e73000fc63e2c31e6704a88966023914fe6704fd
:10e74000b08bb082fb12c804f0ff39e2fd610121f9
:10e750000cfb1a8620059b39006704a889661239cc
:10e76000f0fd6704b08bb082fb12dc04f0ff39be11
:10e77000fd6101210cfb1a8720057739006704a889
:10e7800089662239ccfd6704fb1a882005643900ac
:10e79000670460c0a081a00ab902fb1e00c008394e
:10e7a0007bfde301a8096101ec01210d581eb202b5
:10e7b000fc67e2c31e6703581eb202fc63e2c31e7d
:10e7c000670360c0a081a00ab902fb1e20c00839ff
:10e7d0004bfde301a8096101ec01210d581eb202b5
:10e7e000fc67e2c31e6703581eb202fc63e2c31e4d
:10e7f00067037100f0a089b982fb1e40c008391c74
:10e80000fda009a809581eb301fc6be115f806012b
:10e810000cf80600ec01a0816704fbeefe0308f88b
:10e82000e90ba5fbee1fc108f0effbee1fc108f0de
:10e83000e602fbee1fc108f0eefbee1fc108f0e799
:10e84000fbeefe0308f8e900a502fbee100008ec61
:10e85000ef7a7fe3effbee00e009f8e2000000e072
:10e86000fbee00e009f9e52200fbee00e009f9e625
:10e870004000fbee00e009f9e5a200fbee00e00934
:10e88000f9e68000fbee00e009fae5220100fbee6c
:10e8900000e009f9e6c000fbee00e009fae5a2019c
:10e8a00000fbeeb4c108f8e414fbee6ec00858efac
:10e8b000784fc3ef02fb125ce20000a81aec1e6264
:10e8c0001efd742200a01ae31efbe2105100005846
:10e8d000ef621fc3effbe21051000058ee755e655a
:10e8e000230bfb1a3d20050a380002fbe210510001
:10e8f0000058ee755e642127fbe22151000058eebe
:10e90000611e1d05be5300fbe258e20000ecef6201
:10e910001fe3effbe210510000f8e4000202fbeeff
:10e9200000200cecef7a1fe3effb1e00200ca81a6e
:10e930007802a01afbee00200cecef781fe3ef0248
:10e94000fbee00200cecef7a1fe3effb1e00200c27
:10e95000aa9a7a02a29afbee00200cecef781fe351
:10e96000ef02fbee00200cecef7a1fe3effb1e0042
:10e97000200ca89a7802a09afbee00200cecef780d
:10e980001fe3ef026040e3016101210cfb1a30201c
:10e99000056037006701ec01ec1e619e290cfb1a33
:10e9a0003920054e370067013972fefbee10000872
:10e9b000ecef7a7fe3effbee00200cf8ee00a50011
:10e9c000fb1e00200c3e1c03fb1e00200cab127a29
:10e9d00012a312ec01ec1efbf2200ef0fffe6ef112
:10e9e0007881fb2e00200ca2a9ec01fbee00200c8c
:10e9f000e51e0119fb1e00200c3e9200fbee0020dc
:10ea00000cf9e20400000080fbee00200cf9e205a6
:10ea100000000080fbee00200cf9e2060000008000
:10ea2000fb1e00200c3e900fec01fbee00200ce5dd
:10ea30001e0213fbee00200cf9ea0d4601fbee79f5
:10ea4000c108f8e414fbee67c00858ef781fc3ef65
:10ea500039e2fd67017100f0a0896101200ca889ed
:10ea60007401016889092306f806010cf80600ec18
:10ea7000016101200cfb1a3e20057736006704fb7c
:10ea8000ee00200cf8ee00a500fb120068890906d4
:10ea9000a1090103a081a8816811a009fbee002053
:10eaa0000ce50e0219fbee00200ce50e0113fbee47
:10eab000fe0308f8e900a56704fbeefd7008f0e826
:10eac000fbeefd7008f2e52201fbee00210ceceffd
:10ead0007a1fe3effb1e00210ca81a7812a01afb84
:10eae000ee00210cecef781fe3ef02fbee1f720843
:10eaf000f0edfbee00210cecef7a1fe3effb1e00c4
:10eb0000210caa9a7a02a29afbee00210cecef7873
:10eb10001fe3ef02fbee00210cecef7a1fe3effbab
:10eb20001e00210ca89a7812a09afbee00210cec92
:10eb3000ef781fe3ef026040e3016101210cfb1a53
:10eb4000312005ae35006701ec01ec1e619e290cf9
:10eb5000fb1a3a20059c3500670139c0fcfbee1f0b
:10eb60007208f0edfbee100008ecef7a7fe3effbac
:10eb7000ee00210cf8ee00a500fb1e00210c3e1c4f
:10eb800003fb1e00210cab127a12a312ec01ec1e47
:10eb9000fbf2200ef0fffe6ef17881fb2e00210cbf
:10eba000a2a9ec01fbee00210ce51e0119fb1e00e1
:10ebb000210c3e9200fbee00210cf9e20400000063
:10ebc00080fbee00210cf9e20500000080fbee0066
:10ebd000210cf9e20600000080fb1e00210c3e9093
:10ebe0000fec01fbee00210ce51e0213fbee0021f1
:10ebf0000cf9e20440000080fb1e00210cab92786f
:10ec000002a392fbee1f7208fae4de0741fbee1f3f
:10ec100072085aefde01655f762ff500cbefde015b
:10ec20003912fc67016080fb125ce20000a81aec5c
:10ec300011660466a305a08700a00ae301670260cd
:10ec400080fb125ce20000a81aec11a00ae3016745
:10ec5000027100dca202a189a18339cbffa102a02d
:10ec600089a901a88a0681020706a1000108a081de
:10ec7000a00aa881a80a660e06850206fc03e12206
:10ec800006f806000cf80601ec018589b5896709cc
:10ec90007100dca202a189a18339a6ffa102a0898b
:10eca000a901a88a0681020706a1000108a081a087
:10ecb0000aa881a80a660e06850206fc03e1220660
:10ecc000f806000cf80601ec018589b58967097e14
:10ecd000a66080a009e302a809610119fb1a342388
:10ece00005103400ec01610119fb1a3f23050334c0
:10ecf00000a80e3932ffa06ae361ec01a80aa0a1c6
:10ed00003f66036040e301610119fb1a352305e208
:10ed10003300ec013e1100f81600ec013e120067d2
:10ed2000017ea66040e301610119fb1a362305c28a
:10ed30003300ec0639f1fea06ae361ec013e1200fb
:10ed40003f66026080a0093c0200a809610119fb2e
:10ed50001a3723059d3300a809a8916101143c02cc
:10ed600001c5000203b08967026080a00961011932
:10ed7000fb1a3823057c3300a809a891610119fb0f
:10ed80001a4023056d3300a80ba83aec31a8b3391b
:10ed9000c2fe8089b08967027ea66080a009e30276
:10eda000a809610119fb1a412305473300ec0161f1
:10edb0000119fb1a4223053a3300a80e05664a00e2
:10edc000e361ec01a80aa0293f66036040e301610a
:10edd0000119fb1a4323051a3300ec01f81600ec65
:10ede000013e110067017ea66040e301610119fb4d
:10edf0001a442305fd3200ec0605294a00e361ecc4
:10ee0000013e11003f66026080a0093c0200a80993
:10ee1000610119fb1a452305d93200a809a8196117
:10ee200001143c0201c5000203b08967026080a0a2
:10ee3000093c0200a809610119fb1a462305b332f7
:10ee400000a809a819610119fb1a472305a432007b
:10ee500005d24900a80a068021a82afd74920a4713
:10ee60002123053c0201c5000203b0896702fbeec5
:10ee7000f57008f0e8fbeef57008f2e5290102fbf9
:10ee8000ee1e7208f0ed02fbee00290cecef7a1f8b
:10ee9000e3effb1e00290ca89a7892a09afbee00e3
:10eea000290cecef781fe3ef026040e301610121e0
:10eeb0000cfb1a3220053b32006701ec01ec1e61ad
:10eec0009e290cfb1a3c20052932006701394df9b7
:10eed000397af9fbee1f7208f0e8fbee100008ec3f
:10eee000ef7a7fe3effbee00290cf8ee00a500ecd3
:10eef00001ec1efbf2200ef0fffe6ef17881fb2e7e
:10ef000000290ca2a9ec01fbee00290ce51e011959
:10ef1000fb1e00290c3e9200fb1e00290c3e19022c
:10ef2000fbee00290cf9e20401000080fbee002951
:10ef30000cf9e20502000080fbee00290cf9e20664
:10ef400002000080fb1e00290c3e9007fb1e0029da
:10ef50000c3e1d00fb1e00290c3e9401fb1e0029e7
:10ef60000c3e9701fb1e00290c3e9601fb1e00295a
:10ef70000c3e9801fb1e00290c3e1e01fbee0029f1
:10ef80000cf9e62a11ec01fbee00290ce51e011a32
:10ef9000fbee1f7208fae4d60789fbee1f72085acf
:10efa000efd601782f762ff400cbefd6013985f814
:10efb00067016040fbee48290cece1e3016701606a
:10efc000803e0100fbee200008fae9ef010ba5fbf3
:10efd000ee200008f2ee73c2fb1e200008b591641b
:10efe000116111210ffbee200008fae474c2012e1a
:10eff0001303fb1e200008b711fc5a1e1d04610eee
:10f0000020f1fbee2000085aef73c2753f30cbefc2
:10f0100073c2fbee200008f9e48253fb1e200008b7
:10f020003c9200fb1e200008b49161011d032e03d9
:10f0300003fbee200008f5e01c20f7fb1e20000873
:10f04000b9127722fcff009112fb1e200008b912b2
:10f050007722efff009112fb1e20000899127632f2
:10f0600000277722ffe7009112fb1e2000083c1ac0
:10f07000002e0303fb1e200008b711fc5a1e1e04bd
:10f08000610e20f1fbee200008fae4fc0f01fbee1c
:10f090002000085aeefc0f611e210303a80979d154
:10f0a000a009a8097911a009a8097971a009a809de
:10f0b00078c1a009a8097891a009a8097811a00928
:10f0c000fbee200008e10e01a809fbee2000080677
:10f0d00084e12103033e0100a809753111a009a8ac
:10f0e00009fb2e20000890a1b881fbee2000080645
:10f0f000c5e102210303f90a010004a809fb2e203f
:10f10000000890a9b881fbee20000806c5e10321a4
:10f110000303fbee200008f1e8152e0303fb1e207d
:10f120000008b711fc5a1e1c04611e21f1fb1e20b1
:10f1300000083c94013d01000f980962119009b844
:10f14000097601f40123f4fbee200008fae9ef014f
:10f1500000a567026080f80600fbeec0000858eecc
:10f16000fc5aee1e04611e210ff80601fbeec000e2
:10f1700008f0ea38b300fbee90c20858eefc5aeef5
:10f180001904611e210c75416005672f0038990034
:10f19000fbee90c20858eefc5aee1d04611e210cd5
:10f1a000754161054d2f00387f00fbee90c2085875
:10f1b000eefc5aee1e04611e1a75416205342f00e2
:10f1c0002e66fbeec0000858eefc5aee1f04611ece
:10f1d0001a754163051c2f002e4efbeec000085827
:10f1e000ee641e611e210ef80602fbeec00008f060
:10f1f000e82e35fbee90c20858eefc5aee1f046173
:10f200001e1a75416405eb2e002e1dfbee90c20800
:10f2100058ee641e611e210df80604fbee90c20834
:10f22000f0e80cf80608ec01a0096702fbeefe030b
:10f23000085ceffb522c07f0ff06d55f01773f001b
:10f24000a500d3effbeec20008f8e901a5fbeefe36
:10f250000308dcef773f00a500fb122c07f0ff98b6
:10f26000197e01531fd3ef2e006040e301fbe264df
:10f27000e200000684e12538fbe264e20000e00ed3
:10f28000fbe264e200007100f0e4e0023c0c013caf
:10f2900005003c0401f80600754412fb321433f0fb
:10f2a000ff6612660105567800710010670167015c
:10f2b0002e00fbee1fc108f0effbee1fc108f0e6c9
:10f2c000fbee1fc108f9e46d01fbee69c00858efc1
:10f2d000784fc3effbee1fc108f9e46a01fbee694a
:10f2e000c00858ef781fc3effbee1fc108f0eefb1c
:10f2f000ee1fc108f0e702fbee1fc108f0effbeec6
:10f300001fc108f0e6fbee1fc108f9e43c02fbee6a
:10f3100063c00858ef783fc3effbee1fc108f0ee63
:10f32000fbee1fc108f0e702fbee1fc108f0effb88
:10f33000ee1fc108f0e6fbee1fc108f9e43b02fb3b
:10f34000ee63c00858ef782fc3effbee1fc108f043
:10f35000eefbee1fc108f0e702fbee1fc108f0ef65
:10f36000fbee1fc108f0e6fbee1fc108f9e4310116
:10f37000fbee62c00858ef780fc3effbee1fc10829
:10f38000f0eefbee1fc108f0e702fbee80120cf07e
:10f39000e002fbee80120cf0e102fbee80120cf0ba
:10f3a000e702fbee801a0cf1e004fb1e101a0cb908
:10f3b000126012d312fbee801a0cf1e804fbee800f
:10f3c0001a0cf0e602fbee1e7208f0e1fbee1e7274
:10f3d00008f0e3fbee801a0cf0e7fbee801a0cf16c
:10f3e000e00402fbee80120cf0e402fbee80120c53
:10f3f000f0e802fbee80120cf0e902fbee80120c4a
:10f40000f0ef02fbee801a0cf0ee02fbee1e72082b
:10f41000f0e9fbee1e7208f0ebfbee801a0cf0ef49
:10f42000fbee801a0cf1e80402fbee80120cf0ec0b
:10f4300002fbee100008fae9f7010ba5fbee100045
:10f4400008ecef7a9fe3effbee80120cf0e8fbeea6
:10f4500096120cf1e803fbee80120cf1e801fbeed2
:10f4600096120cf9e46a04fbee96120cf9e4920091
:10f47000fbee96120cf9e53900fbee100008fae9f4
:10f48000f70100a502fbee100008fae9f7010ba551
:10f49000fbee100008ecef7a9fe3effbee80120c1e
:10f4a000f0e9fbee96120cf1e803fbee80120cf192
:10f4b000e901fbee96120cf9e4ea05fbee96120c5c
:10f4c000f9e4fe00fbee96120cf9e57900fbee1074
:10f4d0000008fae9f70100a5026080a00961012196
:10f4e0000dfb1a5020050b2c00381901fbee100003
:10f4f00008fae9f7010ba5fbee80120cf1e004a875
:10f5000009ec1e616e290ea809a81961312a06f8b6
:10f5100006010cf80600ec016101211ea809ec1e91
:10f52000615e2a0ea809a81961412906f806010c96
:10f53000f80600ec01610115f806010cf80600ec74
:10f540000161013ab700fbee100008ecef7a9fe38f
:10f55000effbee80120cf1e004fbee80120cf0effa
:10f56000fbee80120cfae4b00a00fbee80120cfafb
:10f57000e4b20a00fbee80120cf1ef01a809ec1ec8
:10f58000616e2118fb1efe110c3c1320a809a8195e
:10f59000fbeefe110cc7e14f2e18a809ec117851b3
:10f5a000fb2efe110c80a9fbeefe110cf9e44f00be
:10f5b000fb1efe110c3c1b80fb1efe110c3c1800b8
:10f5c000fb1efe110c3c1900fb1efe110c3c15002d
:10f5d000a809fbeefe110cd51e040ffbeefe110c6c
:10f5e000f9e9107f3efbeefe110cf9e9157f3efbb9
:10f5f000eefe110cf9e9167f3e09fb1a542005f2c4
:10f600002a00fbee80120cf1e8046702fbee10000a
:10f6100008fae9f7010ba5fbee100008ecef7a9f62
:10f62000e3effbee801a0cf1e004fbee801a0cf025
:10f63000eefbee001a0cf9e45000fbee801a0cfa17
:10f64000e4b00200fbee801a0cfae4b20200fbee1a
:10f65000801a0cf1ee01fbee001a0cf8e420fbee30
:10f66000001a0cf9e44c00fb1e001a0c3c1880fb3d
:10f670001e001a0c3c1202fb1e001a0c3c1400fb6c
:10f680001e001a0c3c1500fbee001a0cf9e90cffe9
:10f690007cfbee001a0cf9e90dfffffbee001a0ce3
:10f6a000f9e912fffffbee001a0cf9e913fffffb6b
:10f6b000ee801a0cf1e804fbee100008fae9f701fd
:10f6c00000a502fbee100008fae9f7010ba5fbee1e
:10f6d0000a1a0cf1e07afbee100008ecef7a9fe3d7
:10f6e000effbee0a1a0cf1ef76fbee0a1a0cfae4c5
:10f6f000260300fbee0a1a0cfae4280300fbeef1e5
:10f700007308fae4000623fbeef1730858ef65bfb7
:10f71000762ffb00c3effbeef17308fae402062537
:10f72000fb1ef17308b09265a27622fa008092fb6c
:10f73000ee0a1a0cf1ef77fbee0a1a0c754fd25451
:10f74000efc3effb1efe190c3c1323fbeefe190c5e
:10f75000f9e44f00fb1efe190c3c1b05fb1efe19b5
:10f760000c3c1502fb1efe190c3c1861fb1efe1919
:10f770000c3c1961fb1efe190c3d1f64fb1efe199b
:10f780000c3d9064fb1efe190c3d9564fb1efe199a
:10f790000c3d9664391efbfbee0a1a0cf1e87afb6d
:10f7a000ee100008fae9f70100a502fbee100008d0
:10f7b000fae9f7010ba5fbee1fc108f0effbee1f06
:10f7c000c108f0e6fbee100008ecef7a9fe3effbd8
:10f7d000ee80120cf0ecfbee80120cfae4b00a00a2
:10f7e000fbee80120cfae4b20a00fbee80120cf180
:10f7f000eb01fbee80150cf8e420fbee80150cf914
:10f80000e42800fb1e80150c3c1400fbee80150c58
:10f81000f9e42400fb1e80150c3c1102fb1e801530
:10f820000c3c1200fb1e80150c3c1352fb1e801575
:10f830000c3c1200fb1e80150c3c1352fbee801595
:10f840000cf9e904401ffb1e80150c3d154bfbee27
:10f8500080150cf9e906401ffb1e80150c3d174b67
:10f86000fb1e80150c3d904bfb1e80150c3d914bf3
:10f8700039e9fafbee100008fae9f70100a5026089
:10f8800040f80500fbee80120cf0e8fbe21151009d
:10f890000058ee610e1afbee06130cd0e02e0ff8a6
:10f8a00009fffffbe211510000f8e400fbee061334
:10f8b0000cf8e500fbee80120cf0e0d40001b80972
:10f8c00067016040f80500fbee80120cf0e9fbe2f6
:10f8d0001251000058ee610e1afbee86130cd0e0b8
:10f8e0002e0ff809fffffbe212510000f8e400fbc5
:10f8f000ee86130cf8e500fbee80120cf0e1d4006c
:10f9000001b80967016080a0096101210cfb1a524e
:10f910002005df27006702fbeefe0308f8e90ba5d0
:10f92000fbee801a0cf1e004fbee801a0cf0eea85e
:10f9300009ec1e616e290ea809a81961312a06f882
:10f9400006010cf80600ec0161012018fbee001a1c
:10f950000cf8e420a809a819fbee001a0cc7e14c2a
:10f960002e3ea809ec1e615e2a0ea809a819614165
:10f970002906f806010cf80600ec0161012019a81f
:10f9800009ec1e785efbfe001a0cc3fefbee001aab
:10f990000cf9e44c0009fb1a562005562700fbee33
:10f9a000801a0cf0e6fbee801a0cf1e804fbeefe88
:10f9b0000308f8e900a5670260409009fbeefe032a
:10f9c00008f8e90ba5fbee1fc108f0effbee1fc125
:10f9d00008f0e6b8097601401f2117fbee88150ce8
:10f9e000f8e9401ffbee88150cf9e902411f2e2ca7
:10f9f000b80961012114fbee88150cf8e500fb1e27
:10fa000088150c3d12002e14fbee88150cf8e94009
:10fa10001ffbee88150cd50e0102fbee1fc108f08e
:10fa2000eefbee1fc108f0e7fbeefe0308f8e9006d
:10fa3000a5670160409009fbee841a0cf0e0fbee34
:10fa4000181a0cd10e01fbee181a0cf9e901ffff90
:10fa5000fbee181a0cf9e906fffffbee181a0cf979
:10fa6000e907fffffbee841a0cf0e86701604090a5
:10fa700009755165230cfb1a5a200576260067018b
:10fa8000fbee1c1a0cf8e564fbee1c1a0cd50e01fb
:10fa900001fb1e1c1a0c3d1664fbee1c1a0cd50e45
:10faa000010767016040fbee8c150cd4e001b8093a
:10fab0006701fbeefe0308f8e90ba5fbee1fc1088a
:10fac000f0effbee1fc108f0e602fbeefe0308f8c4
:10fad000e900a5fbee1fc108f0effbee1fc108f027
:10fae000eefbee1fc108f0e702fb1e93c1083c11bc
:10faf0000dfbee6ac008754ffe51ef2bc7ef2bfbd5
:10fb0000ee6ac00858ef784fc3effb1e93c1083c64
:10fb1000150dfbee6bc008754ffe51ef2bc7ef2b99
:10fb2000fbee6bc00858ef780fc3effb1e93c108c4
:10fb30003c120dfbee6ac008754ffb51ef2bc7ef6f
:10fb40002bfbee6ac00858ef785fc3effbee93c162
:10fb500008f8e40dfbee6ac008754fbf51ef2ac7e5
:10fb6000ef2afbee6ac00858ef783fc3ef02394432
:10fb7000fffbee140008ecef7b1fe3effbee000150
:10fb80000df0eefb1e00010d3c1100fb1e00010def
:10fb90003c1230fb1e00010d3c1a07fb1e00010d3c
:10fba0003c1b40fb1e00010d3c1c00fb1e00010d18
:10fbb0003c1d00fb1e00010d3c1e00fb1e00010d44
:10fbc0003c1f00fb1e00010d3c1800fbee00010d68
:10fbd000f9e9088704fbee00010df9e42000fbeed3
:10fbe00000010df8e4083903ff39e1fe027100e875
:10fbf000a109920aa08b3c0701a909610116a889f5
:10fc000061011df806010cf80600ec0161012010ed
:10fc1000fb1a602005dc24003c070038dc00fbee0a
:10fc200000010df0e63d04002e44fbee03010d58eb
:10fc3000eefc5aee1b04610e20f2b901a90afec2c5
:10fc40001efbfe04010dc3fefbee03010d58eefc8e
:10fc50005aee1904610e20f2fbee04010db901a861
:10fc60008a58eefe021e990162119101b90106c582
:10fc7000010929b8fbee03010df4e02111fbee03ad
:10fc8000010d58eefc5aee1e04610e15f806010c2b
:10fc9000f80600ec0161012111fbee03010d58eea5
:10fca000fc5aee1d04610e15f806010cf80600ec76
:10fcb0000161012111fbee03010d58eefc5aee1c0f
:10fcc00004610e15f806010cf80600ec0161012034
:10fcd00021fbee03010df0e8fbee03010df0eafb62
:10fce000ee03010df0ebfbee03010df0ec3c070021
:10fcf000fbee00010df0eec500070bb28967063977
:10fd00008d000260c0a081f80600a88161012b0c63
:10fd1000fb1a862305dc23002e15a88275122cfb06
:10fd200012ccdd00004b2105900000e301ec01a0a6
:10fd30000967037100eca101a08aa083f80600a85e
:10fd4000896101210cfb1a8c2305a723002e39a9f8
:10fd50000161012b0cfb1a8723059723002e29a88c
:10fd6000816101210cfb1a9e23058723002e19a80f
:10fd700083a88aa90475142cfb12ccdd00004b412a
:10fd800005b00000e301ec01a00967056080fbe21b
:10fd9000e42c0000e30ef90a010020fb4a0004fbfa
:10fda00032e44c0000fb2eb8c201fb12ccdd000097
:10fdb000058101006280027100eca1013e02003d5c
:10fdc0000300a9016101210cfb1a902305242300e3
:10fdd0002e5aa901a99206851208220eaa11a9027b
:10fde00006812106a0812e44a902a9910685210839
:10fdf0002518a901a89a06811206a082a901aa11b4
:10fe000006890102a0812e24b889610110a901b7d9
:10fe100011610115f806010cf80600ec01610110f2
:10fe2000a901e51003020c3e0200a881a089670524
:10fe30007100e0a189a182a10b3e03003e02003eb9
:10fe40000100a9896101210dfb1a912305a422005b
:10fe500038db00a9816101210dfb1a922305932251
:10fe60000038ca00a9893951ffa009a809068501ef
:10fe7000052306e100050ce10001ec01a089610108
:10fe80003aab00a881068501032305389500a989ae
:10fe90003c9c00388d00a881a982fec21ea989a9b8
:10fea00092a891fe012ea989a9926212a192a98914
:10feb000a992068512032307a9893e1600a989a9dc
:10fec00092068512082055fb1e03000db019fc5a3e
:10fed0001e1904610e2115fb1e03000db019fc5afa
:10fee0001e1e04610e1df806010cf80600ec0161ef
:10fef0000121d6a989aa12a891fec12efbfe0300fa
:10ff00000dc3fea989aa126212a212a989aa120619
:10ff10008512032307a9893e1800a8816211a081d8
:10ff2000a881068501032205386effa889a1016713
:10ff3000087100e8a109a102a08ba084e5000701d7
:10ff4000e10008a9096101210cfb1a932305a321f3
:10ff5000006706a8896101210cfb1a9923059321ea
:10ff6000006706a8096101210cfb1a9a2305832169
:10ff7000006706a9093e1500a9093e1400a9093e1b
:10ff80001800a9093e1600a909f9142400a9093e80
:10ff90001a00a889a90ae321a881a90aa029a80909
:10ffa000a90aa0a1ec01a90aa0a9a9093c9c01fbee
:10ffb000ee180008fae9f3010ba5fbee1fc108f0eb
:10ffc000effbee1fc108f0e6fbee72730858ef7806
:10ffd0001f762ff200c3effb1e727308b01a78026f
:10ffe0007622f100801afbee180008ecef7b8fe31d
:10fff000effb1e00000d3c1200fb1e00000d3c122a
:020000040001f9
:1000000000fbee00000df8e400fb1e00000d3c16a6
:1000100072fb1e00000d3c1750fb1e00000d3c1132
:1000200004fbee1fc108f9e47f0bfbee0bc008597f
:10003000ef60786fc7ef60fbee1fc108f9e47e0b3d
:10004000fbee0bc00859ef20785fc7ef20fbee0beb
:10005000c00858ef785fc3effbee0bc00859ef60a4
:10006000785fc7ef60fb1e00000d7542f05512026d
:100070008092fbee1fc108f0eefbee1fc108f0e717
:100080006706fbee308008f9e9012233fb1e308061
:10009000083c1680fb1e3080083c1800fbeefe0377
:1000a00008f8e90ba5fbee350008f8e400fbeefece
:1000b0000308f8e900a5fbee308008f8e400fbee49
:1000c000308008f8e4ff02fbee308008f8e400fb23
:1000d000ee308008f8e4ff020577040061011afba6
:1000e0001a0028050d200002fbe268e20000ecef98
:1000f000621fe3ef02fbe268e20000ecef621fe345
:10010000ef0205330f006111210cfbe268e20000f1
:10011000f8e6000202fbe268e20000f8e600026096
:10012000403c020105400e0061011e3c02002e0c05
:10013000051f040061011c3c0200c5000203b089d8
:100140006701fbe268e20000ecee612e2011611e07
:1001500011610e210e3983ff02399cff0239a5ff80
:1001600002fb1a0a28058b1f0002fbe21351000054
:10017000f8e40102fbe214510000f8e40102fbe2a2
:1001800015510000f8e40102fbe216510000f8e40a
:1001900001026040fb1255555555fb2255555555ea
:1001a00047122173fb12aaaaaaaafb22aaaaaaaae8
:1001b00047122163fb3255555555fb425555555550
:1001c00047342153fb32aaaaaaaafb42aaaaaaaa86
:1001d00047342143fb5255555555fbe2555555556e
:1001e000475e2133fb52aaaaaaaafbe2aaaaaaaa9c
:1001f000475e2123fbf255555555fb125555555574
:1002000047f12113fbf2aaaaaaaafb12aaaaaaaa38
:1002100047f121030c3955fffbe21351000058ee62
:10022000610e200ffbe213510000f8e4003c0200d5
:100230000c3c0201c5000203b08967016040ef0178
:10024000ef62ef73ef84ef95efaeefbffb02555512
:100250005555fb625555555547063bac00fb02aa68
:10026000aaaaaafb62aaaaaaaa47063b9b00ef1069
:10027000ef26efc1efd2fb7255555555fb82555510
:10028000555547783b8200fb72aaaaaaaafb82aa0c
:10029000aaaaaa47782171fb9255555555fba2553c
:1002a000555555479a2161fb92aaaaaaaafba2aa70
:1002b000aaaaaa479a2151fbb255555555fbc255da
:1002c00055555547bc2141fbb2aaaaaaaafbc2aa0e
:1002d000aaaaaa47bc2131fbd255555555fbc25598
:1002e00055555547dc2121fbd2aaaaaaaafbc2aace
:1002f000aaaaaa47dc2111ef37ef48ef59efeaef3e
:10030000fbef1cef2d0c396efefbe2145100005880
:10031000ee610e200ffbe214510000f8e4003c02f5
:10032000000c3c0201c5000203b08967016040fb7c
:100330001255555555fb22aaaaaaaafd6aa5fd6821
:100340001afd6aa347133b1f01fd682afd6aa347f4
:10035000233b1401fd685afd6a25fd6812fd6a23de
:1003600047133b0301fd6822fd6a2347233bf80046
:10037000fd6852fd6ad5fd681dfd6ad347133be752
:1003800000fd682dfd6ad347233bdc00fd685dfd61
:100390006ac5fd681cfd6ac347133bcb00fd682c92
:1003a000fd6ac347233bc000fd685cfd6a95fd689c
:1003b00019fd6a9347133baf00fd6829fd6a934717
:1003c000233ba400fd6859fd6ab5fd681bfd6ab3b7
:1003d00047133b9300fd682bfd6ab347233b88001e
:1003e000fd685bfb1205000005fb220a00020afd06
:1003f0006a05fd6810fd6a034713216bfd6820fd47
:100400006a0347232161fd6850fb1205000105fbcb
:10041000220a000202fd6a85fd6818fd6a834713ff
:100420002145fd6828fd6a834723213bfd6858fb71
:1004300012fd550054fb22fe2800a8fb4203ffffdb
:100440007fff4e14ff4f24fd6a35fd6813fd6a33ac
:10045000534347e32111fd6823fd6a33534347f3b8
:100460001dfd68530c3919fdfbe21551000058eed3
:10047000610e200ffbe215510000f8e4003c020081
:100480000c3c0201c5000203b08967016040fd1ffa
:100490003afd1f0bfd1f1cfb121111222275423366
:1004a000fd1732fd1701fd1711fd1f33fd1f04fd60
:1004b0001f154723214d4714214947152145fd1795
:1004c0003afd170bfd171cfd1fbdfd1f8efd1f9f65
:1004d000fb1244445555754266fd17b2fd1781fd68
:1004e0001791fd1fb6fd1f87fd1f98472621144752
:1004f0001721104718210cfd17bdfd178efd179f02
:100500000c3987fcfbe21651000058ee610e200ffb
:10051000fbe216510000f8e4003c02000c3c020132
:10052000c5000203b08967017ea66080f802aaaa0e
:10053000aaaaec06ef61053533ff7e064716153c87
:1005400006000c3c0601c5000607b1893f66036042
:10055000403c02017fb8393cfc61011e3c02002e88
:100560002739dbfc61011e3c02002e1c39c1fd61f4
:10057000011e3c02002e113915ff61011d3c0200d5
:100580000e39a7ff80817fa8c5000203b0896701eb
:100590007100e4a181a10a848b84843c80013e0225
:1005a000002e69f806013c07002e4ea881a982fea4
:1005b0006121a089a889069001b48a6102196101ac
:1005c000200c3c80000f61011c3c8000b481610163
:1005d000ec011a7e0106910103a0890f0695010323
:1005e000a089a889a882a983fe2231ec016c11e3bd
:1005f00001b18962118189b18975512023afb4019c
:1006000061012010a8816211a081a88106850105e1
:100610002393c5001011b40967077100e0a189a1f7
:1006200082858b85843c8401e50006012e73a80930
:100630006011a089f90202000000803c03202e4fc7
:10064000a889a98afe6121a101a90106910102b52b
:100650008a6102196101200c3c84000f61011c3c7d
:100660008400b5816101a8811a7e0106910104a16f
:10067000010f06950104a101a901a88aa98bfe22f8
:1006800031a8816811a081b08960118089b0896129
:100690000121afb5016101200ea8096011a009a8d0
:1006a000096101218bc5001415b50967087100f0b7
:1006b000a089a0823c0601f806002e0fec02660e0f
:1006c000fe221eec016211e301ec0106850102a885
:1006d0008923eba8826614660339b7fe61011e3ccc
:1006e00006002e5da882a8896604661339a4fe61ff
:1006f000011e3c06002e4aa882a8896614660339aa
:100700001bff61011e3c06002e37a882a8896604e3
:1007100066133908ff61011e3c06002e24f806000e
:100720002e17ec01a88afe612e610e163c06002ee3
:1007300010ec016211e301ec010685010223e5c51d
:10074000000607b18967047100f0a089a082a00ba0
:10075000f806002e14ec01a88aa883fe612efe2163
:100760003eec016211e301ec010685010123e8671b
:10077000047100e0a189a182a10b3c82013e03002b
:10078000e5000501663e06a10c0e07163c82002e10
:1007900047663e06a10c0e06163c82002e3aa98939
:1007a0000685010625073c82002e2da8096101203f
:1007b0000e663e06a10c0e0115f806010cf80600a7
:1007c000ec016101163c82002e0ea9810681010711
:1007d00068216211a089b4816111212be500070213
:1007e000a809610112a88ba80aa989395cffa88a07
:1007f000a88139bbfe8481a809610112a88ba98a4e
:10080000a8093945ffc5001213b48967087100e8cb
:10081000a109a102a08be303ec0161011e3c0a00c7
:100820002e30a9010681010568216211a009ec01a1
:10083000a80a6c224b12604266033937ff8281b2ec
:10084000816111210dec03a902a9093926ff8281da
:10085000c5000a0bb28967067100e4a181a10aa153
:1008600003a08c3c0a01f806002e2aec01a982fea6
:100870006121a009a90106850101143c0a00a8898b
:10088000ec02a983fe2231b28161012010ec0162e9
:1008900011e301ec010685010523d2c5000a0bb264
:1008a0008967077100e0a189a182a10ba1043c0e18
:1008b00001e100062e30ec016011a009a809a98a07
:1008c000fe6121a081a90906850102143c0e00a940
:1008d00001a80aa98bfe2231b3816101200eec012f
:1008e0006011e301ec01610121cec5000e0fb38957
:1008f00067087100f0a089a0823c0601f806002e6e
:100900000fec02660efe221eec016211e301ec0107
:1009100006850102a88923eba882fb46ff660339fe
:1009200039ff61011e3c06002e6ea882a88966046c
:10093000fb36ff3970ff61011e3c06002e5aa8826b
:10094000a889fb42aaaaaaaa6603390eff61011e62
:100950003c06002e43a882a889fb4255555555fbfd
:1009600032aaaaaaaa393eff61011e3c06002e281f
:10097000f806002e1bec01a88afe612e740e555558
:100980005555163c06002e10ec016211e301ec01f6
:100990000685010223e1c5000607b18967047100dd
:1009a000f0a089a082a00bf806002e14ec01a88a02
:1009b000a883fe612efe213eec016211e301ec01f1
:1009c0000685010123e867047100e0a189a182a1e5
:1009d0000b3c82013e0300e5000501663e06a10cca
:1009e0000e07163c82002e47663e06a10c0e061628
:1009f0003c82002e3aa9890685010625073c820023
:100a00002e2da8096101200e663e06a10c0e0115cf
:100a1000f806010cf80600ec016101163c82002e7c
:100a20000ea9810681010768216211a089b4816144
:100a300011212be5000702a809610112a88ba80a61
:100a4000a989395cffa88aa88139a9fe8481a809ef
:100a5000610112a88ba98aa8093945ffc5001213a4
:100a6000b48967087100e8a109a102a08be303ec37
:100a70000161011e3c0a002e30a9010681010568b2
:100a8000216211a009ec01a80a6c224b1260426697
:100a9000033937ff8281b2816111210dec03a90274
:100aa000a9093926ff8281c5000a0bb2896706fbb6
:100ab0001208de0000fb220cde0000fd6a23e313b7
:100ac000ec23fd6832fb32570bf1ff7f1303fb125f
:100ad00008de0000ec13fd6832020302fb1210de98
:100ae0000000fb2214de0000fd6aa3e313ec23fdeb
:100af000683afb32570bf1ff7f1303fb1210de0045
:100b000000ec13fd683a020302fb1208de0000fb52
:100b1000220cde0000fd6a23e313ec23fd6832fba8
:100b20001210de0000fb2214de0000fd6aa3e313b6
:100b3000ec23fd683afb32570bf1ff7f1303fb12e6
:100b400008de0000ec13fd6832fb1210de0000ec42
:100b500013fd683a020302fbe204de0000eceefb48
:100b6000f2f8dd0000ecf1fbf2fcdd0000ecf2fb42
:100b7000f200de0000ecf37f1efbe2e4500000c355
:100b8000e1027100e8a109a102a08ba084e50007a1
:100b900001fbe2f8dd0000e10e05fbe2fcdd0000f8
:100ba000e10e04fbe200de0000e10e03fbe20cdede
:100bb0000000e10e02fbe204de0000e10e0139f16b
:100bc000fefbe2e4500000c4e003b0896706710058
:100bd000e8a109a102a08ba084e5000701fbe2f8cf
:100be000dd0000e10e05fbe2fcdd0000e10e04fb90
:100bf000e200de0000e10e03fbe214de0000e10e85
:100c000002fbe204de0000e10e0139d2fefbe2e469
:100c1000500000c4e003b08967067100e4a181a11f
:100c20000aa103a08ce5000802e5000901fbe2f837
:100c3000dd0000e10e06fbe2fcdd0000e10e05fb3d
:100c4000e200de0000e10e04fbe214de0000e10e33
:100c500003fbe20cde0000e10e02fbe204de00001a
:100c6000e10e0139a6fefbe2e4500000c4e003b04f
:100c70008967076080a0097521fca009a809e30124
:100c800067026080a0097521fca009a809e301673b
:100c90000260c03c0a00fb12cc1e000039e6ffa037
:100ca00009fb12cc1e00007211ff0339d7ffe301cc
:100cb000ec02a80966030512fdff61011afb1a0187
:100cc00028052f14000c3c0a01c5000a0bb28967e5
:100cd000037ea67100f0a0893c0a00e5000301a88c
:100ce000096231e301ec01a80e3999ffef12fb32e2
:100cf000cc1e0000ef6105d2fcff61011afb1a0255
:100d00002805ef13000c3c0a01c5000a0bb2893f0d
:100d100066057ea660c03c0a00fb1208100000a019
:100d200009fbe270e20000ece17211ff03e301a8ad
:100d3000096011a009ec01068501012505e100010a
:100d4000fbe270e20000ece6ec013938ffef12fb49
:100d500032cc1e0000ef610571fcff6101210cfb2c
:100d60001a0328058d13002e2bec010685010121a5
:100d700015fbe270e20000fbf208000000e3ef3c2c
:100d80000a012e10fbe270e20000ecef72ff00049b
:100d9000e3efc5000a0bb2893f66047ea67100f03e
:100da0003c0e00fb1210130000a081a8816011a06e
:100db00081fb12cc1e00007211ff03e301ec0175f0
:100dc00021fce301fbe274e20000ece171111fa0e1
:100dd00009a809068501022506e5000201fbe27467
:100de000e20000ece6a809399bfeef12ec0460403b
:100df000fbe2c809f1ffe30efb32cc1e0000ef61fd
:100e000005cefdff62406101210cfb1a082805e2b6
:100e100012002e2aa881068501012115fbe274e249
:100e20000000fbf210100000e3ef3c0e012e0ffb60
:100e3000e274e20000ecef71ff20e3efc5000e0f5b
:100e4000b3893f66057ea67100ec8489a08a3c0abe
:100e500001e5000301a8097211c700e301050e5f57
:100e6000ff4501131e3c0a002e22ec01a80e391486
:100e7000feef12fb32cc1e0000ef61054dfbff615f
:100e80000119fb1a0428056a1200c5000a0bb28971
:100e90003f66067ea67100ec8489a08a3c0a01e5c3
:100ea000000301a80972111f03e301058060ff45db
:100eb00001131e3c0a002e22ec01a80e39c6fdefdc
:100ec00012fb32cc1e0000ef6105fffaff61011931
:100ed000fb1a0528051c1200c5000a0bb2893f66e3
:100ee000067ea660803c0600fbe278e20000ece1b2
:100ef0007211ff00e301ec0177010000022307f803
:100f00000effff017fb8fbe278e20000ece6ec01a7
:100f10003972fdef12fb32cc1e0000ef6105abfa17
:100f2000ff6101210cfb1a062805c711002e2ceccd
:100f3000017701ffff012115fbe278e20000fbf2df
:100f4000cc220000e3ef3c06012e10fbe278e20029
:100f500000ecef72ff0001e3ef7fa8c5000607b1c8
:100f6000893f66037100e0fb1210100000a009fb2e
:100f700012cc220000e301a8096011a009fb1204b1
:100f800000000039f0fca109a80939e9fca181a9f8
:100f900082a909660305dcf7ff8781b7816111210a
:100fa00023fb121013000039ccfca109fb1effff2c
:100fb0000139c2fca181a982a909660305b5f7ff21
:100fc0008781b78161112167ec017111647521fc82
:100fd000a101a9017111647521fca089a889624150
:100fe000a081fb1210100000398bfca109fb12102c
:100ff0001300003980fca181a981068101050689c1
:101000000102770100000223073c8e002e21a90572
:10101000a88ca883a982a9096080fbf27107f1ff5f
:10102000e70f01e30505f5fbff62808781c5001e20
:101030001fb789670860403c0200fbe26ce20000d9
:10104000ecee61de250538b501fbf2f228f0fffe7b
:101050005efe7f4e393dfc61113baa01fbe26ce272
:101060000000ecef621fe3ef3c0201389801fb1235
:1010700004000000395dfc61113b8a01fbe26ce277
:101080000000ecef621fe3ef3c0201387801398485
:10109000fc61113b7001fbe26ce20000ecef621faf
:1010a000e3ef3c0201385e01fb1208100000392317
:1010b000fc61113b5001fbe26ce20000ecef621faf
:1010c000e3ef3c0201383e01fb120c100000390333
:1010d000fc61113b3001fbe26ce20000ecef621faf
:1010e000e3ef3c0201381e0139b3fc61113b1601ec
:1010f000fbe26ce20000ecef621fe3ef3c02013820
:101100000401fb121013000039c9fb61113bf6000a
:10111000fbe26ce20000ecef621fe3ef3c020138ff
:10112000e400fb22141300006601391bfd61113b32
:10113000d400fbe26ce20000ecef621fe3ef3c0244
:101140000138c200fb22dc130000661139f9fc6192
:10115000113bb200fbe26ce20000ecef621fe3ef38
:101160003c020138a000fb22a4140000662139d7fc
:10117000fc61113b9000fbe26ce20000ecef621faf
:10118000e3ef3c02012e7efb226c15000066013964
:1011900004fd6111216ffbe26ce20000ecef621fc5
:1011a000e3ef3c02012e5efb228c18000066113931
:1011b000e4fc6111214ffbe26ce20000ecef621fe6
:1011c000e3ef3c02012e3efb22ac1b0000662139fe
:1011d000c4fc6111212ffbe26ce20000ecef621f06
:1011e000e3ef3c02012e1e39fafc61112117fbe2ec
:1011f0006ce20000f8e6003c020109fb1a07280532
:10120000f10e00c5000203b0896701fbee80820881
:10121000f0e7026080a009e3022e17a809fbee8424
:101220008208c01ea8096211a009ec016011e30147
:10123000ec01610121e767026040fbee8882085cf7
:10124000e1e301670160c0a081a00ad0205c010633
:101250008501021d3c02010c3c0200c5000203b0e6
:10126000896703fbeefe03085cef773f02a500777a
:101270002f0ba500d3effbee140008ecef7b7fe310
:10128000effbee808208f8e482fb1e8082083d14aa
:1012900000fbeefe03085cef773f00a500772f0b05
:1012a000a500d3ef0260c0a0813962ffa8816c3134
:1012b000fb22440ef0ff4b12ec21a82a43126212cb
:1012c0003953ff3975ffe301a882ec016c127322d8
:1012d0000000fc3972ff61011d3c06000c3c060158
:1012e000c5000607b18967036040fbe22833f0ffc1
:1012f000c4e002c5e001036601c3018009c301ef38
:1013000003662271010205e7e8ff6101200dfbe29f
:1013100017510000c10e016701fbe217510000f8f0
:10132000e4006701fbe27caf0000f8e9f20ffbe2aa
:101330007caf0000f9e901f20ffbe27caf0000f99d
:10134000e902f20f390400026040fbe22a33f0ffa9
:10135000c4e002c5e001036601c3018009c301efd7
:101360000366227101020587e8ff67017ea671000e
:10137000f0f80400eff63972fffbe2175100005855
:10138000ee755ee521663c08f23c0f012e12b38932
:10139000710e08660ffe0e1fb38962118389b3892f
:1013a000617123ec71030166727101080541e8ff68
:1013b000c301580161012030b0896c81550102fbe5
:1013c000e27caf0000d3e1b1096c81550104fb223e
:1013d0007caf00009029b1896c81550106fb227c0d
:1013e000af000090a108393eff0c393afffbe27cc8
:1013f000af0000d0e6d5e60101d5e602023f660562
:1014000075431c6602fb1218de000005f92c00fb78
:101410001218de00003e1696fb1218de00003c1d7e
:1014200001fb1218de00003c1c01fb1218de00005c
:101430003c9100026040e301610119fb1a0a440576
:10144000b10c00ec013c1800ec01f91909ffffecac
:10145000013c91ffec013d1affec013c1c00ec014a
:101460003c1d00ec013e1600ec013c90ffec013c01
:101470001effec013c1fff66013918016701fbe20a
:1014800018de0000f9e909fffffb1218de00003c3e
:101490009104fb1218de00003d1a50fb1218de000a
:1014a000003c1c00fb1218de00003c1d00fb121863
:1014b000de00003e1600fb1218de00003c90fffb31
:1014c0001218de00003c1efffb1218de00003c1f5d
:1014d000ff02fbe218de0000f9e909ffff0260c02d
:1014e0003c0a003e010039a602a009058e31000623
:1014f0008501012112fbe218de0000a8090684e143
:101500001df806010cf80600ec016101143c0a010b
:10151000c5000a0bb289670360403c020039c4056c
:101520008009b0097100f0a0813c0c013c05003c31
:101530000401f80600754417fb322c33f0ff6612e5
:10154000660105b95500710010fb1218de0000b2eb
:10155000117100f0a0813c0c013c05003c0401f835
:101560000600754424fb324433f0ff661266010521
:101570008c5500710010fbe218de0000b00945e157
:10158000081d3c02010c3c0200c5000203b0896743
:101590000160408089fbe218510000c3e1670160ef
:1015a000803c06013c0500fb1218de0000ba1977ea
:1015b00001ffff003a8401fb1218de0000b4193964
:1015c000f004610121323c0600fb1218de0000b479
:1015d000197100f0a0813c0c013c05003c0401f8ad
:1015e0000600754420fb326933f0ff661266b105d0
:1015f0000c5500710010fb1218de0000ba9139176b
:1016000004610121323c0600fb1218de0000ba9191
:101610007100f0a0813c0c013c05003c0401f8067f
:101620000075441efb328a33f0ff661266b105cda9
:101630005400710010fb1218de0000b391398b04c6
:10164000610121323c0600fb1218de0000b39171eb
:1016500000f0a0813c0c013c05003c0401f80600b0
:10166000754421fb32a933f0ff661266b1058e5432
:1016700000710010fb1218de0000b39939de03611f
:101680000121323c0600fb1218de0000b399710004
:10169000f0a0813c0c013c05003c0401f8060075fb
:1016a000441ffb32cb33f0ff661266b1054f540086
:1016b000710010fb1218de0000b4113986036101bd
:1016c00021323c0600fb1218de0000b4117100f05c
:1016d000a0813c0c013c05003c0401f80600754467
:1016e00023fb32eb33f0ff661266b1051054007134
:1016f0000010fb1218de0000b611710205396d02f0
:101700008109b109610121323c0600fbe218de00cb
:10171000007100f0e5e006023c0c013c05003c04d1
:1017200001f80600754422fb320f34f0ff661266a2
:10173000b105ca5300710010fbe21851000058eec9
:10174000610e15f806000cf80601ec016101202974
:101750003c06007100f06601a08181098101e3016e
:101760003c0c01754416fb323234f0ff661266b150
:10177000058b5300710010c5000607b18967026030
:1017800080390b00e301ec01a009670260c03e0153
:1017900000f80600fb1218de000062416603664294
:1017a00005cd0300a009a80bfb1218de0000628122
:1017b000661205bb0300a009fb1218de0000ba196f
:1017c0007701ffff003aac00a80bfb1218de000007
:1017d000711112662205980300a009a80bfb1218cc
:1017e000de0000711111661205850300a009a80b27
:1017f000fb1218de0000711114662205720300a0ae
:1018000009a80bfb1218de000062c1661205600316
:1018100000a009a80bfb1218de000062d1661205b9
:101820004e0300a009a80bfb1218de000062e1665f
:1018300012053c0300a009a80bfb1218de00006291
:10184000f16612052a0300a009a80bfb1218de009e
:1018500000711110661205170300a009a80bfb12f6
:1018600018de0000711118664205040300a0092e5d
:101870006ea80b6622ef0105f60200a009a80b6610
:1018800012ef0105ea0200a009a80b6622ef01058c
:10189000de0200a009a80b6612ef0105d20200a02b
:1018a00009a80b6612ef0105c60200a009a80b6685
:1018b00012ef0105ba0200a009a80b6612ef01059c
:1018c000ae0200a009a80b6612ef0105a20200a05b
:1018d00009a80b6642ef0105960200a009a809a01d
:1018e000816703fb1ec00110059ac9ff6101211722
:1018f000fb1ec00110058dc9ff61011afb1a0b44c4
:1019000005f00700020260803e010039d8ff397ef1
:10191000fefbe218de0000e3e13e010ea80bfb2215
:1019200018de0000fb1ec001100502caff61011590
:10193000f806000cf80601ec016101202da80bfb54
:101940002218de0000fb1ec0011005e1c9ff610185
:1019500015f806000cf80601ec016101200cfb1ad9
:101960000c44058e0700670267027100f08389a0ae
:1019700082f80600a881610119fb1a094405730762
:1019800000a881f81401b389755196201575516925
:10199000201461012114f80600a881f814002e0f0c
:1019a0003e00960af806690ea881f81400ec01a022
:1019b0000967046040fb1218de0000e30167016064
:1019c00040fb1218de000062c1e30167016040f8cd
:1019d0000600710108e301ec0275431cfb1218dede
:1019e0000000053a260067016040fb1218de000087
:1019f000b41961011e3c02032e15fb1218de000013
:101a0000b4197611e803fd7891c8008081c5000201
:101a100003b0896701608090893c0400b889760131
:101a20002c012a0cb88961012b06f806010cf80676
:101a300000ec016101143c0401c5000405b1096713
:101a400002604080893c0100b08975511424053c36
:101a50000101c5000102b0816701608081893c05f8
:101a600000b1896101200db18975516e2406f80617
:101a7000010cf80600ec016101143c0501c50005ec
:101a800006b1816702608081893c0500b18961a14e
:101a90002a0cb18961212906f806010cf80600ec30
:101aa000016101143c0501c5000506b181670260b2
:101ab0004080893c0100b0897551ff2a053c010135
:101ac000c5000102b0816701604080893c0100b01f
:101ad0008975518024053c0101c5000102b0816770
:101ae0000160403d00fffbe21951000058ee610e1d
:101af00011fbe29caf0000d0e0c40003b089670195
:101b000060409009fbe29caf0000d3e1fbe2195179
:101b10000000f8e401670160c03e0100f80600f82b
:101b200006002e2e661eec01fd621efbf29caf002d
:101b300000efe506d0f547e52112668e06800e66b9
:101b400011fd62e106950101a009ec016211e301ba
:101b5000ec01619123d0a8097611c800a009a80959
:101b6000fd7891ff00a009a809a08167037100e03a
:101b7000a189a182a10b3e03003e02003e0100f8b4
:101b80000600a989610119fb1a014005650500a934
:101b9000097e01a0893e02002e30a881a98afec2da
:101ba00011a009a88906a10d01015b11e301fbe267
:101bb000540ef0ffec01fe61eea8896881ff61e13f
:101bc000a089a8816211a081a8810685010623cc85
:101bd000a8897e01a10167087100f0a089a082a0f8
:101be0000b3c0200a881610119fb1a0240050305a4
:101bf0000005e41b006101a80ba882a889196604ee
:101c00003916008081097544ff3977008081c5004d
:101c10000203b08967047100e0a189a182a10b844d
:101c20008c840ca981610119fb1a034005c40400ce
:101c3000664371021cef0105e52300a982668371ea
:101c4000010405da23003e03002e1da88aef0efed4
:101c5000ce2eff6ee1fbf22c05f0fffecfe18409f2
:101c6000a8896211a089a909624106850103b40906
:101c700024dbfd74d1558409c5001112b4816708b5
:101c80007100e0a189a182a10b848c840ca98161df
:101c90000119fb1a0440055a0400664371021cef47
:101ca00001057b2300a9826683710104057023006e
:101cb0003e03002e1da88aef0efece2eff6ee1fb26
:101cc000f22c06f0fffecfe18409a8896211a089f9
:101cd000a909624106850103b40924db7e01840958
:101ce000c5001112b481670860c0a081908a3c03ce
:101cf00000f809ffffa88161012133fb1a054005a7
:101d0000f103002e29a881581106600d018089a8d1
:101d1000816211a0815c016881d301fbe23207f08e
:101d2000ffb089fe51e106600d01d301b88971123f
:101d3000ff908a610121d0d40002b881670371004d
:101d4000f03d07003d06003d0500058e2d00a00971
:101d5000a8097621001076010010210cfb1a104111
:101d6000059003006704a809762100407601004031
:101d7000210cfb1a1141057a030067040595a0ffa9
:101d80009189b98905b2360005242e003d0600f977
:101d90000905ff0fb98906c50106290ab98906c5d3
:101da00001052b06f806010cf80600ec016101fba9
:101db000e27ce20000ecee2035622efbf27ce200d9
:101dc00000e3fefbe27ce20000ecee61ae233105b5
:101dd000061a006101ed0e011f78cee70e010e78a4
:101de000eee70e01a809058436006704610e201095
:101df000fbe27ce20000ecef601fe3ef67046704a6
:101e00007100f03d07003d06003d050005fc350072
:101e1000a009a8097621002076010020210cfb1ad8
:101e2000124105ce02006704a809772100800077df
:101e300001008000210cfb1a134105b60200670463
:101e400005df9fff9189b9890508360005602d00df
:101e50003d0600f90905ff0fb98906c50106290ae3
:101e6000b98906c501052b06f806010cf80600ec39
:101e7000016101fbe280e20000ecee2035622efb06
:101e8000f280e20000e3fefbe280e20000ecee61a3
:101e9000ae2331054219006101ed0e011f78dee726
:101ea0000e010e78fee70e01a80905d7350067047c
:101eb000610e2010fbe280e20000ecef601fe3ef18
:101ec00067046704fbe21a51000058ee610e211e00
:101ed00005359fff6101200d3966fe3925ff054f4d
:101ee0009fff02fb1a14410509020002fbe21a518e
:101ef0000000f8e40005389fff027100f06601a0c1
:101f00008181098101e3013c0c01754415fb324cd0
:101f100034f0ff6612665105e44b0071001039ec95
:101f200005fbe21c51000058ee610e20347100f0f8
:101f30006601a08181098101e3013c0c0175441611
:101f4000fb326234f0ff6612665105b14b0071003e
:101f50001005f12900fbe2e6500000c3e12e230545
:101f6000680800fbe2e6500000c3e1fbe2e6500037
:101f70000058e105ff2900fbe21c510000f8e401d4
:101f8000fbe2e5500000f8e400fbe234de0000f87c
:101f9000e600fbe21d510000f8e4002e1bfbe21df1
:101fa00051000058effb5238de00006604fe2f544b
:101fb00058ef621fc3effbe21d51000058ee618e27
:101fc00023ddfbe21d510000f8e400fbe21b5100a1
:101fd00000f8e401026080a0097100f03c0c01a04f
:101fe000813c05003c0401f80600754419fb327978
:101ff00034f0ff6622665105044b00710010a809f9
:10200000610110a8097551212906f806010cf8068e
:1020100000ec01610110fb1a804039d600050e0664
:10202000006101201c7fb8a8096011661efd621eb8
:10203000fbf234de00000694fee3fe7fa867026731
:10204000026080a0097100f03c0c01a0813c0500f9
:102050003c0401f80600754419fb327934f0ff6640
:1020600022665105984a00710010a809611112a852
:1020700009612115f806010cf80600ec0161011256
:10208000a809614115f806010cf80600ec01610190
:1020900012a809613115f806010cf80600ec01617f
:1020a0000112a809615115f806010cf80600ec01af
:1020b000610112a809616115f806010cf80600ec2f
:1020c00001610110fb1a9c40392800a8093908ff5a
:1020d00039cd04670260403c03000551050080894a
:1020e000b0896101120586050039b40467016701f2
:1020f0007100f0a0893c0b003c0a003e0100a88959
:102100007100f066128302a081810a8102f8060044
:10211000754418fb329334f0ff6622665105de49a0
:10212000007100107fb805974400058a4500fbe266
:102130001e51000058ee610e15f806000cf806015d
:10214000ec0161013aa300fbe21e510000f8e4013a
:1021500005db04008289b28961013a8d00fbe21c33
:1021600051000058ee610e201005d92700fbe2e671
:10217000500000c3e12e0e05500600fbe2e65000c1
:1021800000c3e1fbe2e650000058ef622fc3effb13
:10219000e2e650000058e1661205680600fbe2e640
:1021a00050000058e105cd2700fbe21b510000580c
:1021b000ee610e2034fbe234de0000e4e0013c0a74
:1021c000002e19fbe238de0000b281fe61e10695c7
:1021d0000101a009b28162118281b281618123e58e
:1021e000a80ab98139e60205ac1600670460403cd4
:1021f00003007100f06601a08181098101e3013cc7
:102200000c01754424fb32ac34f0ff6612665105b4
:10221000ec4800710010051504008089b089610147
:10222000204205202700fbe2e6500000c3e1fbe26c
:10223000e650000058ee610e202afbe2e650000056
:1022400058ef601fc3effbe2e650000058e1660262
:1022500005b10500fbe2e650000058e10516270035
:102260006701670160403c0200055e0500fbe2e695
:10227000500000c3e1fbe2e650000058ee616e231f
:10228000053c0201c5000203b08967017100f066d8
:1022900001a08181098101e3013c0c01754432fbfd
:1022a00032d134f0ff6612665105524800710010b9
:1022b000fbe21c510000f8e400027ea67100a8a415
:1022c00089a502a50b610318fb1afc403924fe0501
:1022d000fe0c007311000002a481056c0d00d701f3
:1022e00023f905220038af005d0423ac835d012291
:1022f0006040f80400fb2e0000fe05f30900624078
:10230000a401ac066601059a0d004b617543ff669a
:10231000a205b70e006101153e06000c3e0601a99c
:10232000816101217ddd0128064101230649012249
:1023300096099e09610127395d0428ac8bad0abe60
:10234000096040f8040105a709006240a289aa8e2d
:102350006611054e0d004b6105ce0a00a089a10251
:10236000a10be5000308d5000812e500050a0a3ea6
:1023700008003d82003e0a00ac06660105240d00ff
:10238000aa84aa0baa024b6105da0800dd012262c9
:1023900011d701225d012206c501232805384bff14
:1023a0003e0d003d8c003e0f003d0f002e56dd011e
:1023b000280641012360110641010f96095d04289a
:1023c000ac8bad0abe096040f80401052209006229
:1023d00040a289aa8e661105c90c004b6105490a05
:1023e00000e301a00aa083e40008d5000212e50082
:1023f000020a710220710134056607009b8962118f
:102400009389dd0128064101239b8a471229a105f2
:10241000c60c003f66176040052e0c006c11900939
:10242000b80967017100cc9489bc89681194810551
:102430009e0b007311000002a201050c0c00938991
:10244000bb8caa03bc816040f80400fb2e0000fe98
:10245000059d08006240a181a9816603fb2e000052
:10246000fe05250a00bc897c0111a98172110001b9
:10247000a181a98105b20900e301a00aa083e400bb
:1024800003d5000208e5000205e500030ad50008af
:1024900016e500050caa81aa8aab03670d7100e856
:1024a000052d0b007311000002e301059b0b00904a
:1024b00081f90e020000fee40003d5000208e500e9
:1024c0000205a889a902a90b67067100e89289a1f3
:1024d00002ba89610111ba89760100552906f80608
:1024e000010cf80600ec01610110fb1af5403902fd
:1024f000fc05fa2400a009d5000b04e500040366de
:1025000002710104055a060067066080f90903128a
:10251000abfbee0000feb88906c4e12076fb1e008e
:1025200002fe054a0900660105040b00fb1e0000bf
:10253000fe0574c10f610115f806000cf80601ece8
:1025400001610110fb1aeb4039a8fbfb1e0080fe65
:102550000555c10f610115f806000cf80601ec01e4
:10256000610110fb1aec403989fb6613710206fb0e
:102570001e0000fe051bc20f610115f806000cf8d5
:102580000601ec0161012015fb1aed403964fb677f
:102590000205440b0005d40b0067026702fbe2341e
:1025a000de0000ecee610e205efbe234de0000ecab
:1025b000eefbf21d51000058fffb5238de0000fe1a
:1025c0002f5efbe21d51000058ef621f647fc3efd6
:1025d000fbe234de0000f8e600fbe2e550000058c4
:1025e000ef622fc3effbe2e550000058e1050c233a
:1025f00000fbe2e550000058ee61ae232ffb1a818c
:102600004039effa02fbe2e550000058ee610e207f
:102610001bfbe2e550000058ef601fc3effbe2e553
:1026200050000058e105d4220002027100f03e0281
:10263000003c0700052c2400a081a8816141290ce1
:10264000fb1a9f4005acfaff2e1ba881612116a83a
:102650008161311df806010cf80600ec0161011cd6
:102660003c0701c500070fb389670460403c0300c5
:102670003c0200059f22008089fbe2e5500000b08b
:102680008944e12a053890007100f06601a081813b
:10269000098101e3013c0c01754426fb320435f04d
:1026a000ff6622665105564400710010fbe2e550ba
:1026b000000058e17100f0a0813c0c013c05003c99
:1026c0000401f80600754418fb322b35f0ff662232
:1026d000665105294400710010b0897100f0a08195
:1026e0003c0c013c05003c0401f80600754419fb54
:1026f000324435f0ff662266510502440071001035
:10270000fbe2e5500000c10e03fbe2e5500000587b
:10271000e105e82100052d2200fbe2e6500000c3a0
:10272000e1056a22008081fbe2e6500000b08144ae
:10273000e12a053892007100f06601a081810981cb
:1027400001e3013c0c01754424fb325e35f0ff6669
:1027500022665105a84300710010fbe2e65000001c
:1027600058e17100f0a0813c0c013c05003c0401e3
:10277000f80600754417fb328335f0ff6622665178
:10278000057b4300710010b0817100f0a0813c0c0a
:10279000013c05003c0401f80600754418fb329b1f
:1027a00035f0ff6622665105544300710010fbe2cc
:1027b000e6500000c10e02fbe2e650000058e105c1
:1027c000b321006701670160403c02003c0100f852
:1027d0000400710301710202fb1e002110396b021b
:1027e000b081610116c100012e12f8040058016683
:1027f000023910005801057c2100c40003b089672c
:10280000017100dcc70123c702223e07003e06001b
:10281000fbe2b435f0ffd4e008d5e00109d5e002d1
:102820000ad5e0030b3e03003e02003c07003c06d5
:1028300000f909085555590123920966036642714a
:102840000110052bf3ffa189d5000e0aa9896901a2
:102850009289fbe258de0000e4e0066603664271fe
:102860000118050bf3ffa189fb1258de0000a8191f
:1028700006850107200cfb1e00211039a602a1814c
:1028800059012261013abe003e0310a9810685016b
:10289000032236a9817311002110a081a88166430b
:1028a0007102100588baff8189b189610115f806a6
:1028b000000cf80601ec0161013a3f01fb1a8b4064
:1028c0000530f8ff3834017100f06601a0818109fc
:1028d0008101e3013c0c01754425fb32bc35f0ff5e
:1028e0006612665105174200710010fb1e00211090
:1028f0000592b9ff8181b181610115f806000cf8dc
:102900000601ec01610111fb1a914005e5f7ff3e5c
:102910000600f90e02002110a8816643710210051d
:102920000cbaff8189b189610115f806000cf8061f
:1029300001ec0161013ac300fb1a8c4005b4f7ffba
:1029400038b8003e0338a981068501032435a981e2
:102950007311002110a081a881664371021005cd7a
:10296000b9ff8189b189610115f806000cf80601eb
:10297000ec0161013a8400fb1a8d400575f7ff2eca
:10298000797100f06601a08181098101e3013c0cad
:1029900001754425fb32e235f0ff66126651055d94
:1029a0004100710010fb1e00211005d8b8ff818185
:1029b000b181610115f806000cf80601ec01610116
:1029c00011fb1a9240052bf7ff3e0600f90e02009c
:1029d0002110a88166437102100552b9ff8189b1a7
:1029e00089610115f806000cf80601ec016101117e
:1029f000fb1a8e4005fcf6ff5901237100f0a081ff
:102a00003c0c013c05003c0401f80600754415fb34
:102a1000320836f0ff6612665105e2400071001080
:102a2000a9816281a181660366427101180540f1a6
:102a3000ffa189fbe258de0000e10e06fbe258de52
:102a40000000e50e070167097100e0a189a182a1dc
:102a50000b3e04003e03003e02003e0100a9096156
:102a60000119fb1a8440058af6ffa981610119fb4f
:102a70001a8540057df6ffa989770100211011fb19
:102a80001a8640056df6ffa989399800a08966036a
:102a9000664271010c05d8f0ffa009a989770100f1
:102aa00021102116fbe258de0000e10e03fbe25884
:102ab000de0000e50e010109fb1a87400534f6ff30
:102ac000e5000302a981f81400f90e040021102e7c
:102ad00036a8816081a081a901068901026603668a
:102ae00042058cf0ffa009a88106890104a81906f7
:102af0008501012112a88106890104a90ac11202d7
:102b0000a981f81401a8816181230da981581e6152
:102b10000e1df806010cf80600ec01610121b467f6
:102b20000860c0a081f80600a88177010000fe209f
:102b30001977010080fe201277010021102113a8cf
:102b400081397608e3012e12a881391b07e30109b8
:102b5000fb1a8840059cf5ffec01a00967037ea6df
:102b60007100e8a109a102f9090312ab396104a0bf
:102b700089a90961012014a88e39ae06a90aa8a462
:102b8000a82bec224b6139dc00a90161012016a8b9
:102b90008e6601390d05a902a8a4a82bec224b6171
:102ba00039c200a8897701007efe11a8897701004b
:102bb000fefe1df806010cf80600ec016101a88973
:102bc0003a8a007701ff7ffe2409f90e020080fe99
:102bd0000ff90e020000fea88105ccba0f610115a5
:102be000f806000cf80601ec01610111fb1af44033
:102bf0000500f5ff7100f06601a08181098101e304
:102c0000013c0c01754426fb321e36f0ff6612664d
:102c10005105ea3e00710010a88166137102060595
:102c200070bb0f610115f806000cf80601ec01619c
:102c30000111fb1aee4005baf4ffa88172110002df
:102c4000a08975413f39e7032e1272110002a08955
:102c500039f60362115f1139d503a8893910023f93
:102c600066077100e0a10aa183a18ca10177010090
:102c700000f0230ba90177010000ff2306f80601ed
:102c80000cf80600ec0161011ea9017c0115f80693
:102c9000010cf80600ec01610111fb1afd40055220
:102ca000f4ff664371021471010605721300662376
:102cb00071021871010a05661300664371021c71e6
:102cc000010c055a1300a901665371020605c2ba28
:102cd0000f610115f806000cf80601ec01610120f6
:102ce0000cfb1af340050bf4ff670867087100dc62
:102cf0009409a18aa183928cc5002815bc0906c538
:102d0000010b2905381401a9817601ff7ffcdbe561
:102d1000b50961013a8a00610e2012e5000703ed52
:102d20000e0772ee0005e70e012e23ed0e06770e5c
:102d3000ffff002411ed0e0772ee0005e70e03e51c
:102d400000070109fb1af94005a8f3ffed0e06681c
:102d50008e63ae06890e0706810e0371eeecfd74dc
:102d60009e14d70e055d0e1106c50e05281c5d0ebe
:102d700011751e1471ee14a981688163a106890181
:102d80000743e1e301388900ed0e0172eeec04bc6b
:102d90000906c10105751114431ee30e2e72610e62
:102da0002011e5000703a9897311008000a0092ef6
:102db00021a9817701ffff002410a98973110080e8
:102dc00000a089e500070109fb1afa400524f3ff7a
:102dd000a9890689010606810103721100fe689126
:102de0009109bc0906c501052814a98906890106af
:102df000bc0a62126c924321e3012e14a8097211dd
:102e0000007ebc0a06c102056c924321e301b50baa
:102e1000a98aec0139720009fb1afb4005d4f2ffc4
:102e2000ec01a10167097100dcef12a10a6643ef12
:102e30000105eb1100e40002a90a62426623710158
:102e40000605db1100d5000306a90a62626643ef9e
:102e50000105cb1100e40004e5000206d500060ed2
:102e6000e5000408a981a98aaa0367096040e30173
:102e7000fbe260de0000e3e1ec017e01fb2260deac
:102e80000000a02967017100f0a089a082818b61f8
:102e900003a881a88a3a9b0071111447122312a833
:102ea000817211ec04068501032306f806010cf873
:102eb0000600ec0161012126a88172111405068526
:102ec00001032412a8817211ec090685010323066f
:102ed000f806010cf80600ec01610115f806010c7a
:102ee000f80600ec01610115f806000cf80601ec8b
:102ef00001610111fb1af14005f8f1ffa881721e72
:102f00000005a88a47e222144312ef2efd749e1496
:102f1000751e1443e2908238a4007211000543121a
:102f2000ef2efd749e14751e1443e29082388e00bd
:102f30007211000247122312a8817211007e0685c9
:102f400001032306f806010cf80600ec01610121db
:102f500028a8817311008200068501032413a8812b
:102f6000731100fe00068501032306f806010cf824
:102f70000600ec01610115f806010cf80600ec01f1
:102f8000610115f806000cf80601ec01610111fb66
:102f90001af140055df1ffa881731e008000a88a28
:102fa00047e2220c43127622ff0190822e0f73110a
:102fb00000800043127622ff019082b881610120d7
:102fc0000cfb1af240052bf1ff670467046080f8e0
:102fd0000600fbe260de0000e0e0fb1260de0000c5
:102fe000a81906a00d017501ff203139ea00fbe2a6
:102ff00060de0000e0e07100f06601a081810981df
:1030000001e3013c0c0175442bfb324536f0ff66b1
:1030100022665105e83a00710010ec016603fb2eb0
:103020000000fe3963feec01a009670260409009d0
:10303000fb2260de0000912198097e01fb2260de08
:103040000000912967016040f80500fbe260de00a6
:1030500000d1e004fb1260de0000991906600d014a
:103060005f1e770effff002032390001fbe260deb9
:103070000000d1e0047100f06601a08181098101a6
:10308000e3013c0c0175442bfb327136f0ff6622e4
:10309000665105693a00710010d40001b809670152
:1030a00060808189053107006111201761012117b6
:1030b000b1896101163d010a2e15f9090100012ea1
:1030c0000e3d010009fb1af8400527f0ffd500016d
:1030d00002b88167027100f0fb1e007efe397001ac
:1030e0008189fb1e00fefe3966018181b189610183
:1030f00015f806000cf80601ec0161012017b181fa
:10310000610115f806000cf80601ec01610115f8e3
:1031100006010cf80600ec016101200cfb1aef40df
:1031200005d0efff2e2ab18961012014f90e0300aa
:1031300000fefb1e0000fe39eaf9a0812e12f90ef6
:10314000030080fefb1e0080fe39d8f9a081a88113
:103150007601ff7f250afb1af0400596efffa8894c
:10316000068901023908fd67047100ec3961fea18e
:1031700001a9017701ff7ffe2410f90e030000fe74
:10318000f90e020080fe2e0ef90e030080fef90eed
:10319000020000fea90106810103721100fe689180
:1031a0009089a8817211000239a500610115f80605
:1031b000000cf80601ec01610110b88971113f9013
:1031c00089b8893969fe67057100eca101a08a827e
:1031d0008b3c0301a901610119fb1af6400513efad
:1031e000ff3e01002e19a809a902fec21eb289479e
:1031f000e1163c03002e10a8096211a009a80906d7
:1032000085010323e3c500030ab28167057100f05d
:10321000a089a082068502032506e100020ce100d8
:1032200003ec01a0096704604005ac0500611112c0
:103230006101210cf805002e0ff809000109fb1aa5
:10324000f74005aeeeffd40001b80967016080a029
:10325000097543fffb2a00023970ff8081c5000217
:1032600003b08967027100c8a3093e0b003e0a0043
:10327000f90427003e08003d0f003d0e003e060009
:103280003e05003e04003e03003e02003e0100f900
:103290000a0b00023e0a3f3d0f013d0e00f90a04f1
:1032a0000020f90a030040f90a020060e5000d0160
:1032b000a809ef1e06890e035cee770effff0021c2
:1032c00023068901045c1e770effff0018bb89a24c
:1032d00001388e00bb8aaa8168213933ffa20138e8
:1032e0008000068901025c1e770effff00aa812183
:1032f0000dbb8a68113918ffa2012e65bb8a6331a4
:103300006821390bffa2012e58aa01068d010b0678
:103310008901015c1e770effff00213baa01068d8b
:10332000010ba109f90427013e06002e21aa01067e
:103330008d010b06890106a80afec21e755eff17e5
:10334000f90427002e15a9816211a181a9810685a2
:10335000010b23db0df9042700aa016211a201fb76
:10336000ee00800006c10e0eaa016211068d010b4f
:1033700047e12418590127610115f806000cf806e9
:1033800001ec01610115f806010cf80600ec016181
:10339000013b78ff59012761011ff90e05008000ec
:1033a000a9097701018000230afb1a89400543ed32
:1033b000ffa909a301670e7100e0a1893e05003c49
:1033c00083003e03003e02003e01003e0508e5008a
:1033d00007012e3da889068d010506890107668231
:1033e00005b4adff6101a889068d010510a0813cdf
:1033f00083012e17755140210fa9890587aeff3e25
:1034000002003c83010c3c8300a8896211a089a8ba
:1034100089068d01057551402417b489610115f89d
:1034200006000cf80601ec01610115f806010cf824
:103430000600ec016101219eb48961011c3e02403d
:10344000a881755141230afb1a894005a5ecffa804
:1034500081a181670805a2beff05cfbeff05d4bfcd
:10346000ff0529bfff0520c0ff0529bfff0271002e
:10347000e43d0d003e05003e04003e03003e020018
:103480003e0100fbe21f51000058ee610e3be200de
:10349000058d2300e301ec0164116111211e053744
:1034a00003006101210cfb1a29010546ecff6707a7
:1034b000fb1a3001053cecff6707057889ff93098b
:1034c000bb097701ffff00212bfbe284e20000ec47
:1034d000ef622fe3effbe284e20000ecee61ae224c
:1034e0000538ad00ec017801e301ec01059c2500f5
:1034f0006707fbe28ce20000ecef06c90f0de3ef7b
:10350000fbe288e20000ecef621fe3effbe288e2ff
:103510000000ecee61ae21780527b7ffa102a0897b
:10352000a889fbe290e200000680e1a0093e0200cb
:10353000fbe28ce20000ece1751164a884a80b6644
:103540000205943e00a109fb1290e20000a902a826
:103550008ba01ae313a909051a2500fbe28ce200ef
:1035600000f8e600fbe288e20000f8e6006707fbef
:10357000e21f510000f8e40005ba88ff930905c175
:10358000b6fffb3290e20000a03ae331670767071d
:103590007100e43d0d003e05003e04003e03003e88
:1035a00002003e0100fbe22051000058ee610e3b9c
:1035b000e200056b2200e301ec0164216121211e80
:1035c000051502006101210cfb1a29010524ebfffe
:1035d0006707fb1a3001051aebff6707056888ffcc
:1035e0009309bb097701ffff00212bfbe298e20062
:1035f00000ecef622fe3effbe298e20000ecee61fb
:10360000ae220538ad00ec017811e301ec01057a3a
:1036100024006707fbe2a0e20000ecef06c90f0df3
:10362000e3effbe29ce20000ecef621fe3effbe262
:103630009ce20000ecee61ae21780505b6ffa10228
:10364000a089a889fbe2a4e200000680e1a0093e6f
:103650000200fbe2a0e20000ece1751164a884a87e
:103660000b660205723d00a109fb12a4e20000a94d
:1036700002a88ba01ae313a90905e12300fbe2a02d
:10368000e20000f8e600fbe29ce20000f8e60067da
:1036900007fbe220510000f8e40005aa87ff930928
:1036a000059fb5fffb32a4e20000a03ae3316707b3
:1036b000670760c03e02003e0100fbe20810000008
:1036c000f8e221534342fbe204000000f8e22153f8
:1036d0004342fbe20c100000f8e221534342fbe2bc
:1036e00010130000f8e221534342fbe26cde0000bd
:1036f000f8e600fbe270de0000f8e600fbe274deb4
:103700000000f8e600fbe2e7500000f8e400754333
:10371000106602fb1278de000005eb0900fbe28870
:10372000de0000f8ee000210fb12ace2000005081b
:10373000b4ff0587b3fffb12b8e200000548b2fff3
:1037400005deb1ff052ac4ff0500dcff05cb85ffc0
:1037500005bb240005acdcff05cdb4ffa082a009a9
:103760002e1d05b02400610115f806000cf80601b5
:10377000ec0161011105b0b4ffa082a009a882a8e4
:103780000975433205cdb4ff610115f806000cf848
:103790000601ec01610121cc6601056a85ff397cd7
:1037a000053934007100f03c0c01a0813c05003c5f
:1037b0000401f80600754414fb32a036f0ff6612cf
:1037c00066b1053933007100106703fbe221510037
:1037d00000f8e4010260c03e01023c0300fb1a0352
:1037e0000e0511b0ff8089b0896101153e01000c02
:1037f0003e0101a809a08167036040fbe26cde0086
:1038000000fbf258e20000e0fefbe26cde0000eca0
:10381000e1e3016701fbe270de0000ecef621fe311
:10382000ef026040fbe270de0000ece1e3016701c3
:103830000597c8ff05f1b3fffb32c4e20000a03ad0
:10384000e33102608005e0b3ffa00ae301fb12c48c
:10385000e20000a81aec1e06840e06a10002012256
:1038600032fbe2c4e20000a809ec020680e206a1f5
:1038700000e101660e755264fc03e12316fb12c4dd
:10388000e20000a80aec03a01ae313053cc8ff6796
:103890000267020599b9ff02fbe204000000eceeaa
:1038a000740e2153434211fb1a8e410545e8fffb7c
:1038b000e208100000ecee740e2153434211fb1a93
:1038c0007941052ee8fffbe20c100000ecee740ecf
:1038d0002153434211fb1a8f410517e8fffbe21009
:1038e000130000ecee740e2153434212fb1a804188
:1038f0000500e8ff0202604039ddfe6111202c6105
:1039000001213505e81000fbe278de00000684e1c5
:10391000202e05d91000fbe278de0000e3e1fbe297
:10392000e7500000f8e4012e17fbe278de0000ec1f
:10393000e105e8100009fb1a8a4105b6e7fffbe242
:10394000e750000058ee610e200e39d8fe75511573
:103950002306f806010cf80600ec0161013ae100cb
:10396000fbe278de0000ece17100f06351a0813ce5
:103970000c013c05003c0401f806006684fb32b5ee
:1039800036f0ff661266b105743100710010fb124b
:1039900078de0000b8917100f0a0813c0c013c057c
:1039a000003c0401f8060066e4fb32be36f0ff6618
:1039b0001266b105483100710010fb1278de00007c
:1039c000b8997100f0a0813c0c013c05003c040159
:1039d000f8060066e4fb32cd36f0ff661266b105ec
:1039e0001c3100710010fb1278de0000b91171006b
:1039f000f0a0813c0c013c05003c0401f806006687
:103a0000e4fb32dc36f0ff661266b105f03000717f
:103a10000010fb1278de0000b9197100f0a0813ca3
:103a20000c013c05003c0401f8060066e4fb32eba7
:103a300036f0ff661266b105c43000710010fbe27b
:103a40002251000058ee610e200e39a904fbe2223b
:103a5000510000f8e400fbe2e750000058ee610e70
:103a60001839c1fd7551141df806010cf80600ec5b
:103a70000161012019393b04fbe222510000f8e406
:103a800001fbe2e7500000f8e40067016701059ed2
:103a900030ff662105240a00027100e88589a10231
:103aa000838b3e02003c070005f7daff610112b587
:103ab0008961011df806010cf80600ec0161012086
:103ac0007005cbdcffa081a8817100f06612830233
:103ad000a081810a8102f80600754441fb32fa3662
:103ae000f0ff66b105173000710010a901059706b7
:103af00000a8810685010420277100f06601a081dd
:103b000081098101e3013c0c01754413fb323c3710
:103b1000f0ff661266b105e52f007100100805e898
:103b2000ddff3c0701b38aa88105df46ff2e267121
:103b300000f06601a08181098101e3013c0c01755f
:103b4000445cfb325037f0ff661266b105af2f00c0
:103b5000710010b189610115f806000cf80601ec3e
:103b600001610115057fddff392bfd67067ea6602b
:103b7000c091093c09013c08003c0700b90e050a48
:103b8000090061111df806000cf80601ec01604007
:103b9000e30171030b71020c6611ef6405989eff3f
:103ba00062408209b20961011f39eafc3f66043fa5
:103bb00066046040fbe278de0000d5e00201b8094f
:103bc000670160409009fb2278de000090a1b809ef
:103bd000053e120067016040fbe278de0000d5e0a0
:103be0000401b809670160409009fb2278de0000fb
:103bf0009121b809050c130067016040fbe278def3
:103c00000000d5e00301b809670160409009fb227c
:103c100078de000090a9b809056f120067016040c6
:103c2000fbe278de0000d5e00501b80967016040dd
:103c30009009fb2278de00009129b809053d1300a8
:103c40006701fbe278de0000f8e600fb1278de0098
:103c5000003d1200fb1278de00003d1300fb1278dd
:103c6000de00003d1400fb1278de00003d1500fb75
:103c70001278de00003e1300397901fbe278de00a5
:103c800000ece105960d00fb1278de0000b89139da
:103c900033fffb1278de0000b8993970fffb127811
:103ca000de0000b9113941fffb1278de0000b919be
:103cb000397eff02052aa2ff059ca4ff0543c0ff31
:103cc00002fbe26cde0000ecef621fe3effbe2744c
:103cd000de0000ecef621fe3ef39fcfa6111213bdb
:103ce000fbe274de0000ecee760e3075232dfbe275
:103cf00078de0000ecef621fe3effbe274de000011
:103d0000f8e600fbe2e7500000f8e401fbe278deb1
:103d10000000ece105050d000202fbe288de000078
:103d2000f8ee00021039b0fa6111210e394502fb9c
:103d3000e288de0000e3e1020260803c07003c060e
:103d400000fbe288de000066ff06a00cef11fb1a04
:103d50009041059ee3fffbe288de0000ecee770e6b
:103d60000121102205388400fb1a8b410584e3fff2
:103d70002e79fbe288de0000ecef71ff10e3effb31
:103d8000e288de0000ecee770e002110230dfbe24e
:103d900088de0000f8ee000210fbe288de0000ec96
:103da000e175421005f0a3ff61111e3c06012e3b98
:103db000fbe288de0000754f3f06a00cef212cfbd4
:103dc000e288de0000ece105bba4ff8189b18961d6
:103dd0000115f806000cf80601ec01610111fb1a4f
:103de0008d41050ee3ff3c0601b18161012085672d
:103df0000260c03c0b0039dff961113bb300fbe20c
:103e000088de0000ece16683fb2278de0000058896
:103e1000a6ff8289b289610115f806000cf8060137
:103e2000ec01610111fb1a814105c7e2fffb32a5dc
:103e3000a5a5a566c2fb1278de00000532ddffa055
:103e400009fbe288de0000ece17542100548a3ffa3
:103e50006111200ffbe278de0000a8090685e1036e
:103e600015f806010cf80600ec01610120427543cb
:103e7000106602fb1278de0000058b0200fbe28870
:103e8000de0000f8ee0021107100f06601a08181d3
:103e9000098101e3013c0c0175441afb32ad37f096
:103ea000ff661266b105562c0071001067036703a8
:103eb00060803c07003920f961112137397dfefb14
:103ec000e288de0000ece16663fb2278de0000059c
:103ed0005ca4ff8189b189610115f806000cf80620
:103ee00001ec016101200cfb1a82410505e2ff672c
:103ef00002670260c03c0b003e010039daf8611134
:103f0000216ffb32a5a5a5a566c2fb1278de0000d5
:103f1000055ddcffa009fbe288de0000ece162c188
:103f200066237102040506a4ff8289b28961011526
:103f3000f806000cf80601ec01610111fb1a83413f
:103f400005b0e1fffbe288de00007100f06612833d
:103f500002e4e002810a8102f80600754414fb3293
:103f6000c837f0ff660105952b00710010670367e5
:103f7000037100d43e05003e0400f90e0300021058
:103f80003c0b00f90e05000210388100a909668378
:103f90007102180503a5ff8289b289610115f8062f
:103fa000000cf80601ec016101200cfb1a8c4105a4
:103fb00041e1ff2e50fb32a5a5a5a566c2710118ef
:103fc00005addbffa009a90975421005c9a1ff6174
:103fd00001210ea981068501042306f806010cf8cb
:103fe0000600ec016101200da809068501091df8f4
:103ff00006010cf80600ec01610111e5000604e57c
:10400000000503a909711110a109a909770100216f
:104010001022053879ffa889a281670b7100f0a0f2
:1040200089a082a00ba8896101210cfb1a8441059b
:10403000c1e0ff6704a8816101210cfb1a854105dd
:10404000b1e0ff6704a881068501032212a881065a
:10405000890101068501032506f806010cf8060012
:10406000ec0161012024fb1a86410586e0ff67040c
:10407000a881a88ac012a8896211a089a8816211aa
:10408000a081a8096011a009a809610121e46704c1
:104090007100e0a189a182a10b3c8201e500070328
:1040a000e5000602e5000501a989610119fb1a87ef
:1040b00041053fe0ffa9816101212cfb1a884105e0
:1040c00031e0ff2e22a889581ea881441e163c828a
:1040d000002e14a8096011a009a8896211a089a85e
:1040e000816211a081b481610112a809610115f8f2
:1040f00006010cf80600ec01610121cbc50012138a
:10410000b489670860c0a081818ae303a881610146
:10411000211efb1a894105dadfff2e14b189a8821e
:10412000c321a8816211a081ec016011e301ec01bf
:10413000610121ea670339a305fbe28cde0000f888
:10414000e600027ea66040ef16e306056d1500c38b
:1041500061ec0605da15009069ec06050216009080
:10416000e9ec06052a160090e1ec060552160091ce
:1041700061ec06057a16009169ec0605821500923d
:10418000613f66026040e301fbe290de0000e3e194
:1041900067017ea660c0a081051bd8ffe301ec018a
:1041a000610119fb1aa0410549dfffa881610119ce
:1041b000fb1aa241053cdfffec01a882e012a886b1
:1041c0000521d9ff90e13c07002e0eb18a4b2181d9
:1041d00092b18962118189b18961c1a88123ee3cc4
:1041e0009200a88166037542140584d9fffbe28c16
:1041f000de0000e3e1fbe28cde0000ece1050e0ee8
:10420000003f66046080a00905abd7ffe301ec0125
:10421000610119fb1aa14105d9deffa80961011945
:10422000fb1aa34105ccdeffec01a80ae012a809a5
:104230003d12ffa809626166c3660205c9feffa8b8
:10424000093c9200a80966037542140522d9fffbb8
:10425000e28cde0000e3e1fbe28cde0000ece10535
:10426000ac0d0067026040f806006603754214fb5f
:104270001290de000005f8d8ffe301fbe28cde00bf
:1042800000ecee06840e200cfb1a0d420564deffe6
:104290006701670160c0a0813c0601a88161011926
:1042a000fb1a0c42054cdeff39bdff056dd2ff61e4
:1042b0000115f806000cf80601ec01610120283c0c
:1042c00006007100f06601a08181098101e3013cd3
:1042d0000c0166f4fb32e037f0ff66326651051dd3
:1042e000280071001005f9d1ff610115f806000cd6
:1042f000f80601ec01610120293c06007100f0661e
:1043000001a08181098101e3013c0c01754412fb8c
:1043100032f037f0ff6632665105e2270071001077
:10432000057fd2ff610115f806000cf80601ec01cb
:10433000610120293c06007100f06601a08181091d
:104340008101e3013c0c01754417fb320338f0ff97
:104350006632665105a72700710010c5000607b137
:104360008967036080a009e302a809610119fb1aab
:10437000a541057eddffec01610119fb1aa641058f
:1043800071ddffa80afb1290de0000393004ec0159
:10439000ec1139f2fd6603754214fb1290de000049
:1043a00005cdd7fffbe28cde0000e3e1fbe28cde13
:1043b0000000ece105570c0067026080a009e302f1
:1043c000a809610119fb1aa7410527ddffec01616e
:1043d0000119fb1aa841051addffa80afb1290de9d
:1043e000000039d903ec01fbe290de0000d51e028b
:1043f00002ec026262fb1290de0000626166c3059d
:104400001dfcffec01ec11397dfd6603754214fbc8
:104410001290de00000558d7fffbe28cde0000e3bf
:10442000e1fbe28cde0000ece105e20b00670260dc
:1044300040e301610119fb1a0a4205b6dcffec01f9
:10444000fb22a4de0000712230399f036701604027
:10445000e301610119fb1a0b420597dcffec02fb3b
:1044600012a4de00007211e000397f03ec02fb129f
:1044700044e000007211e000397003fbe2a4de00aa
:1044800000fae49e010167016040fbe2a4de000047
:10449000edee64fbf244e000000685fe64200e05ac
:1044a000edddfffb1a50420549dcfffbe2a4de0014
:1044b00000ede164e30167016040e3016151290a15
:1044c000fb1a0e42052cdcfffbe244e00000e40e88
:1044d00064fbe2a4de0000e40e6467016040fbe2de
:1044e000a4de00005aee9401fbf244e0000046fe18
:1044f0009401200e0598ddfffb1a514205f4dbff05
:10450000fbe2a4de0000c6e0940103b0896701600d
:10451000408089fbe2a4de0000cbe19401fbe24491
:10452000e00000c90e0394016701604080893c01ee
:1045300080f80400b089610119fb1aa24205b3dbbf
:10454000fff804002e18661e5801fd621eb08a5343
:104550002e472e1d80092e0c6211c3015801617176
:1045600023e6b00975518019fb1aa1420584dbffcf
:10457000b009fbe2a4de00004b1e5aee9501fbf2ef
:1045800044e000004b1f46fe9501200e0500ddffb4
:10459000fb1aa042055cdbfffbe2a4de0000490e33
:1045a00001c6e0950102b081670160408089808288
:1045b0003c0180f80400b089610119fb1aa442058e
:1045c00031dbfff804002e18661e5801fd621eb094
:1045d0008a532e472e1d80092e0c6211c3015801eb
:1045e000617123e6b00975518019fb1aa3420502d7
:1045f000dbfffbe2a4de0000490e01c90e029501bb
:10460000fbe244e00000490e01c90e02950167017a
:1046100060408089fbe2a4de0000cbe19c01fbe26c
:1046200044e00000c90e039c0167016040fbe2a466
:10463000de00005aee9d01fbf244e0000046fe9dc4
:1046400001200e0549dcfffb1a534205a5dafffbea
:10465000e2a4de0000c6e09d0103b089670160406e
:104660008089fbe2a4de0000cbe19d01fbe244e097
:104670000000c90e039d0167016040fbe290de006f
:1046800000ece1e30167016040fbe290de0000c561
:10469000e00403b089670160408089fb1290de006e
:1046a00000b08a909267016080a009e302a80961c6
:1046b0000119fb1a5c42053adaffec0161c111fbfa
:1046c0001a5d42052ddaffec03a809fb2290de00fb
:1046d0000062620549f9ff6702fbe2a4de0000f90f
:1046e000e66400fbe244e00000f9e66400fbe2a4bb
:1046f000de0000fae4940100fbe244e00000fae48a
:10470000940100fbe2a4de0000fae49c0100fbe25d
:1047100044e00000fae49c0100fbe2a4de0000faa1
:10472000e49d0100fbe244e00000fae49d0100fb8f
:10473000e2a4de0000fae49e0100fbe244e0000097
:10474000fae49e0100fb12a4de0000711130392a48
:1047500000fb12a4de00007211e000391d00fb1204
:1047600044e00000711130391100fb1244e00000f8
:104770007211e000390400026040e301610119fb9d
:104780001a0f42056dd9ffec013e9000ec013d1778
:1047900000ec013c1300ec013c1400ec013e150060
:1047a000ec013d1300ec013d1400ec013d1500ec63
:1047b000013d1600ec013e140067016080a009e392
:1047c00002a809610119fb1a14420526d9ffec0160
:1047d000610119fb1a13420519d9ffec02a80975ea
:1047e0004314053af8ff67026080a009e302a809b4
:1047f000610119fb1a124205f9d8ffec0161011998
:10480000fb1a114205ecd8ffec02a8097543b0056c
:104810000df8ff6702608081898182b18961011a88
:10482000b18161011df806010cf80600ec0161017f
:104830002118b189610112b181610115f806010cdd
:10484000f80600ec01610115f806010cf80600ec11
:1048500001610115f806010cf80600ec018109b1af
:10486000096702608081898182b18961011ab18101
:10487000610115f806010cf80600ec016101211830
:10488000b189610112b18161011df806010cf806c0
:1048900000ec01610115f806010cf80600ec01615d
:1048a0000115f806010cf80600ec018109b1096751
:1048b0000260808189b18961011df806010cf8064a
:1048c00000ec018181b18167026040fbe2a4de005f
:1048d0000059ee33fbf244e0000045fe33200e05a4
:1048e000add9fffb1a1f420509d8fffbe2a4de0089
:1048f00000c5e03303b089670160408089fbe24472
:10490000e00000c7e133fbe2a4de0000c50e033384
:1049100067016040fbe2a4de000059eee3fbf244d5
:10492000e0000045fee3200e0564d9fffb1a20429b
:1049300005c0d7fffbe2a4de0000c5e0e303b089b9
:1049400067016040fbe2a4de000059ee34fbf24454
:10495000e0000045fe34200e0534d9fffb1a214249
:104960000590d7fffbe2a4de0000c5e03403b08968
:10497000670160408089fbe244e00000c7e134fb4e
:10498000e2a4de0000c50e033467016040fbe2a430
:10499000de000059eee4fbf244e0000045fee420b6
:1049a0000e05ebd8fffb1a22420547d7fffbe2a416
:1049b000de0000c5e0e403b08967016040fbe2a4cb
:1049c000de0000edee46fbf244e000000685fe4608
:1049d000200e05bad8fffb1a18420516d7fffbe2d6
:1049e000a4de0000ede146e30167016040fb12a494
:1049f000de0000ac19fbe244e000000685e1112076
:104a00000e058bd8fffb1a254205e7d6fffb12a443
:104a1000de0000ac19e30167016040e301fb2244c2
:104a2000e00000a429fbe2a4de0000e40e1167010f
:104a30006040fbe2a4de0000edee3dfbf244e0004e
:104a4000000685fe3d200e0545d8fffb1a264205cf
:104a5000a1d6fffbe2a4de0000ede13de30167012a
:104a60006040fbe2a4de0000edee20fbf244e0003b
:104a7000000685fe20200e0515d8fffb1a194205f9
:104a800071d6fffbe2a4de0000ede120e301670147
:104a90006040e301fbe244e00000e7e120fbe2a428
:104aa000de0000e40e2067016040fbe2a4de0000af
:104ab000edee4cfbf244e000000685fe4c200e05b6
:104ac000cdd7fffb1a1a420529d6fffbe2a4de0070
:104ad00000ede14ce30167016040fb12a4de000041
:104ae000af11fbe244e000000685e11c200e059eac
:104af000d7fffb1a294205fad5fffb12a4de0000fe
:104b0000af11e30167016040e301fb2244e00000d4
:104b1000a721fbe2a4de0000e40e1c67016040fb5d
:104b2000e2a4de0000edee48fbf244e00000068562
:104b3000fe48200e0558d7fffb1a2a4205b4d5ffc0
:104b4000fbe2a4de0000ede148e30167016040e321
:104b500001fb2244e00000a5a1fbe2a4de0000e48a
:104b60000e1667016040fb12a4de0000bf99fbe255
:104b700044e0000006c5e11f200e0512d7fffb1a16
:104b80002b42056ed5fffbe2a4de0000d5e01f013d
:104b9000b809670160409009fb2244e0000097a932
:104ba000fbe2a4de0000d50e011f670160806601f4
:104bb000395d06610115f806000cf80601ec01618b
:104bc00001200e05c9d6fffb1a2e420525d5fffb95
:104bd00012a4de000072118400a00967026040e3a5
:104be00001610119fb1a30420508d5ffec02fb12e6
:104bf00044e000007211840075435c0521f4ffec71
:104c000002fb12a4de00007211840075435c050ee5
:104c1000f4ff67016080661139f505610115f8063a
:104c2000000cf80601ec016101200e0561d6fffbc6
:104c30001a324205bdd4fffb12a4de00007211340b
:104c400001a009670260408089fbe2a4de0000c782
:104c5000e18ffbe244e00000c50e038f6701608036
:104c6000fbe244e0000059e28ffbe2a4de000059c1
:104c7000e18f39a3fb610115f806000cf80601ec81
:104c8000016101200e0507d6fffb1aaf420563d470
:104c9000fffbe2a4de0000c5e08f07b18967026078
:104ca000408089fbe2a4de0000c7e18efbe244e025
:104cb0000000c50e038e67016080a00ae301fbe2dd
:104cc000a4de0000e7e229e7e128fbe244e000007f
:104cd000a809ec02e7e129e7e228670260409009b1
:104ce000fbe2a4de0000d7e149fbe244e00000d58e
:104cf0000e0149670160408089fbe2a4de0000c725
:104d0000e190fbe244e00000c50e039067016040c3
:104d10008089fbe2a4de0000c7e184fbe244e000fe
:104d200000c50e038467016040e301fbe2a4de00de
:104d300000e7e12afbe244e00000e40e2a6701609c
:104d4000c0fbe244e0000059e2a0fbe2a4de000068
:104d500059e1a039c2fa610115f806000cf8060104
:104d6000ec016101200e0526d5fffb1ab042058239
:104d7000d3fffbe2a4de0000ede229ede128a082f2
:104d8000a00967036080fbe244e0000059e285fb74
:104d9000e2a4de000059e185397dfa610115f806cb
:104da000000cf80601ec016101200e05e1d4fffbc7
:104db0001aab42053dd3fffbe2a4de0000c5e0854f
:104dc00007b189670260408089fbe2a4de0000c76a
:104dd000e185fbe244e00000c50e03856701604009
:104de000fb12a4de0000be99fbe244e0000006c511
:104df000e11b200e0598d4fffb1a484205f4d2ffb0
:104e0000fbe2a4de0000d5e01b01b80967016040a9
:104e10009009fb2244e0000096a9fbe2a4de00001a
:104e2000d50e011b67016040fbe2a4de00005deed1
:104e300073fbf244e0000006c5fe73200e054fd45c
:104e4000fffb1a494205abd2fffbe2a4de0000d50e
:104e5000e07301b80967016040fb12a4de0000bfe7
:104e600011fbe244e0000006c5e11c200e051fd442
:104e7000fffb1a4a42057bd2fffbe2a4de0000d50d
:104e8000e01c01b809670160409009fb2244e00082
:104e9000009721fbe2a4de0000d50e011c67016033
:104ea00040fbe2a4de00005dee74fbf244e0000093
:104eb00006c5fe74200e05d6d3fffb1a4b42053201
:104ec000d2fffbe2a4de0000d5e07401b80967015f
:104ed0006040fb12a4de0000bf19fbe244e00000ca
:104ee00006c5e11d200e05a6d3fffb1a4c420502a4
:104ef000d2fffbe2a4de0000d5e01d01b809670186
:104f000060409009fb2244e000009729fbe2a4de08
:104f10000000d50e011d67016040fbe2a4de000029
:104f20005dee75fbf244e0000006c5fe75200e053f
:104f30005dd3fffb1a4d4205b9d1fffbe2a4de00b1
:104f400000d5e07501b80967016040fb12a4de00de
:104f500000bf91fbe244e0000006c5e11e200e0503
:104f60002dd3fffb1a4e420589d1fffbe2a4de00e0
:104f700000d5e01e01b809670160409009fb22449a
:104f8000e0000097a1fbe2a4de0000d50e011e6741
:104f9000016040fbe2a4de00005dee76fbf244e03f
:104fa000000006c5fe76200e05e4d2fffb1a4f4234
:104fb0000540d1fffbe2a4de0000d5e07601b80990
:104fc00067016040fbe2a4de000059ee32fbf244d0
:104fd000e0000045fe32200e05b4d2fffb1a33423a
:104fe0000510d1fffbe2a4de0000c5e03203b0896a
:104ff000670160408089fbe244e00000c7e132fbca
:10500000e2a4de0000c50e033267016040e301fb4d
:105010002244e00000a421fbe2a4de0000e40e1024
:1050200067016040fb12a4de0000ad99fbe244e0a2
:1050300000000685e117200e0554d2fffb1a354209
:1050400005b0d0fffb12a4de0000ad99e3016701bb
:105050006040e301fb2244e00000a5a9fbe2a4dede
:105060000000e40e1767016040fb12a4de0000aef2
:1050700011fbe244e000000685e118200e050fd286
:10508000fffb1a3642056bd0fffb12a4de0000ae18
:1050900011e30167016040e301fb2244e00000a648
:1050a00021fbe2a4de0000e40e1867016040fb1261
:1050b000a4de0000ae19fbe244e000000685e11921
:1050c000200e05cad1fffb1a37420526d0fffb127e
:1050d000a4de0000ae19e30167016040e301fb229a
:1050e00044e00000a629fbe2a4de0000e40e1967fc
:1050f000016040fb12a4de0000ae91fbe244e00040
:10510000000685e11a200e0585d1fffb1a1742051e
:10511000e1cffffb12a4de0000ae91e30167016066
:1051200040e301fb2244e00000a6a1fbe2a4de0074
:1051300000e40e1a67016040fb12a4de0000ae9985
:10514000fbe244e000000685e11b200e0540d1ff94
:10515000fb1a3842059ccffffb12a4de0000ae997b
:10516000e30167016040e301fb2244e00000a6a9df
:10517000fbe2a4de0000e40e1b67016040fbe2a43a
:10518000de000059ee30fbf244e0000045fe302026
:105190000e05fbd0fffb1a3a420557cffffbe2a4f6
:1051a000de0000c5e03003b089670160408089fb04
:1051b000e244e00000c7e130fbe2a4de0000c50edf
:1051c000033067016040fbe2a4de000059ee31fbd2
:1051d000f244e0000045fe31200e05b2d0fffb1a7c
:1051e0003b42050ecffffbe2a4de0000c5e0310329
:1051f000b089670160408089fbe244e00000c7e1bc
:1052000031fbe2a4de0000c50e033167017100f03e
:1052100083893c0d013e02003e0100b389610120fb
:105220001cfb12a4de000072113401a081fb1244a9
:10523000e0000072113401a0092e1afb12a4de0056
:105240000072118400a081fb1244e00000721184fe
:1052500000a009a8095812a881581139baf56101ae
:1052600015f806000cf80601ec016101173c0d0071
:10527000386201a881b091a80a452102173c0d00af
:10528000385201a881b099a80a452103173c0d00a6
:10529000384201a881b111a80a452104173c0d002c
:1052a000383201a881b119a80a452105173c0d0023
:1052b000382201a881b191a80a452106173c0d00aa
:1052c000381201a881b199a80a452107173c0d00a1
:1052d000380201a881b211a80a452108173c0d0027
:1052e00038f200a881b219a80a452109173c0d001f
:1052f00038e200a881b291a80a45210a173c0d00a6
:1053000038d200a881b299a80a45210b173c0d009c
:1053100038c200a881b311a80a45210c173c0d0022
:1053200038b200a881ba91a80a06c5210a173c0d17
:105330000038a100a881b999a80a06c52107173c21
:105340000d00389000a881ba11a80a06c5210817d7
:105350003c0d00387f00a881ba19a80a06c52109aa
:10536000163c0d002e6ea881a991a80a068521067b
:10537000163c0d002e5ea881aa19a80a06852109ef
:10538000163c0d002e4ea881ac91a80a068521126c
:10539000163c0d002e3ea881ac99a80a0685211363
:1053a000163c0d002e2ea881ad12a80b06813214da
:1053b000ad190681311557126102163c0d002e14ed
:1053c000a881ad91a80a06852116153c0d000c3c5c
:1053d0000d01c5000d0eb38167046040fb12a4de11
:1053e0000000ad11fbe244e000000685e114200e50
:1053f000059ccefffb1aae4205f8ccfffb12a4dee3
:105400000000ad11e30167016040fb12a4de000063
:10541000ad19fbe244e000000685e115200e056ea3
:10542000cefffb1aae4205caccfffb12a4de000081
:10543000ad19e301670160409009fb1244e00000f0
:10544000b80aa492b809fb22a4de0000a4a1670157
:1054500060409009fb1244e00000b80aa49ab80921
:10546000fb22a4de0000a4a967016040e301fb2247
:1054700044e00000a521fbe2a4de0000e40e146776
:10548000016040e301fb2244e00000a529fbe2a407
:10549000de0000e40e1567017ea660803c07003c3c
:1054a0000600fb1ec07f1005db8dff8181b181618d
:1054b0000115f806000cf80601ec016101200dfb56
:1054c0001a9340052dccff3f6603fb62a4de00006b
:1054d000fb32a5a5a5a5754214ef610592c6ffa1f3
:1054e0006966a3fb22a4de0000fb1ec07f10053d01
:1054f0008eff8189b189610115f806000cf806015b
:10550000ec016101200dfb1a8f4005e6cbff3f66e1
:10551000033f66037100f03c0f003c0e003c0700a7
:10552000754218fb1ec07f10056c8cff8381b38110
:10553000610115f806000cf80601ec0161013a7fe3
:1055400000754318fb22a4de0000fb1ec07f10057f
:10555000478fff8389b389610115f806000cf806af
:1055600001ec01610111fb1aad410586cbfffb3255
:10557000a5a5a5a5754214fb12a4de000005f0c583
:10558000ffa081fbe2a4de000058ee755e29240f27
:10559000fb12a4de0000ba1175511f2306f80601a4
:1055a0000cf80600ec016101143c0701fbe2a4deeb
:1055b0000000a8810685e105103c07010c3c0701ad
:1055c000b18961112145fbe2a4de0000f9e905f093
:1055d00023fb12a4de00003d1100fb12a4de00003c
:1055e0003d1300fbe2a4de0000f9e902fffffbe24d
:1055f000a4de0000f9e904ffff05dce1fffb12a4d3
:10560000de0000f814003d1800fbe244e00000fb5f
:10561000f2a4de0000c0fefbe244e00000fbf2a4c6
:10562000de0000d5fe0101fbe244e00000fbf2a435
:10563000de0000d5fe0303fbe244e00000fbf2a421
:10564000de0000d5fe0202fbe244e00000fbf2a413
:10565000de0000d5fe0404fbe244e00000fbf2a4ff
:10566000de0000d5fe0505fbe244e00000fbf2a4ed
:10567000de0000d5fe0808fbe2a4de000058e105cc
:1056800022f1fe05d293fffb12a4de0000b4110547
:105690007df0fefb12a4de0000b91905a0f1fe6743
:1056a0000460408089fbe244e00000c3e1fbe2a427
:1056b000de0000c10e0367016040fbe2a4de0000d3
:1056c00058eefbf244e0000044fe200e05c0cbff84
:1056d000fb1aaa41051ccafffbe2a4de0000c4e0dd
:1056e00003b089670160409009fb2244e00000920a
:1056f00021fbe2a4de0000d50e010867016040fb3b
:1057000012a4de0000ba11fbe244e0000006c5e18d
:1057100008200e0579cbfffb1aac4105d5c9fffb6c
:10572000e2a4de0000d5e00801b80967016040fb93
:1057300012a4de0000b819fbe244e0000006c5e157
:1057400001200e0549cbfffb1aae4105a5c9fffba1
:10575000e2a4de0000d5e00101b80967016040fb6a
:1057600012a4de0000b899fbe244e0000006c5e1a7
:1057700003200e0519cbfffb1aae410575c9fffbcf
:10578000e2a4de0000d5e00301b80967016040fb38
:1057900012a4de0000b891fbe244e0000006c5e17f
:1057a00002200e05e9cafffb1aaf410545c9fffb00
:1057b000e2a4de0000d5e00201b80967016040fb09
:1057c00012a4de0000b911fbe244e0000006c5e1ce
:1057d00004200e05b9cafffb1aaf410515c9fffb2e
:1057e000e2a4de0000d5e00401b80967016040fbd7
:1057f00012a4de0000b919fbe244e0000006c5e196
:1058000005200e0589cafffb1ab04105e5c8fffb5c
:10581000e2a4de0000d5e00501b80967016040fba5
:1058200012a4de0000af19fbe244e000000685e1af
:105830001d200e0559cafffb1aa94105b5c8fffb7b
:1058400012a4de0000af19e30167016040fb12a45f
:10585000de0000b611fbe244e0000045e118200e36
:10586000052ccafffb1aab410588c8fffbe2a4de8a
:105870000000c5e01803b08967016040fb12a4de98
:105880000000bd11fbe244e0000006c5e114200e5b
:1058900005fcc9fffb1aac410558c8fffbe2a4deba
:1058a0000000d5e01401b809670160408089fb223f
:1058b000a4de00008621fbe244e00000c50e0318d0
:1058c000670160409009fb22a4de00009521fbe205
:1058d00044e00000d50e0114670160409009fb22ee
:1058e000a4de00009329fbe244e00000d50e010d88
:1058f000670160409009fb22a4de000093a9fbe24f
:1059000044e00000d50e010f670160409009fb22c2
:10591000a4de00009029fbe244e00000d50e010166
:10592000670160409009fb22a4de000090a9fbe221
:1059300044e00000d50e0103670160409009fb229e
:10594000a4de000091a1fbe244e00000d50e0106b8
:10595000670160409009fb22a4de000091a9fbe2f0
:1059600044e00000d50e010767016040fb12a4de91
:105970000000b991fbe244e0000006c5e106200efc
:10598000050cc9fffb1ab2410568c7fffbe2a4dea4
:105990000000d5e00601b80967016040fb12a4def3
:1059a0000000b999fbe244e0000006c5e107200ec3
:1059b00005dcc8fffb1ab3410538c7fffbe2a4ded4
:1059c0000000d5e00701b809670160409009fb229b
:1059d000a4de000093a1fbe244e00000d50e010e1e
:1059e000670160409009fb22a4de00009421fbe2e5
:1059f00044e00000d50e0110670160409009fb22d1
:105a0000a4de000090a1fbe244e00000d50e0102fc
:105a1000670160409009fb22a4de00009121fbe2b7
:105a200044e00000d50e0104670160409009fb22ac
:105a3000a4de00009429fbe244e00000d50e011131
:105a4000670160409009fb22a4de00009129fbe27f
:105a500044e00000d50e010567016040e301fb2230
:105a600044e00000a7a9fbe2a4de0000e40e1f67eb
:105a7000016040e301fb2244e00000a7a1fbe2a497
:105a8000de0000e40e1e67016040e301fb2244e0fb
:105a90000000a729fbe2a4de0000e40e1d67016000
:105aa000c03c0a010534f0ffa009fbe223510000cd
:105ab00058ee610e3bd100a8097621000476010062
:105ac0000419fb1a0041052ac6ffa809762100081f
:105ad0007601000819fb1a01410517c6fffbe2cc4d
:105ae000e20000ecee755e7d2a0ffbe2cce20000e6
:105af000ecee750ec82a06f806010cf80600ec015b
:105b00006101203dfbe2d0e20000ecee619e240e3c
:105b1000fbe2d0e20000ecef622fe3effbe2d0e229
:105b20000000ecee61ae231405addcff6101a809b5
:105b30001e78a1a0090d78b1a0093c0a002e41fbf6
:105b4000e2cce20000ecee755e772913fbe2cce2da
:105b50000000ecee755e792a06f806010cf80600e6
:105b6000ec016101201afbe2d0e20000ecee610ed4
:105b7000200efbe2d0e20000ecef601fe3efa8098b
:105b80000586efff0afbe223510000f8e400052040
:105b90000000fbe2cce20000e3e1fbe2cce200002b
:105ba000ece105abefffc5000a0bb289670360802b
:105bb0003c06003d02003d01006631052361ff9077
:105bc00081b88176010010230cfb1a02410523c520
:105bd000ff2e30b8817551a724073d02a82e0fb8bb
:105be000817601c80f2307f90902c70fb881721126
:105bf00058ff9009b809fbe224510000fece118144
:105c000081c5000607b189cf11670266110583eed1
:105c1000ff027100ec3c82003e020005bdeeffa0d9
:105c2000096611396a018409661139b2058401b423
:105c300009610112b401610115f806010cf80600b2
:105c4000ec016101143c8201057261ffa081a88111
:105c500076014706230aa88176015f082306f80625
:105c6000010cf80600ec0161012020fbe2d4e20007
:105c700000f8e60a0561dbff6111a8091f7841a061
:105c8000092e5b7851a0092e55a88176018806233c
:105c90000ea881760108082406f806010cf8060013
:105ca000ec0161012038fbe2d4e20000ecee610e71
:105cb000200efbe2d4e20000ecef601fe3effbe21a
:105cc000d4e20000ecee610e2114050bdbff611144
:105cd000a8091e7a41a0090d7a51a009a881760170
:105ce0004f03240a662105aaedff2e2b0574edff54
:105cf0006111200ea881760170032406f806010cbc
:105d0000f80600ec0161011066310586edff0f66b3
:105d100011057fedff05b860ff8389b3896101211b
:105d200013fbe2d8e20000f8e60aa8097881a0098e
:105d30002e1afbe2d8e20000ecee610e200efbe230
:105d4000d8e20000ecef601fe3ef059f60ff838166
:105d5000b38161012113fbe2dce20000f8e60aa84e
:105d6000097891a0092e1afbe2dce20000ecee615a
:105d70000e200efbe2dce20000ecef601fe3efa878
:105d8000090585edffc5001213b48967057100eca4
:105d900084893c81013e03003e0200053dedffa0e9
:105da00009b489610112fbe244600000f8e401fbe0
:105db000e24460000058ee610e2110fbea30030659
:105dc000a10c0e011df806010cf80600ec016101a2
:105dd0003a3601a8096411611119fb1ae042051253
:105de000c3ffa8096421612119fb1ae1420503c31d
:105df000ff0531f2ffa089a88976018d06240aa843
:105e0000897601ee052406f806010cf80600ec017f
:105e100061012031fbe2e0e20000ecee619e240e25
:105e2000fbe2e0e20000ecef622fe3effbe2e0e2f6
:105e30000000ecee61ae2308a8097801a0093c81be
:105e4000002e37a88976012c06230ea889760149f1
:105e5000062406f806010cf80600ec016101201a80
:105e6000fbe2e0e20000ecee610e200efbe2e0e27d
:105e70000000ecef601fe3ef05eff1ffa081a881c8
:105e800076018d06240aa8817601ee052406f8061f
:105e9000010cf80600ec0161012031fbe2e4e200b4
:105ea00000ecee619e240efbe2e4e20000ecef6207
:105eb0002fe3effbe2e4e20000ecee61ae2308a882
:105ec000097811a0093c81002e37a88176012c06a3
:105ed000230ea881760149062406f806010cf8066f
:105ee00000ec016101201afbe2e4e20000ecee614b
:105ef0000e200efbe2e4e20000ecef601fe3efa8ef
:105f0000090505ecff0afbe244600000f8e4000527
:105f10003f5effa089055c5effa081a8890533f183
:105f2000ffa8810572f1ffc5001112b48167056eeb
:105f3000697100f083893c0d013e0200059cebff76
:105f4000a009b389610112fbe245600000f8e40199
:105f5000fbe24560000058ee610e2110fbea3003c1
:105f600006a10c0e011df806010cf80600ec0161fb
:105f7000013a3901a80975214075514019fb1ae40d
:105f800042056fc1ffa8097621800075518019fb79
:105f90001ae542055dc1ff059ff1ffa08105115f74
:105fa000ffef16050b5fff6351fd7491644b1606fe
:105fb000850602231a05f95effef1605f35eff63ff
:105fc00051fd7491644316068506022506f8060104
:105fd0000cf80600ec016101203efbe2e8e2000063
:105fe000ecee619e240efbe2e8e20000ecef622f93
:105ff000e3effbe2e8e20000ecee61ae231405d72c
:10600000d7ff6111a8091e7861a0090d7871a00958
:106010003c0d00389000a88605965effef170590ae
:106020005effef18058a5effef1905845eff635877
:10603000fd74986443876351fd74916443196c291e
:10604000fd7499644b974767223aa88605625eff04
:10605000ef19055c5effef1805565effef17055060
:106060005eff6358fd7498644b896351fd749164bd
:106070004b176c27fd749764437947692506f8062a
:10608000010cf80600ec016101201afbe2e8e200d5
:1060900000ecee610e200efbe2e8e20000ecef60a7
:1060a0001fe3efa8090561eaff0afbe24560000073
:1060b000f8e40005f45cffa081a88105a9f0ffc504
:1060c000000d0eb3813f690860c082893c0901055b
:1060d00009eaffe301b289610112fbe246600000b8
:1060e000f8e401fbe24660000058ee610e3bc6009a
:1060f000ec01762100017601000119fb1ae6420548
:10610000f1bfffec01762100027601000219fb1ab3
:10611000e74205debfff0565f0ff8201b2016101c4
:10612000fbe2ece20000ecee2129619e240efbe292
:10613000ece20000ecef622fe3effbe2ece20000a8
:10614000ecee61ae2308ec0e788ee30e3c09002ed7
:1061500012610e200efbe2ece20000ecef601fe3a8
:10616000ef0563f0ff8189b1896101fbe2f0e20094
:1061700000ecee2129619e240efbe2f0e20000ec2f
:10618000ef622fe3effbe2f0e20000ecee61ae2302
:1061900008ec0e789ee30e3c09002e12610e200ed4
:1061a000fbe2f0e20000ecef601fe3efec010558ca
:1061b000e9ff0afbe246600000f8e40005115cff1d
:1061c000820105275cff8189b20105e1efffb189fa
:1061d0000524f0ffc500090ab28167037100f0834e
:1061e000893c0d013e020005f1e8ffa009b3896179
:1061f0000112fbe248600000f8e401fbe2486000a5
:106200000058ee610e2110fbea300306a10c0e01ce
:106210001df806010cf80600ec0161013abb00a86c
:10622000096441614119fb1ae24205c6beffa80993
:106230006481618119fb1ae34205b7beff056fee69
:10624000ffa081a8817601ee09240aa8817601fbce
:10625000082406f806010cf80600ec016101204351
:10626000fbe24760000058ee619e240efbe24760af
:10627000000058ef622fc3effbe24760000058eeca
:1062800061ae231a0551d5ff6111a8091e7821a01e
:10629000090d7831a009a809056ee8ff3c0d002e14
:1062a00041a88176015909230ea881760188092425
:1062b00006f806010cf80600ec0161012024fbe25f
:1062c0004760000058ee610e2018fbe247600000b6
:1062d00058ef601fc3ef0afbe248600000f8e400db
:1062e00005b45affa081a88105f2edffc5000d0e8f
:1062f000b38167047100ec84893c81013e03000591
:10630000bce6ffa08105d3e7ffa009b489610112b3
:10631000fbe249600000f8e401fbe249600000583c
:10632000ee610e2110fbea000306a10c0e011df820
:1063300006010cf80600ec0161013abd0005b4ed60
:10634000ffa089a88976014706230aa88976015ffc
:10635000082306f806010cf80600ec016101201c78
:10636000fbe2f4e20000ecee619e2445fbe2f4e285
:106370000000ecef622fe3ef2e37a8897601880644
:10638000230ea889760108082406f806010cf806f1
:1063900000ec016101201afbe2f4e20000ecee6186
:1063a0000e200efbe2f4e20000ecef601fe3effbd7
:1063b000e2f4e20000ecee61ae2319051ad4ff61ad
:1063c00011a8091e7841a0090d7851a0093c81004f
:1063d0002e20fbe2f4e20000ecee610e211405f742
:1063e000d3ff6111a8091e7a41a0090d7a51a009b5
:1063f000a8090514e7ff0afbe249600000f8e40081
:10640000a8890689010276019f06240a6621058271
:10641000e6ff2e2f054ce6ff61112012a8890689a0
:1064200001027601e1062406f806010cf80600ecec
:10643000016101106631055ae6ff0f66110553e64a
:10644000ff057959ffa089a88905d6ecffc5001181
:1064500012b48167057ea660803e0100057ce6ffe0
:10646000e30105aa08fffbe2f8e200000688e1e389
:10647000e1fbe2fce20000ecef621fe3effbe2fc79
:10648000e20000ecee760ee8032161fbe2f8e200a8
:1064900000ece1fbe2fce2000006a009e1a009a893
:1064a0000e05ecf2ff4761241c052cd3ff6101ecc3
:1064b000011e7901e3010d7921e301ec010549e6b3
:1064c000ff2e140512d3ff6101ec011e7b01e301d5
:1064d0000d7b21e301fbe2f8e20000f8e600fbe2bd
:1064e000fce20000f8e6003f66033f66037ea6601c
:1064f000803e010005e4e5ffe301052108fffbe222
:1065000000e300000688e1e3e1fbe204e30000ecc5
:10651000ef621fe3effbe204e30000ecee760ee82f
:1065200003214dfbe200e30000ece1fbe204e300a9
:106530000006a009e1a009a80e0584f2ff47612426
:106540001a0594d2ff6101ec011e7911e3010d7966
:1065500031e301ec0105b1e5fffbe200e30000f8e7
:10656000e600fbe204e30000f8e6003f66033f6656
:1065700003052f52ff059790ff027100d4a281f905
:106580000e022090083e0580f90a070020e5000a67
:10659000033e04003e0132f806023e0600f90420e4
:1065a000803e0901ef02660105536dff670b054b45
:1065b00053ff660105c36fff05ea8dff020578539f
:1065c000ff05428eff6601050e70ff0260403c022f
:1065d00000fbee082008ecee610e1c3c0201c50039
:1065e0000203b08967017ea67100cc3e02003e0125
:1065f000013e0b003e0c013e08013e09003e0a012f
:106600003e06003e07023e03013e04003e0501f83f
:10661000060305e36affef01050468ffef01050bc0
:1066200069fffb1208e30000058188ff054288ff2f
:1066300071012005186bff71010c05116bffa8811a
:10664000660205cf6bffa809660205c76bffa88627
:10665000050df1ff5f12ef61058a6bffa80e05cff4
:10666000f0ff5f12ef61057c6bff054768ff055087
:1066700069ff3f660e7100d4a281f90e024c290c0d
:106680003e0580f90a070020e5000a033e04003eab
:1066900001c8f806023e0600f90420f53e0901efa4
:1066a00002663105586cff670b05c587ff6631052b
:1066b000c86eff0205cb87ff6631051b6fff0260c6
:1066c000403c0200fbeede200858eefc5aee1904b6
:1066d000610e1c3c0201c5000203b08967016040e5
:1066e000057657ff7542c84312e302ef21670105a3
:1066f000d48fff027100b005ded0ff61012126fbbf
:10670000123209f0ffa301fbe25412f0ffe4e00ba8
:10671000fb123209f0ffa081fbe25412f0ffe4e02b
:10672000012e24fb12fa09f0ffa301fbe25812f03c
:10673000ffe4e00bfb12fa09f0ffa081fbe2581224
:10674000f0ffe4e0013e0f00f90a110020f90e0d00
:106750001e1a0cf90e0e0080003e0a013e8000f960
:106760000448f13e8301710228661105906bff66b3
:106770001105066eff3e0500f90a070020f90e0319
:106780002a1a0cf90e04008000f806013e0600f9f2
:106790000420f33e0901ef02662105616bff6621cb
:1067a00005d76dff05218cff67147100e8a109a1d1
:1067b00002a08b3e0100fbe2a0af00005cee610e88
:1067c0002110a88ba9026601056b95ffa0092e4b2d
:1067d000a809a902fec21efbfe03000dc3fea80904
:1067e0006211a009fb1e03000db019fc5a1e19040a
:1067f000610e2115fb1e03000db019fc5a1e1e046c
:10680000610e1df806010cf80600ec01610121d6ad
:1068100003a8090685010323b9a809a08167062eec
:106820000303660105df94ff7601002021f5026075
:10683000c0a081f806000d6211e301ec01a882fe00
:10684000c21e610e21f3a00967037100f0a0893e0a
:106850000100a88939dbff5b116011e3012e2ca830
:1068600009a88afec2118289a889ec02fec12ea85d
:106870000afe012eb289ec02a88bfe0321a8096250
:1068800011a009ec016011e301a80906840123d1dc
:1068900067047100f0a089a082f80600a889ef1ea5
:1068a000fd749e0a63ae43e1753130ec02a883fead
:1068b0000321ec016211e301a889fd74910aa0890a
:1068c000a889610121d8660eec01a882fe021ea8eb
:1068d000813979ffec01a00967047100eca101a0e6
:1068e0008a3e01003c0300a9016101260d3c030121
:1068f000a9017e016211a101a901ef1efd749e0a8a
:1069000063ae43e1753130a80aa88bfe0321a809c4
:106910006211a009a901fd74910aa101a9016101f7
:106920002ad8b08961012012754e2da809a88afec7
:10693000021ea8096211a009660ea809a88afe0213
:106940001ea8893907ffa809a08167057100e8a181
:1069500009a1023e02003d03003c0500754e30a82f
:1069600081a902fe021ea8816211a081754e78a83d
:1069700081a902fe021ea8816211a0813d031c2e86
:1069800035a909988afd602164f18109b1096191f5
:106990002408711130e3010e711137e301580181b0
:1069a00009a882a903fe0321a8816211a081988908
:1069b000604190899889610126c9660ea881a90263
:1069c000fe021ea881a08967067100f0a089a0823e
:1069d000a00bf806002e14ec01a882fec21ea88aa5
:1069e000fe021eec016211e301ec010685010123a8
:1069f000e867047100e4a181a10aa1033e020066d8
:106a0000aea881a902fe021ea8816211a081a982fe
:106a1000751214fb1214e300004b2162813912fe3f
:106a2000a009a90106890102a984a80b751414fb09
:106a30002214e300004b4262823990ffa88106894c
:106a40000101a081e100012e14754e20fe012ea847
:106a5000816211a081ec016211e301ec0161a1a846
:106a600081a90223e6754e2cfe012ea8816211a099
:106a700081a9096111210e754e49a881a902fe0262
:106a80001e2e18a9096121a881a90218754e57fe6a
:106a9000012e0f754e45fe012ea8816211a0817551
:106aa0004e2ca881a902fe021ea8816211a08105b8
:106ab0007681ffa9020689020239d9fd0689010201
:106ac000a081754e2ca881a902fe021ea881621128
:106ad000a0810550cdffa9020689020239b6fd0644
:106ae000890102a081754e2ca881a902fe021ea870
:106af000816211a081a881a08967077100b0a48973
:106b0000a482a40ba404e500150fc500583bc500e2
:106b1000593ae500170dc50060333e0b003e0a00f0
:106b20003e0100ac89751114fbe214e30000feceb7
:106b30001e610e201bac89751114fb2214e30000aa
:106b40004b12a829068501122a06f806010cf80640
:106b500000ec0161013a360159013361012046ac74
:106b600082ac89710308398dfea289a809aa8b43da
:106b7000137102084b1266013932fc06890101a02b
:106b800009aa890681010161012011fbe29eaf0083
:106b9000005cee610e1df806010cf80600ec0161c8
:106ba0000121caac016101203e3e0100a809ef129b
:106bb00006890211ac034313660139f0fb06890113
:106bc00001a009ac010681010161012011fbe29ed7
:106bd000af00005cee610e1df806010cf80600ec3b
:106be00001610121c959013b6101205859013a61f4
:106bf00001ab09127102083955fda2890971020819
:106c000039dafca2893e0100a809aa8b431371025c
:106c1000084b1266013995fb06890101a009aa8972
:106c20000681010161012011fbe29eaf00005ceed4
:106c3000610e1df806010cf80600ec01610121ca85
:106c40002e4bab8961012045ab8939e5fba2813e22
:106c50000100a809ef120689020faa8343136601f7
:106c6000394afb06890101a009aa81068101016157
:106c7000012011fbe29eaf00005cee610e1df806e4
:106c8000010cf80600ec01610121c967147100e8ec
:106c90008589a102838b3e02003c0700b389610114
:106ca0002012754e20a881a902fe021ea881621141
:106cb000a0813d02042e33b5899882fd602164f1e4
:106cc0008189b1896191a882a9032408711130e3f7
:106cd000010e711137e301ec01fe0231a88162114e
:106ce000a0819881604190819881610126cb6706df
:106cf0007100b8a409a402a38ba384e500130de5d9
:106d000000140cc500542f3e02003e0100ac097572
:106d10001114fbe214e30000fece1e610e201bac3a
:106d200009751114fb2214e300004b12a8290685f3
:106d300001102a06f806010cf80600ec0161013a80
:106d4000ec0059012f61012049ac02ac0971030f1d
:106d500039a3fca0813e0100a809a8834313710256
:106d60000f4b1266013945fa06890101a009a88175
:106d70000681010161012011fbe29eaf00005cee83
:106d8000610e1df806010cf80600ec01610121ca34
:106d9000ab816101203e3e0100a809ef1206890285
:106da0000fab83431366013903fa06890101a00979
:106db000ab810681010161012011fbe29eaf000061
:106dc0005cee610e1df806010cf80600ec01610195
:106dd00021c93e02002e4ea881ab0afec2116613e5
:106de00071020f39aafe3e0100a8096633431371f0
:106df000020f4b12660139b4f906890101a009a8f6
:106e00000961312011fbe29eaf00005cee610e1db6
:106e1000f806010cf80600ec01610121cea88162a0
:106e200011a081a8810685010c23ae67127100ecc8
:106e3000a101a08a2e1a610e1e3e01002e2ded0e1c
:106e400004621ee70e04ed0e03621ee70e03ed0e54
:106e50000458eea889441e20dfa889441e2806f89d
:106e600006ff0cf80601e40001a809a0816705717e
:106e700000e8a109a102a08b2e38a909581ea9017a
:106e8000441e2014a901441e2806f806ff0cf8062b
:106e900001e400012e25610e1e3e01002e1da909f0
:106ea0006211a109a9016211a101a8896011a0893b
:106eb000a889610121c63e0100a809a08167067169
:106ec00000f0a0893e0114f806002e23ec03a88ae6
:106ed000751314fb1214e300004b3162813950ff2b
:106ee0006101ec011da0092e0d6211e301ec017599
:106ef000511423daa809a08167047100e0a189a1d7
:106f000082c42013a9816211a181b489610115f89d
:106f100006000cf80601ec01610117e50007012edf
:106f200044a981390cf9a089a989c4100ba98962e7
:106f300011a189b289610115f806000cf80601ec6f
:106f4000016101163e01002e1cb28945011321dab0
:106f5000a88ba982a9893919ff610121cda989606e
:106f600011a009a809a10967087100cca3013e0b73
:106f7000003e0a003e0100ab01fb221c38f0ff3945
:106f80007bffa289aa890681010ca281aa896101dd
:106f9000200daa8175511e2406f806010cf8060082
:106fa000ec0161013a5401aa83ab02710108391b5b
:106fb000faaa81710e08660ffe0e1f7101083901d1
:106fc000ffa009a8097551132505380601aa896291
:106fd00011a289a809751114fbe214e300004b1eed
:106fe000aa89581f755f311df8e4010cf8e400aa66
:106ff000896221a289aa89581e755e572114a809a1
:10700000751114fb2214e300004b123e21022e39ad
:10701000aa89581e755e452114a809751114fb2212
:1070200014e300004b123e21032e1ea80975111413
:10703000fb2214e300004b12aa89581e755e491dfd
:107040003e21010c3e21007100f06601a081810902
:107050008101710e18e30e3c0c0175441ffb321eba
:1070600038f0ff661266313994fa710010a809757c
:107070001114fbe214e30000fece117100f0660271
:107080008302a081810ae3023c04016674fb323e64
:1070900038f0ff661266313964fa710010a809757c
:1070a0001114fbe214e300004b1e7100f066018333
:1070b00001e5e001028109e3013c040166b4fb3211
:1070c0004638f0ff661266313933fa710010670de9
:1070d0007100f06601a08181098101710e18e30e33
:1070e0003c0c01754418fb325238f0ff6631ef1248
:1070f000390bfa710010670d670d7100b8a409a46f
:10710000023e02003e0100a881710e0e66affe0e27
:107110001fa8816211a08171020e06890202ac09ca
:107120003972f706890102a081a881710e0e754f90
:107130002cfe0e1fa8816211a08171020e06890229
:1071400002ac01394ff706890102a081a809a88382
:10715000431371020e4b1266013951f60689010183
:10716000a009a8810681010161012011fbe29eaf07
:1071700000005cee610e1df806010cf80600ec0143
:10718000610121ca67127100b4a481a40aa4033e5c
:1071900002003e0100a881710e0e66affe0e1fa810
:1071a000816211a08171020e06890202ac8139e46c
:1071b000f606890102a081a881710e0e754f2cfe82
:1071c0000e1fa8816211a08171020e06890202ac15
:1071d0000939c1f606890102a081a881710e0e75d8
:1071e0004f2cfe0e1fa8816211a08171020e06892c
:1071f0000202ac01399ef606890102a081a809a805
:1072000083431371020e4b12660139a0f506890102
:1072100001a009a8810681010161012011fbe29e04
:10722000af00005cee610e1df806010cf80600ece4
:1072300001610121ca67137100b0a489a482a40b63
:10724000a4043e02003e0100a881710e0e66affe4e
:107250000e1fa8816211a08171020e06890202ac84
:10726000893931f606890102a081a881710e0e7557
:107270004f2cfe0e1fa8816211a08171020e06899b
:107280000202ac81390ef606890102a081a8817143
:107290000e0e754f2cfe0e1fa8816211a081710287
:1072a0000e06890202ac0939ebf506890102a081bc
:1072b000a881710e0e754f2cfe0e1fa8816211a0c1
:1072c0008171020e06890202ac0139c8f5068901f6
:1072d00002a081a809a883431371020e4b12660114
:1072e00039caf406890101a009a88106810101615a
:1072f000012011fbe29eaf00005cee610e1df8065e
:10730000010cf80600ec01610121ca6714660e7dcc
:10731000f2200c651e7e027e11fd7422007df42099
:107320000efd74de017e047e13fd742400fd260e26
:10733000fd7cc40000ff20346605660f660e4742e0
:10734000250a62156c137e5426f64331fc03422253
:10735000094b31fc0b427fb07e5e7e5f68147e433a
:10736000601526e8eff2efe12e5e610420106d0457
:10737000fd903e57e46d037545102ec0fd7cc300a3
:1073800000ff12ef3466037545202eb061021f61c5
:107390000121322e33ef24ef15fc2734ef4e4f340a
:1073a00043426d0269055725ef52fc2735ef5f4fc9
:1073b0003543526d025f115721fc27316d0f57f194
:1073c000efe20cfc2731fd2a0e610e117e027e11c8
:1073d000fd74220002fd7cc40000ff2037660566b4
:1073e0000f660e7df4220e4742250a62156c137e4d
:1073f0005426f64331fc034222094b31fc0b427ff9
:10740000b07e5e7e5f68147e43601526e8eff2ef83
:10741000e102610420106d04fd903e57e46d037598
:1074200045102ebdfd7cc30000ff12ef34660375ce
:1074300045202ead61021e6101213102ef24ef15be
:10744000fc2734ef4e4f3443426d0269055725ef58
:1074500052fc2735ef5f4f3543526d025f115721c4
:10746000fc27316d0f57f1efe202fc2731026e1558
:10747000fb428012f0fffb529812f0ff66022e10c2
:10748000fd2a41fd2a434713250643137f884745bc
:1074900024f0fb425c12f0fffb528012f0ff2e132f
:1074a000fd2a42fd2a43fd2a414723250643237f27
:1074b0008f474524ed6f150260c03e02003e01007b
:1074c000f8060005bf8bff058d7cffa08105e7c78f
:1074d000ff05ffd4fea8817100f066128302a0812f
:1074e000810a8102f8060066e4fb329f29f0ff66fc
:1074f00001050af6ff710010a881056fd5fe05fe93
:10750000d6fe05a7d9fe0572d6fe051b77ffa00a99
:10751000e301a809ec027222f401fd742100a00924
:10752000e30205f5a5ffa80aec034b13fd74220046
:10753000a00ae3030d050ec3ff05ec76ff068401e8
:1075400006a100020123f0050ebfff05cfddfefb03
:107550001a7017051ac6ff0574c2ff052af6fe0544
:10756000890cff0525cfff61311d05ce0cff051ae3
:10757000cfff6121212505f50cff05049fff2e1b80
:10758000055cddfe2e15058dddfe2e0f66110562f4
:10759000abff0f6621055babff0597c2ff0578c205
:1075a000ff05e7ceff610120e5711efe612e23d2ab
:1075b000614120d42edffbee84e07ff8e901aafbd5
:1075c000ee84e07ff9e90201550260403c0201fbd4
:1075d000e250e20000eceef8e4b3fb1e10e07faff7
:1075e00011fc5a1e1104611e21f2fbee10e07f58bf
:1075f000eefc5aee1c04610e200d3c0200fb1a0842
:107600002405013cf0c5000203b089670160803c9d
:107610000601fbee10e07f5dee587c0e2031fb1e74
:1076200010e07faf11fc5a1e1404610e2111fb1ee5
:1076300010e07faf11fc5a1e1304610e15f806010d
:107640000cf80600ec01610115f806010cf80600c3
:10765000ec016101200f3c0600fb1a092405a53b43
:10766000f02e59fbee10e07f5dee587c1e2031fbc2
:107670001e10e07faf11fc5a1e1404610e2111fb95
:107680001e10e07faf11fc5a1e1304610e15f806a0
:10769000010cf80600ec01610115f806010cf80672
:1076a00000ec013c0600610112fb1a072405553b62
:1076b000f009fb1a0824054c3bf0fb1e10e07fafdd
:1076c00011fc5a1e1204611e2118fbee10e07f58b7
:1076d000eefc5aee1904611e18fbee10e07ff0ef8d
:1076e000fb1e10e07faf11fc5a1e1a04611e1e39ea
:1076f000dbfe8181c5000607b189670260403c025c
:10770000012e21fbe2c4dd0000ecef71f5ffe3e5a3
:10771000610f211039b6fe3c0200fb1a0a2405e471
:107720003af0fb1e10e07faf11fc5a1e1104611edf
:1077300021d3b08161112116fbee10e07f58eefce1
:107740005aee1c04610e1639c6fe8081c500020384
:10775000b0896701fbee10e07f58eefc5aee190489
:10776000611e18fbee10e07ff0ef394cfe395dfe34
:10777000fbee10e07ff9e93a00aafbee10e07f5d36
:10778000ee3a610e21f60260403c0201fbe2c4ddec
:107790000000f8ea80253966ff8081fbee84e07ff7
:1077a000f8e900aafbee84e07f5cee610e21f7c5ec
:1077b000000203b089670160c0a0813c0500e100c0
:1077c000027fb83c06002e1ab181fbe2880df0ff63
:1077d000fe61ee06840e1c3c0501b18162118181bf
:1077e000b18175512623e3b1096101210dfb1a0214
:1077f0002405113af038a200ec01fbe2880df0fffd
:107800000685e11e2310fbe2c4dd0000f8e20074ef
:10781000b7012e0efbe2c4dd0000f8e200d0dd0669
:107820003996fdfbee30e07ff9e55801fbee30e0e4
:107830007fe00efbe250e20000eceef8e420fbe219
:1078400050e20000eceef8e4d039b3fe8109fbee23
:1078500030e07f5dee2a611e212aec01fbe2880dfb
:10786000f0ff0685e11e2410fbe2c4dd0000f8e213
:1078700000d0dd062e0efbe2c4dd0000f8e200744d
:10788000b701b10961011c39cdfe39fdfe8109b195
:107890000961011c39c0fe7fa8c5000507b18967d1
:1078a000037100e4a181a10aa1033c0e01e50006d9
:1078b000023e01007fb8a909610121103c0e00fbc6
:1078c0001a0324053f39f0383501a881fbe2880d01
:1078d000f0ff0684e12310a881fbe2880df0ff068b
:1078e00085e1252506f806010cf80600ec0161018a
:1078f00020103c0e00fb1a0024050939f038ff0067
:10790000b201610120103c0e00fb1a002405f5387d
:10791000f038eb00a90175518123103c0e00fb1ad1
:10792000052405e038f038d600398dfcfbe2c4ddd3
:107930000000f8ee00f915fbee30e07fe10e02fbef
:10794000e250e20000eceef8e4e8fbe250e2000076
:10795000eceef8e4803e01002e18a809a90afe51b9
:107960002efbf27cae0000fe11fea8096211a009f8
:10797000a8090685010423e4e50004012e16a809e0
:10798000fbe27cae0000fbf6fffe11efa8096211de
:10799000a009a80975518023e73e01002e28fbf2bb
:1079a0007cae0000a809fe51ffd3effbee30e07f74
:1079b000edee14fc5aee1604611e20f1ed0e01628c
:1079c0001ee70e01ed0e01755e80fbe250e2000045
:1079d000ecee23ccf8e4d03925fd8381fbe2c4dd55
:1079e0000000f8ee00f915b38161011c3968fd391a
:1079f00098fd8381b38161011c395bfd7fa8c500bf
:107a00000e0fb38967077100e8a109a102a08b3ca2
:107a10000901e5000501a901610121103c0900fbf4
:107a20001a042405df37f0388c00a809fbe2880d22
:107a3000f0ff0684e12310a809fbe2880df0ff06a1
:107a400085e1252506f806010cf80600ec01610128
:107a5000200f3c0900fb1a012405a937f02e56b16e
:107a6000016101200f3c0900fb1a0124059637f043
:107a70002e43a889755181230f3c0900fb1a062467
:107a8000058237f02e2ffbee84e07ff8e900aa3c58
:107a90000a002e19b281ef1e06890e014b1edcee84
:107aa000a902fe112eb28162118281b28106850186
:107ab0000323e3c500090bb2896706ffffffffff41
:107ac000ffffffffffffffffffffffffffffffffc6
:107ad000ffffffffffffffffffffffffffffffffb6
:107ae000ffffffffffffffffffffffffffffffffa6
:107af000ffffffffffffffffffffffffffffffff96
:00000001ff
