:020000040012E8
:04004000FFFFFFFFC0
:04004800FFFFFFFFB8
:10005000FFFFFFFFFFFFFFFFFFFFFFFFFFFFFFFFB0
:10006000FFFFFFFFFFFFFFFFFFFFFFFFFFFFFFFFA0
:02000004FFF00B
:100400006538F0FF6538F0FF6538F0FF6538F0FFBC
:100410006538F0FF6538F0FF6538F0FF6538F0FFAC
:100420006538F0FF6538F0FF6538F0FF6538F0FF9C
:100430006538F0FF6538F0FF6538F0FF6538F0FF8C
:100440006538F0FF6538F0FF6538F0FF6538F0FF7C
:100450000B38F0FF1D38F0FF6538F0FF2F38F0FF44
:100460006538F0FF4138F0FF6538F0FF6538F0FF80
:0C0470006538F0FF6538F0FF5338F0FFEE
:04047C008004F0FF09
:10048000FD730208100000FD730A10130000FBE268
:100490000004F0FFFD68EDFBE27012F0FFFD68EC78
:1004A000FBEA0001FD68E3055DEA0005945B01FBE2
:0D04B000EE000001FD68E005D25B010002D6
:1004BD0003FFFFFF883F3F7F077FFFFF7FFF7B0F1E
:1004CD0007EE000700000000000000000000000023
:1004DD00000000000000000003FFFFFF883F3F7F8A
:1004ED00077FFFFF7FFF7B0F07EE000703FFFF3F37
:1004FD000000007F077FFFFF7FFF7B0F07000007D6
:10050D00000000000000007E023F002000080000F7
:10051D000000000000070E091C1B1215383F363174
:10052D0024232A2D70777E796C6B6265484F464186
:10053D0054535A5DE0E7EEE9FCFBF2F5D8DFD6D176
:10054D00C4C3CACD90979E998C8B8285A8AFA6A166
:10055D00B4B3BABDC7C0C9CEDBDCD5D2FFF8F1F656
:10056D00E3E4EDEAB7B0B9BEABACA5A28F88818646
:10057D0093949D9A2720292E3B3C35321F18111636
:10058D0003040D0A5750595E4B4C45426F68616626
:10059D0073747D7A898E878095929B9CB1B6BFB816
:1005AD00ADAAA3A4F9FEF7F0E5E2EBECC1C6CFC806
:1005BD00DDDAD3D4696E676075727B7C51565F58F6
:1005CD004D4A4344191E171005020B0C21262F28E6
:1005DD003D3A33344E49404752555C5B7671787FD6
:1005ED006A6D64633E39303722252C2B0601080FC6
:1005FD001A1D1413AEA9A0A7B2B5BCBB9691989FB6
:10060D008A8D8483DED9D0D7C2C5CCCBE6E1E8EFA5
:10061D00FAFDF4F3001D3A2774694E53E8F5D2CF75
:10062D009C81A6BBCDD0F7EAB9A4839E25381F02C5
:10063D00514C6B76879ABDA0F3EEC9D46F725548B5
:10064D001B06213C4A57706D3E230419A2BF9885A5
:10065D00D6CBECF1130E2934677A5D40FBE6C1DC95
:10066D008F92B5A8DEC3E4F9AAB7908D362B0C1185
:10067D00425F78659489AEB3E0FDDAC77C61465B75
:10068D000815322F5944637E2D30170AB1AC8B9665
:10069D00C5D8FFE2263B1C01524F6875CED3F4E955
:1006AD00BAA7809DEBF6D1CC9F82A5B8031E392445
:1006BD00776A4D50A1BC9B86D5C8EFF24954736E35
:1006CD003D20071A6C71564B1805223F8499BEA325
:1006DD00F0EDCAD735280F12415C7B66DDC0E7FA15
:1006ED00A9B4938EF8E5C2DF8C91B6AB100D2A3705
:1006FD0064795E43B2AF8895C6DBFCE15A47607DF5
:10070D002E3314097F6245580B16312C978AADB0E4
:04071D00E3FED9C45A
:100722000100020008000000C1C081C1400101C3F4
:10073200C003800241C201C6C006800741C700054E
:10074200C1C581C4400401CCC00C800D41CD000F55
:10075200C1CF81CE400E000AC1CA81CB400B01C974
:10076200C009800841C801D8C018801941D9001BAE
:10077200C1DB81DA401A001EC1DE81DF401F01DDCC
:10078200C01D801C41DC0014C1D481D5401501D7A5
:10079200C017801641D601D2C012801341D3001176
:1007A200C1D181D0401001F0C030803141F100331D
:1007B200C1F381F240320036C1F681F7403701F5CC
:1007C200C035803441F4003CC1FC81FD403D01FF55
:1007D200C03F803E41FE01FAC03A803B41FB0039F6
:1007E200C1F981F840380028C1E881E9402901EBCC
:1007F200C02B802A41EA01EEC02E802F41EF002D4E
:10080200C1ED81EC402C01E4C024802541E50027A4
:10081200C1E781E640260022C1E281E3402301E1F3
:10082200C021802041E001A0C060806141A100633D
:10083200C1A381A240620066C1A681A7406701A54B
:10084200C065806441A4006CC1AC81AD406D01AF54
:10085200C06F806E41AE01AAC06A806B41AB006975
:10086200C1A981A840680078C1B881B9407901BBAB
:10087200C07B807A41BA01BEC07E807F41BF007DCD
:10088200C1BD81BC407C01B4C074807541B50077A4
:10089200C1B781B640760072C1B281B3407301B173
:1008A200C071807041B00050C1908191405101935C
:1008B200C053805241920196C056805741970055CD
:1008C200C19581944054019CC05C805D419D005F54
:1008D200C19F819E405E005AC19A819B405B0199F3
:1008E200C059805841980188C04880494189004BCD
:1008F200C18B818A404A004EC18E818F404F018D4B
:10090200C04D804C418C0044C184818540450187A3
:10091200C047804641860182C042804341830041F4
:10092200C18181804040640064006400640064000E
:10093200640064006400640063006300630062009A
:10094200620062006100600060005F005D005C00A8
:100952005B0059005700540051004F004B00480003
:10096200440040003C00380034002F002B002600D9
:1009720022001E001A00160012000F000C000900CF
:10098200070005000300020001000100010002004F
:1009920003000400060009000B000E0012001500FF
:1009A20019001D00210026002A002F003300370005
:1009B2003C004000440048004B004E0051005400EF
:1009C200560059005A005C005D005E005F00600046
:1009D2006100610062006200630063006300640002
:1009E20064006400640064006400640064006400E5
:1009F20064006400640064006400640064006400D5
:100A020064006400640064006400640064006400C4
:100A120064006400640064006400640064006400B4
:100A220064006400640064006400640064006400A4
:100A320064006300630063006200620062006100A0
:100A4200600060005F005D005C005B0059005700C1
:100A5200540051004F004B004800440040003C004D
:100A6200380034002F002B00260022001E001A003E
:100A7200160012000F000C00090007000500030019
:100A82000200010001000100020003000400060050
:100A920009000B000E001200150019001D002100B4
:100AA20026002A002F00330037003C00400044009B
:100AB20048004B004E0051005400560059005A00A5
:100AC2005C005D005E005F0060006100610062002A
:100AD20062006300630063006400640064006400F9
:080AE20064006400640064007C
:100AEC00BD04F0FF2207F0FFEC0AF0FF9C28F0FF9A
:100AFC009C28F0FF9C28F0FFB428F0FF08000000B1
:100B0C003412F0FF5812F0FF7012F0FF7016F0FF65
:100B1C007012F0FFCFBC0B0053CB0B00FCD90B00B9
:100B2C00C8E80B00BAF70B00D2060C0010160C002C
:100B3C0074250C0001350C00B5440C0091540C00CC
:100B4C0097640C00C7740C0021850C00A7950C0051
:100B5C0058A60C0036B70C0041C80C007AD90C0012
:100B6C00E1EA0C0078FC0C003F0E0D0038200D0063
:100B7C0061320D00BE440D00E1CB0E00FAE20E0016
:100B8C005CFA0E0007120F00FD290F0041420F0006
:100B9C00D25A0F00B3730F00E58C0F006AA60F003A
:100BAC0043C00F0072DA0F00F8F40F00D80F1000DA
:100BBC00132B1000AB461000A26210001A000000AC
:100BCC000000000000000000000000000100000018
:100BDC000100000000000000010000000100000006
:100BEC0009000000000000000900000001000000E6
:100BFC0004000000000000000400000001000000E0
:100C0C0005000000000000000500000001000000CD
:100C1C0006000000000000000600000001000000BB
:100C2C0003000000000000000300000001000000B1
:100C3C000700000000000000070000000100000099
:100C4C000800000000000000080000000100000087
:100C5C000A000000000000000A0000000100000073
:100C6C000200000000000000020000000100000073
:100C7C000B000000000000000B0000000100000051
:100C8C000C000000000000000C000000010000003F
:100C9C002090080022900800209208002292080060
:100CAC00209408002294080024940800269408003C
:100CBC002C9408002E9408003694080000000000C4
:100CCC000000000001000000020000000400000011
:100CDC000800000010000000200000004000000090
:100CEC008000000000010000000200000004000071
:100CFC000008000000100000002000000040000070
:100D0C000080000000000100000002000000040050
:100D1C00000008000000100000002000000040004F
:100D2C000000800000000001000000020000000430
:100D3C00000000080000001000000020000000402F
:100D4C0000000080000209004020080080200800FC
:100D5C00C020080000210800402108008021080064
:100D6C00C02108000000F0FF0080F0FF0000F1FF40
:100D7C000080F1FF0000F2FF0080F2FF0000F3FFA3
:100D8C000080F3FF0000F4FF0080F4FF0000F5FF8B
:100D9C000080F5FF0000F6FF0080F6FF0000F7FF73
:100DAC000080F7FF0000F8FF0080F8FF0000F9FF5B
:100DBC000080F9FF0000FAFF0080FAFF0000FBFF43
:100DCC000080FBFF0000FCFF0080FCFF0000FDFF2B
:100DDC000080FDFF0000FEFF0080FEFF0000FFFF13
:100DEC000020FFFF0040FFFF0060FFFF0080FFFFBF
:100DFC0000A0FFFF00C0FFFF00E0FFFF00000000AD
:100E0C0000008000000000010000800100000002D2
:100E1C000000800200000003000000040000000538
:100E2C000000000003836BF2F7703BE1F4F3501306
:100E3C001F979AC71C14F135E8E7A126EB64CAD4B6
:100E4C00CF58D98ACCDBB2783828E26B3BAB899986
:100E5C00D0CF434DD34C28BF27BF78AC243C135E76
:100E6C006FC75E106C4435E298B765F19B340E0386
:100E7C007050C4D773D3AF258720FF3684A394C496
:100E8C00A09F879AA31CEC6857EFBC7B546CD78946
:100E9C00BF081D5DBC8B76AF487826BC4BFB4D4E16
:100EAC00DE8EBD20DD0DD6D229FE86C12A7DED3326
:100EBC00C11927E7C29A4C1536691C0635EA77F436
:100ECC0011D664AA12550F58E6A65F4BE52534B926
:100EDC000E41FE6D0DC2959FF931C58CFAB2AE7EF6
:100EEC00B149E330B2CA88C24639D8D145BAB32326
:100EFC00AEDE79F7AD5D120559AE42165A2D29E4D6
:100F0C007E113ABA7D9251488961015B8AE26AA9E5
:100F1C006186A07D6205CB8F96F69B9C9575F06ED5
:100F2C00BC1D7B41BF9E10B34B6D40A048EE2B52B5
:100F3C00A38AE186A0098A7454FADA675779B195C5
:100F4C007345A2CB70C6C9398435992A87B6F2D8B5
:100F5C006CD2380C6F5153FE9BA203ED9821681F85
:100F6C00D3DA2551D0594EA324AA1EB02729754295
:100F7C00CC4DBF96CFCED4643B3D847738BEEF8545
:100F8C001C82FCDB1F019729EBF2C73AE871ACC855
:100F9C000315661C00960DEEF4655DFDF7E6360F45
:100FAC006293C6616110AD9395E3FD809660967275
:100FBC007D045CA67E8737548A74674789F70CB525
:100FCC00ADCB1FEBAE4874195ABB240A59384FF8F5
:100FDC00B25C852CB1DFEEDE452CBECD46AFD53FE5
:100FEC000D5498710ED7F383FA24A390F9A7C86215
:100FFC0012C302B611406944E5B33957E63052A525
:10100C00C20C41FBC18F2A09357C7A1A36FF11E8D4
:10101C00DD9BDB3CDE18B0CE2AEBE0DD29688B2FA4
:10102C00783BF6827BB89D708F4BCD638CC8A691B4
:10103C0067AC6C45642F07B790DC57A4935F3C56A4
:10104C00B7632F08B4E044FA401314E943907F1BB4
:10105C00A8F4B5CFAB77DE3D5F848E2E5C07E5DC64
:10106C0017FCA892147FC360E08C9373E30FF88194
:10107C00086B32550BE859A7FF1B09B4FC98624664
:10108C00D8A47118DB271AEA2FD44AF92C57210B54
:10109C00C733EBDFC4B0802D3043D03E33C0BBCC64
:1010AC00A6B54BA2A536205051C5704352461BB174
:1010BC00B922D165BAA1BA974E52EA844DD1817644
:1010CC0069ED92286A6EF9DA9E9DA9C99D1EC23BF4
:1010DC00767A08EF75F9631D810A330E828958FC04
:1010EC00C97215B2CAF17E403E022E533D8145A114
:1010FC00D6E58F75D566E4872195B4942216DF6604
:10110C00062ACC3805A9A7CAF15AF7D9F2D99C2BD3
:10111C0019BD56FF1A3E3D0DEECD6D1EED4E06EC83
:10112C00C4268DC3C7A5E6313356B62230D5DDD0E3
:10113C00DBB11704D8327CF62CC12CE52F424717B3
:10114C000B7E544908FD3FBBFC0E6FA8FF8D045A63
:10115C0014E9CE8E176AA57CE399F56FE01A9E9D73
:10116C00ABE1D3D3A862B8215C91E8325F1283C0A3
:10117C00B4764914B7F522E6430672F54085190793
:10118C0064B90A59673A61AB93C931B8904A5A4A63
:10119C007B2E909E78ADFB6C8C5EAB7F8FDDC08D13
:1011AC001AA830E3192B5B11EDD80B02EE5B60F043
:1011BC00053FAA2406BCC1D6F24F91C5F1CCFA3733
:1011CC00D5F0E969D673829B2280D2882103B97A43
:1011DC00CA6773AEC9E4185C3D17484F3E9423BDF3
:1011EC00756F6EF376EC0501821F5512819C3EE003
:1011FC006AF8F434697B9FC69D88CFD59E0BA427D3
:10120C00BA37B779B9B4DC8B4D478C984EC4E76AC2
:10121C00A5A02DBEA623464C52D0165F51537DADD2
:08122C00640000007D000000D9
:101234007016F0FF1C19F0FFACE100007C28F0FFF1
:101244009C28F0FF7CAF00001C19F0FF7C28F0FF05
:04125400E95000005D
:101258009CAF0000ACE100004A6000007CAF0000D9
:08126800CC220000E950000057
:101270007738F0FF000000000000000000000000D0
:10128000000000000000000000000000000000005E
:10129000000000000000000000000000000000004E
:1012A000000000000000000000000000000000003E
:1012B0007B38F0FF000000008D38F0FF00000000D8
:1012C000000000009F38F0FF00000000B138F0FF80
:1012D0000000000000000000C338F0FFD538F0FF28
:1012E000E738F0FFF938F0FF0B39F0FF1D39F0FF58
:1012F00000000000000000002F39F0FF4139F0FF2E
:1013000000000000000000005339F0FF6539F0FFD5
:1013100000000000000000000000000000000000CD
:1013200000000000000000000000000000000000BD
:1013300000000000000000000000000000000000AD
:101340007739F0FF8939F0FF00000000000000004D
:10135000000000000000000000000000000000008D
:101360009B39F0FFAD39F0FF0000000000000000E5
:10137000BF39F0FFD139F0FFE339F0FFF539F0FF65
:10138000073AF0FF193AF0FF2B3AF0FF3D3AF0FF31
:101390004F3AF0FF613AF0FF733AF0FF853AF0FF01
:1013A000973AF0FFA93AF0FFBB3AF0FFCD3AF0FFD1
:1013B000000000000000000000000000000000002D
:1013C000DF3AF0FFF13AF0FF033BF0FF113BF0FF93
:1013D000133BF0FF253BF0FF373BF0FF0000000020
:1013E000000000000000000000000000493BF0FF8A
:1013F0005B3BF0FF00000000000000000000000068
:101400006D3BF0FF7F3BF0FF913BF0FFA33BF0FF14
:101410000000000000000000B53BF0FF00000000ED
:101420000000000000000000C33BF0FFD53BF0FFD0
:10143000E73BF0FF00000000F93BF0FF0B3CF0FF42
:101440001D3CF0FF2F3CF0FF0000000000000000FA
:10145000413CF0FF4F3CF0FF613CF0FF6F3CF0FF80
:10146000813CF0FF933CF0FF000000000000000012
:10147000A53CF0FFB73CF0FFC93CF0FF00000000C6
:10148000DB3CF0FFED3CF0FFFF3CF0FF0000000014
:10149000113DF0FF233DF0FF353DF0FF000000005F
:1014A000000000000000000000000000000000003C
:1014B0000000000000000000473DF0FF593DF0FF34
:1014C0006B3DF0FF7D3DF0FF8F3DF0FFA13DF0FF54
:1014D000B33DF0FFC53DF0FFD73DF0FFE93DF0FF24
:1014E000FB3DF0FF0D3EF0FF1F3EF0FF313EF0FFF1
:1014F000433EF0FF553EF0FF673EF0FF793EF0FFC0
:101500008B3EF0FF9D3EF0FFAF3EF0FFC13EF0FF8F
:10151000D33EF0FFE53EF0FFF73EF0FF053FF0FF62
:10152000173FF0FF293FF0FF373FF0FF493FF0FF43
:101530005B3FF0FF6D3FF0FF7F3FF0FF913FF0FF1B
:10154000A33FF0FFB53FF0FFC73FF0FFD93FF0FFEB
:10155000EB3FF0FFFD3FF0FF000000000000000047
:10156000000000000000000000000000000000007B
:10157000000000000000000000000000000000006B
:10158000000000000000000000000000000000005B
:10159000000000000000000000000000000000004B
:1015A000000000000000000000000000000000003B
:1015B0000F40F0FF2140F0FF3340F0FF4540F0FFC7
:1015C0005740F0FF6940F0FF7B40F0FF8D40F0FF97
:1015D0009F40F0FFB140F0FFC340F0FFD540F0FF67
:1015E000E740F0FFF940F0FF0B41F0FF1D41F0FF35
:1015F0002F41F0FF4141F0FF5341F0FF6541F0FF03
:101600007741F0FF8941F0FF9B41F0FFAD41F0FFD2
:10161000BF41F0FFD141F0FFE341F0FFF541F0FFA2
:101620000742F0FF1942F0FF2B42F0FF3D42F0FF6E
:101630004F42F0FF6142F0FF7342F0FF8542F0FF3E
:101640009742F0FFA942F0FFBB42F0FFCD42F0FF0E
:10165000DF42F0FFF142F0FF0343F0FF1543F0FFDC
:101660002743F0FF3943F0FF4743F0FF5943F0FFB2
:101670009CAF00000000000000000000000000001F
:10168000000000000000000000000000000000005A
:10169000000000000000000014130000DC13000034
:1016A000A41400006C1500008C180000AC1B000096
:1016B000000000000000000000000000000000002A
:1016C000000000000000000000000000000000001A
:1016D00000000000000000000000000000007E008C
:1016E00000007E000000000000000000000000007C
:1016F00000000000000000000000000000000000EA
:1017000000000000000000000000000000000000D9
:1017100000000000000000000000000000000000C9
:1017200000000000000000007F3E00006400000098
:1017300000000000A40000005200000000000000B3
:101740000000000000000000000000000000000099
:101750000000000000000000000000000000000089
:101760000000000000000000000000000000000079
:101770000000000000000000000000000000000069
:1017800000000000FEFFFFFF00000000010000005D
:10179000010000004D61696E4C6F6F700000000029
:1017A00001000000010000004472697665720000CB
:1017B0000000000001000000010000004472697692
:1017C000657242616C000000010000000100000031
:1017D00054726163696E6700000000000100000040
:1017E00001000000436D6449660000000000000035
:1017F0000100000001000000506C666D4661756CD0
:101800007400000001000000010000004170704100
:101810006363000000000000010000000100000000
:10182000436F6D58636F6D00000000000100000001
:1018300001000000506C666D446C696E6B00000026
:101840000100000001000000506C666D4C656400F2
:10185000000000000100000001000000506C666DF7
:101860005379736462000000010000000100000071
:10187000506C666D53797374656D00000100000053
:1018800001000000506C666D566D6F6E0000000028
:101890000100000001000000417070416370000011
:1018A00000000000010000000100000041707041D4
:1018B0006363000000000000010000000100000060
:1018C00041707044737300000000000001000000CC
:1018D0000100000043666745715264720000000019
:1018E0000100000001000000436667416472526419
:1018F000720000000100000001000000436F6D4312
:10190000616E000000000000010000000100000006
:0C19100054657374427574746F6E0000AF
:10191C0000000101000000010100000000000000B7
:10192C000020010702000000000000000100000080
:10193C00000000000000000000000080000001001A
:10194C00010000000001010000017D7C7C7C7C7B9F
:10195C007B7B7B7A7A7A7A7A7979797978787878E4
:10196C00777777777776767676767575757575740D
:10197C007474747473737373737272727272717130
:10198C007171717070707070706F6F6F6F6F6E6E51
:10199C006E6E6E6E6D6D6D6D6D6D6C6C6C6C6C6C6D
:1019AC006B6B6B6B6B6B6A6A6A6A6A6A6A69696988
:1019BC00696969686868686868686767676767679E
:1019CC0067666666666666666565656565656565B2
:1019DC0064646464646464636363636363636362C5
:1019EC0062626262626262616161616161616160D5
:1019FC0060606060606060605F5F5F5F5F5F5F5FE3
:101A0C005F5E5E5E5E5E5E5E5E5E5D5D5D5D5D5DEF
:101A1C005D5D5D5C5C5C5C5C5C5C5C5C5C5B5B5BFA
:101A2C005B5B5B5B5B5B5B5A5A5A5A5A5A5A5A5A03
:101A3C005A5959595959595959595959585858580D
:101A4C005858585858585857575757575757575713
:101A5C00575756565656565656565656565555551B
:101A6C005555555555555555555454545454545421
:101A7C005454545454535353535353535353535325
:101A8C00535352525252525252525252525251512A
:101A9C00515151515151515151515151505050502E
:101AAC005050505050505050504F4F4F4F4F4F4F31
:101ABC004F4F4F4F4F4F4F4E4E4E4E4E4E4E4E4E33
:101ACC004E4E4E4E4E4D4D4D4D4D4D4D4D4D4D4D35
:101ADC004D4D4D4D4C4C4C4C4C4C4C4C4C4C4C4C36
:101AEC004C4C4C4B4B4B4B4B4B4B4B4B4B4B4B4B37
:101AFC004B4B4B4A4A4A4A4A4A4A4A4A4A4A4A4A37
:101B0C004A4A4A4949494949494949494949494936
:101B1C004949494848484848484848484848484836
:101B2C004848484747474747474747474747474736
:101B3C004747474747464646464646464646464634
:101B4C004646464646464545454545454545454533
:101B5C004545454545454545444444444444444431
:101B6C00444444444444444444444443434343432E
:101B7C00434343434343434343434343434342422B
:101B8C004242424242424242424242424242424229
:101B9C004241414141414141414141414141414128
:101BAC004141414141404040404040404040404024
:101BBC00404040404040404040403F3F3F3F3F3F1F
:101BCC003F3F3F3F3F3F3F3F3F3F3F3F3F3F3F3E1A
:101BDC003E3E3E3E3E3E3E3E3E3E3E3E3E3E3E3E19
:101BEC003E3E3E3E3E3D3D3D3D3D3D3D3D3D3D3D14
:101BFC003D3D3D3D3D3D3D3D3D3D3D3C3C3C3C3C0E
:101C0C003C3C3C3C3C3C3C3C3C3C3C3C3C3C3C3C08
:101C1C003C3C3B3B3B3B3B3B3B3B3B3B3B3B3B3B06
:101C2C003B3B3B3B3B3B3B3B3B3B3A3A3A3A3A3AFE
:101C3C003A3A3A3A3A3A3A3A3A3A3A3A3A3A3A3AF8
:101C4C003A3A3939393939393939393939393939F6
:101C5C0039393939393939393939393838383838ED
:101C6C0038383838383838383838383838383838E8
:101C7C0038383838373737373737373737373737E4
:101C8C0037373737373737373737373737373636DA
:101C9C0036363636363636363636363636363636D8
:101CAC0036363636363636363635353535353535CF
:101CBC0035353535353535353535353535353535C8
:101CCC0035353535353434343434343434343434C3
:101CDC0034343434343434343434343434343434B8
:101CEC0034333333333333333333333333333333B7
:101CFC0033333333333333333333333333323232AB
:101D0C0032323232323232323232323232323232A7
:101D1C00323232323232323232323131313131319D
:101D2C003131313131313131313131313131313197
:101D3C00313131313131313130303030303030308F
:101D4C003030303030303030303030303030303087
:101D5C003030303030302F2F2F2F2F2F2F2F2F2F81
:101D6C002F2F2F2F2F2F2F2F2F2F2F2F2F2F2F2F77
:101D7C002F2F2F2F2F2E2E2E2E2E2E2E2E2E2E2E72
:101D8C002E2E2E2E2E2E2E2E2E2E2E2E2E2E2E2E67
:101D9C002E2E2E2E2D2D2D2D2D2D2D2D2D2D2D2D63
:101DAC002D2D2D2D2D2D2D2D2D2D2D2D2D2D2D2D57
:101DBC002D2D2D2D2C2C2C2C2C2C2C2C2C2C2C2C53
:101DCC002C2C2C2C2C2C2C2C2C2C2C2C2C2C2C2C47
:101DDC002C2C2C2C2B2B2B2B2B2B2B2B2B2B2B2B43
:101DEC002B2B2B2B2B2B2B2B2B2B2B2B2B2B2B2B37
:101DFC002B2B2B2B2B2A2A2A2A2A2A2A2A2A2A2A32
:101E0C002A2A2A2A2A2A2A2A2A2A2A2A2A2A2A2A26
:101E1C002A2A2A2A2A2A2929292929292929292920
:101E2C002929292929292929292929292929292916
:101E3C00292929292929292828282828282828280F
:101E4C002828282828282828282828282828282806
:101E5C0028282828282828282827272727272727FD
:101E6C0027272727272727272727272727272727F6
:101E7C0027272727272727272727272726262626EA
:101E8C0026262626262626262626262626262626E6
:101E9C0026262626262626262626262626262625D7
:101EAC0025252525252525252525252525252525D6
:101EBC0025252525252525252525252525252525C6
:101ECC0025252524242424242424242424242424C3
:101EDC0024242424242424242424242424242424B6
:101EEC0024242424242424232323232323232323AF
:101EFC0023232323232323232323232323232323A6
:101F0C002323232323232323232323232222222299
:101F1C002222222222222222222222222222222295
:101F2C002222222222222222222222222222222285
:101F3C002222212121212121212121212121212183
:101F4C002121212121212121212121212121212175
:101F5C00212121212121212120202020202020206D
:101F6C002020202020202020202020202020202065
:101F7C002020202020202020202020202020201F56
:101F8C001F1F1F1F1F1F1F1F1F1F1F1F1F1F1F1F55
:101F9C001F1F1F1F1F1F1F1F1F1F1F1F1F1F1F1F45
:101FAC001F1F1F1F1F1F1F1E1E1E1E1E1E1E1E1E3E
:101FBC001E1E1E1E1E1E1E1E1E1E1E1E1E1E1E1E35
:101FCC001E1E1E1E1E1E1E1E1E1E1E1E1E1E1E1E25
:101FDC001D1D1D1D1D1D1D1D1D1D1D1D1D1D1D1D25
:101FEC001D1D1D1D1D1D1D1D1D1D1D1D1D1D1D1D15
:101FFC001D1D1D1D1D1D1D1D1D1D1C1C1C1C1C1C0B
:10200C001C1C1C1C1C1C1C1C1C1C1C1C1C1C1C1C04
:10201C001C1C1C1C1C1C1C1C1C1C1C1C1C1C1C1CF4
:10202C001C1C1C1C1B1B1B1B1B1B1B1B1B1B1B1BF0
:10203C001B1B1B1B1B1B1B1B1B1B1B1B1B1B1B1BE4
:10204C001B1B1B1B1B1B1B1B1B1B1B1B1B1B1B1AD5
:10205C001A1A1A1A1A1A1A1A1A1A1A1A1A1A1A1AD4
:10206C001A1A1A1A1A1A1A1A1A1A1A1A1A1A1A1AC4
:10207C001A1A1A1A1A1A1A1A1A1A191919191919BA
:10208C0019191919191919191919191919191919B4
:10209C0019191919191919191919191919191919A4
:1020AC00191919191918181818181818181818189F
:1020BC001818181818181818181818181818181894
:1020CC001818181818181818181818181818181884
:1020DC001817171717171717171717171717171783
:1020EC001717171717171717171717171717171774
:1020FC001717171717171717171717171616161668
:10210C001616161616161616161616161616161663
:10211C001616161616161616161616161616161653
:10212C00161616161616161515151515151515154C
:10213C001515151515151515151515151515151543
:10214C001515151515151515151515151515151533
:10215C001515141414141414141414141414141431
:10216C001414141414141414141414141414141423
:10217C001414141414141414141414141413131316
:10218C001313131313131313131313131313131313
:10219C001313131313131313131313131313131303
:1021AC0013131313131313121212121212121212FC
:1021BC0012121212121212121212121212121212F3
:1021CC0012121212121212121212121212121212E3
:1021DC0011111111111111111111111111111111E3
:1021EC0011111111111111111111111111111111D3
:1021FC0011111111111111111111101010101010C9
:10220C0010101010101010101010101010101010C2
:10221C0010101010101010101010101010101010B2
:10222C001010100F0F0F0F0F0F0F0F0F0F0F0F0FAF
:10223C000F0F0F0F0F0F0F0F0F0F0F0F0F0F0F0FA2
:10224C000F0F0F0F0F0F0F0F0F0F0F0E0E0E0E0E97
:10225C000E0E0E0E0E0E0E0E0E0E0E0E0E0E0E0E92
:10226C000E0E0E0E0E0E0E0E0E0E0E0E0E0E0E0E82
:10227C000E0E0E0D0D0D0D0D0D0D0D0D0D0D0D0D7F
:10228C000D0D0D0D0D0D0D0D0D0D0D0D0D0D0D0D72
:10229C000D0D0D0D0D0D0D0D0D0D0D0C0C0C0C0C67
:1022AC000C0C0C0C0C0C0C0C0C0C0C0C0C0C0C0C62
:1022BC000C0C0C0C0C0C0C0C0C0C0C0C0C0C0C0C52
:1022CC000C0C0C0B0B0B0B0B0B0B0B0B0B0B0B0B4F
:1022DC000B0B0B0B0B0B0B0B0B0B0B0B0B0B0B0B42
:1022EC000B0B0B0B0B0B0B0B0B0B0B0A0A0A0A0A37
:1022FC000A0A0A0A0A0A0A0A0A0A0A0A0A0A0A0A32
:10230C000A0A0A0A0A0A0A0A0A0A0A0A0A0A0A0A21
:10231C000A0A0A0A0909090909090909090909091D
:10232C000909090909090909090909090909090911
:10233C000909090909090909090909090808080805
:10234C000808080808080808080808080808080801
:10235C0008080808080808080808080808080808F1
:10236C0008080808070707070707070707070707ED
:10237C0007070707070707070707070707070707E1
:10238C0007070707070707070707070706060606D5
:10239C0006060606060606060606060606060606D1
:1023AC0006060606060606060606060606060606C1
:1023BC0006060606060505050505050505050505BC
:1023CC0005050505050505050505050505050505B1
:1023DC0005050505050505050505050505050404A3
:1023EC0004040404040404040404040404040404A1
:1023FC000404040404040404040404040404040491
:10240C000404040404040403030303030303030389
:10241C000303030303030303030303030303030380
:10242C000303030303030303030303030303030271
:10243C000202020202020202020202020202020270
:10244C000202020202020202020202020202020260
:10245C000202020202020201010101010101010159
:10246C000101010101010101010101010101010150
:10247C000101010101010101010101010101010041
:10248C000000000000000000000000000000000040
:10249C000000000000000000000000000000000030
:1024AC000000000000000000000000000000000020
:1024BC000000000000000000000000000000000010
:1024CC00000000000000000000000000FFFFFFFF04
:1024DC00FFFFFFFFFFFFFFFFFFFFFFFFFFFFFFFF00
:1024EC00FFFFFFFFFFFFFFFFFFFFFFFFFFFFFFFFF0
:1024FC00FFFEFEFEFEFEFEFEFEFEFEFEFEFEFEFEEF
:10250C00FEFEFEFEFEFEFEFEFEFEFEFEFEFEFEFEDF
:10251C00FEFEFEFEFDFDFDFDFDFDFDFDFDFDFDFDDB
:10252C00FDFDFDFDFDFDFDFDFDFDFDFDFDFDFDFDCF
:10253C00FDFDFDFDFDFDFDFCFCFCFCFCFCFCFCFCC8
:10254C00FCFCFCFCFCFCFCFCFCFCFCFCFCFCFCFCBF
:10255C00FCFCFCFCFCFCFCFCFBFBFBFBFBFBFBFBB7
:10256C00FBFBFBFBFBFBFBFBFBFBFBFBFBFBFBFBAF
:10257C00FBFBFBFBFBFBFBFBFAFAFAFAFAFAFAFAA7
:10258C00FAFAFAFAFAFAFAFAFAFAFAFAFAFAFAFA9F
:10259C00FAFAFAFAFAFAFAF9F9F9F9F9F9F9F9F998
:1025AC00F9F9F9F9F9F9F9F9F9F9F9F9F9F9F9F98F
:1025BC00F9F9F9F9F9F8F8F8F8F8F8F8F8F8F8F88A
:1025CC00F8F8F8F8F8F8F8F8F8F8F8F8F8F8F8F87F
:1025DC00F8F7F7F7F7F7F7F7F7F7F7F7F7F7F7F77E
:1025EC00F7F7F7F7F7F7F7F7F7F7F7F7F7F6F6F672
:1025FC00F6F6F6F6F6F6F6F6F6F6F6F6F6F6F6F66F
:10260C00F6F6F6F6F6F6F6F6F5F5F5F5F5F5F5F566
:10261C00F5F5F5F5F5F5F5F5F5F5F5F5F5F5F5F55E
:10262C00F5F5F4F4F4F4F4F4F4F4F4F4F4F4F4F45C
:10263C00F4F4F4F4F4F4F4F4F4F4F4F4F3F3F3F352
:10264C00F3F3F3F3F3F3F3F3F3F3F3F3F3F3F3F34E
:10265C00F3F3F3F3F3F2F2F2F2F2F2F2F2F2F2F249
:10266C00F2F2F2F2F2F2F2F2F2F2F2F2F2F2F1F140
:10267C00F1F1F1F1F1F1F1F1F1F1F1F1F1F1F1F13E
:10268C00F1F1F1F1F1F1F0F0F0F0F0F0F0F0F0F038
:10269C00F0F0F0F0F0F0F0F0F0F0F0F0F0EFEFEF31
:1026AC00EFEFEFEFEFEFEFEFEFEFEFEFEFEFEFEF2E
:1026BC00EFEFEFEFEEEEEEEEEEEEEEEEEEEEEEEE2A
:1026CC00EEEEEEEEEEEEEEEEEEEEEEEDEDEDEDED23
:1026DC00EDEDEDEDEDEDEDEDEDEDEDEDEDEDEDED1E
:1026EC00EDECECECECECECECECECECECECECECEC1D
:1026FC00ECECECECECECEBEBEBEBEBEBEBEBEBEB18
:10270C00EBEBEBEBEBEBEBEBEBEBEBEAEAEAEAEA12
:10271C00EAEAEAEAEAEAEAEAEAEAEAEAEAEAEAEA0D
:10272C00E9E9E9E9E9E9E9E9E9E9E9E9E9E9E9E90D
:10273C00E9E9E9E9E8E8E8E8E8E8E8E8E8E8E8E809
:10274C00E8E8E8E8E8E8E8E7E7E7E7E7E7E7E7E706
:10275C00E7E7E7E7E7E7E7E7E7E6E6E6E6E6E6E604
:10276C00E6E6E6E6E6E6E6E6E6E6E6E5E5E5E5E502
:10277C00E5E5E5E5E5E5E5E5E5E5E5E5E4E4E4E401
:10278C00E4E4E4E4E4E4E4E4E4E4E4E4E3E3E3E301
:10279C00E3E3E3E3E3E3E3E3E3E3E3E2E2E2E2E202
:1027AC00E2E2E2E2E2E2E2E2E2E1E1E1E1E1E1E104
:1027BC00E1E1E1E1E1E1E1E0E0E0E0E0E0E0E0E006
:1027CC00E0E0E0DFDFDFDFDFDFDFDFDFDFDFDFDE0B
:1027DC00DEDEDEDEDEDEDEDEDEDEDEDDDDDDDDDD12
:1027EC00DDDDDDDDDDDCDCDCDCDCDCDCDCDCDCDB19
:1027FC00DBDBDBDBDBDBDBDBDBDADADADADADADA24
:10280C00DADAD9D9D9D9D9D9D9D9D8D8D8D8D8D830
:10281C00D8D8D8D7D7D7D7D7D7D7D6D6D6D6D6D63F
:10282C00D6D6D5D5D5D5D5D5D5D4D4D4D4D4D4D352
:10283C00D3D3D3D3D3D3D2D2D2D2D2D2D1D1D1D16A
:10284C00D1D1D0D0D0D0D0D0CFCFCFCFCFCECECE85
:10285C00CECECECDCDCDCDCDCCCCCCCCCCCBCBCBA4
:10286C00CBCACACACACAC9C9C9C900000000010179
:10287C00000000000000FFFF00000000FFFFFFFF52
:10288C0000000000000000000000FF00000000003D
:10289C006C017501990104013801EB00D20036007E
:0628AC0002009E006A001C
:1028B4005461736B204C6F6720616374696F6E2081
:1028C4006D69736D617463683A2023005461736B9E
:1028D400204C6F67204944206D69736D617463688F
:1028E4003A202300496E697469616C2068617264DE
:1028F400776172652074657374206661696C6564C0
:1029040000564D61696E20566F6C74616765204F87
:102914004B00564D61696E20566F6C74616765207B
:102924004E4F54204F4B00566F6C746167652045C1
:1029340072726F7220537461727475703A2000520F
:102944006573657420526561736F6E3A20000000F0
:102954003A206D65616E56616C75655531200020B5
:102964002D2072616E6765205531200043414E2051
:1029740073656E64206572726F723A20004F55540D
:102984005F43414E5F446174613A00636F6D43611C
:102994006E5F70726F63657373496E636F6D696E9A
:1029A4006743616E4D657373616765733A20496E61
:1029B40076616C6964204D736720286265666F7266
:1029C400652078436F6D70293A20002000434F4DF5
:1029D40043414E5F4D49445F434D445F4346475F27
:1029E4004D4F44455F4143544956452066726F6DCF
:1029F4002049443A2000434F4D43414E5F4D4944E2
:102A04005F434D445F4346475F4143502066726FC6
:102A14006D2049443A2000434F4D43414E5F4D4998
:102A2400445F434D445F4346475F5046494C5445D9
:102A3400522066726F6D2049443A2000434F4D4343
:102A4400414E5F4D49445F434D445F4346475F4DAC
:102A5400494E5F50554C53455F4C454E2066726F4E
:102A64006D2049443A2000434F4D43414E5F4D4948
:102A7400445F434D445F4346475F474C4F42414C9C
:102A84005F4352432066726F6D2049443A200043ED
:102A94004F4D43414E5F4D49445F434D445F434670
:102AA400475F4D4F44455F44454143544956452093
:102AB40066726F6D2049443A2000434F4D43414EA6
:102AC4005F4D49445F494E464F5F524551206672FF
:102AD4006F6D2049443A2000434F4D43414E5F4DB2
:102AE40049445F494E464F5F4457535F54455354DE
:102AF4005F5245512066726F6D2049443A20004967
:102B04004E5F43414E5F556E6B6E6F776E5F4D73D4
:102B140067547970653A2000434F4D43414E5F4DF1
:102B240049445F4552524F525F4143502066726F91
:102B34006D2049443A2000434F4D43414E5F4D4977
:102B4400445F5354415455535F4143502066726F60
:102B54006D2049443A2000434F4D43414E5F4D4957
:102B6400445F50554C53455F4143502066726F6D2E
:102B74002049443A2000434F4D43414E5F4D494460
:102B84005F494E464F5F474C4F42414C5F4352436F
:102B94005F415A422066726F6D2049443A200043D7
:102BA4004F4D43414E5F4D415F524553465245514F
:102BB4005F43414C4942524154452066726F6D2037
:102BC40049443A2000434F4D43414E5F4D49445FD1
:102BD40044454255475F5345545F54485245534812
:102BE4004F4C442066726F6D2049443A2000494E90
:102BF4005F43414E5F49443A00494E5F43414E5F53
:102C0400446174613A00636F6D43616E5F70726F0B
:102C140063657373496E636F6D696E6743616E4D6F
:102C2400657373616765733A20496E76616C696494
:102C3400204D7367202861667465722078436F6D38
:102C44007029006D6F6E69746F72696E6745727278
:102C54006F723A20002C207361766564566F6C7431
:102C64006167654572726F723A2000737973746597
:102C74006D4572726F723A20002C20736176656420
:102C840053797374656D4572726F723A2000000057
:102C9400436F6E6669674D696E50756C73654C65FC
:102CA4006E6774682063616E6E6F7420626520695C
:102CB4006E7465727072657465642C2043414E496C
:102CC400443A00436F6E66696750756C7365466974
:102CD4006C7465722063616E6E6F74206265206926
:102CE4006E7465727072657465642C2043414E493C
:102CF400443A00496E666F5265717565737420635A
:102D0400616E6E6F7420626520696E746572707294
:102D1400657465642C2043414E49443A004457533A
:102D240054657374526571756573742063616E6E56
:102D34006F7420626520696E746572707265746563
:102D4400642C2043414E49443A00000043414E2D37
:102D54005852696E6742756666657220EFBFBD6240
:102D640065726C6175662066EFBFBD722049443A96
:102D74002000636F6D5F5843616E5F72656D6F769F
:102D8400654578706972656443616E4D7367734617
:102D9400726F6D58566563746F72206D73673A0075
:102DA4006375727254696D655374616D702D7845E5
:102DB4006C656D656E742D3E74696D655374616DDB
:102DC40070203D20005350492D5852696E6742755A
:102DD4006666657220EFBFBD6265726C61756620C0
:102DE40066EFBFBD722049443A2000636F6D5F589F
:102DF40043616E5F72656D6F766545787069726563
:102E0400645370694D73677346726F6D585665638A
:102E1400746F72206D73673A00636F6D5F5843611E
:102E24006E5F72656D6F76654F62736F6C65746506
:102E34004D73677346726F6D58566563746F723A5B
:102E44002063616E20736964652043414E2D4944BB
:102E54003A00636F6D5F5843616E5F72656D6F76A4
:102E6400654F62736F6C6574654D73677346726FFB
:102E74006D58566563746F72206D73673A00636FA3
:102E84006D5F5843616E5F72656D6F76654F6273F7
:102E94006F6C6574654D73677346726F6D585665D4
:102EA40063746F723A207370692073696465204398
:102EB400414E2D49443A0073796E63686564206D10
:102EC400736700494E5F43414E5F556E6B6E6F777B
:102ED4006E5F4D7367547970653A2000636F6D5867
:102EE400636F6D5F73796E6343616E4D73677320B7
:102EF4006572726F7200636F6D58636F6D5F70659A
:102F040072666F726D436865636B496E7465726E49
:102F1400616C416370446174613A206D69736D61E1
:102F24007463686564206F63637570616E637900B0
:102F3400636F6D58636F6D5F706572666F726D431A
:102F44006865636B496E7465726E616C416370444D
:102F54006174613A206D69736D617463686564209E
:102F64006973416370446973747572626564006364
:102F74006F6D58636F6D5F706572666F726D4368D5
:102F840065636B496E7465726E616C416370446114
:102F940074613A206D69736D61746368656420645B
:102FA4006972656374696F6E00636F6D58636F6DEA
:102FB4005F706572666F726D436865636B496E74AA
:102FC40065726E616C416370446174613A206D692D
:102FD400736D6174636865642061786C6520636FE8
:102FE400756E74657200636F6D58636F6D5F7065A5
:102FF40072666F726D436865636B496E7465726E59
:10300400616C416370446174613A206D69736D61F0
:103014007463686564207370635379733100636FFC
:103024006D58636F6D5F706572666F726D4368652E
:10303400636B496E7465726E616C41637044617454
:10304400613A206D69736D6174636865642073709F
:10305400635379733200636F6D58636F6D5F70658E
:1030640072666F726D436865636B496E7465726EE8
:10307400616C416370446174613A206D69736D6180
:103084007463686564206572726F72636E742E2057
:103094006F776E206D61736B3A0020706565723ACC
:1030A40000636F6D58636F6D5F706572666F726DEC
:1030B400436865636B496E7465726E616C416370DD
:1030C400446174613A206D69736D61746368656409
:1030D40020776865656C5061737354696D657374AA
:1030E400616D700057726F6E67207061636B6574F9
:1030F40020747970652E2052656365697665642055
:10310400004D69736D61746368696E6720686561F9
:10311400646572204352432E20457870656374655C
:103124006420002C20726563656976656420005311
:10313400657175656E6365206572726F722C2065AA
:1031440078706563746564200053657175656E639A
:103154006520726573796E6320746F3A20000000F5
:1031640043416E305F5258305F49525148616E643A
:103174006C657220286669666F206C6F7374206DAD
:1031840065737361676520626974290043414E3138
:103194005F5343455F49525148616E646C657220C8
:1031A400284572726F72205761726E696E6720468D
:1031B4006C6167290043414E315F5343455F495277
:1031C4005148616E646C657220284572726F72207A
:1031D4005061737369766520466C616729004341C9
:1031E4004E315F5343455F49525148616E646C658B
:1031F4007220284275732D4F666620466C616729DC
:103204000043414E205472616E736D69742042759F
:10321400666665722046756C6C0000005350492048
:1032240053594E205472616E736D697373696F6E76
:103234002054696D656F7574005350492053594E7D
:103244002050726F636573732054696D656F757474
:1032540000535049205472616E736D697373696FC2
:103264006E20536C617665205374617475732054B9
:10327400696D656F757400535049205472616E73A3
:103284006D697373696F6E20496E746572727570BF
:10329400742054696D656F757400535049205472DD
:1032A400616E736D697373696F6E2054696D656FB8
:1032B400757400004E6577204D6178204350552089
:1032C40074696D653A200000636F6E666967757294
:1032D4006174696F6E41646472657373203A20008F
:1032E400636F6E66696775726174696F6E52656348
:1032F4006F72642E636F6E6669674164647265738E
:1033040073203A2000496E636F727265637420649F
:10331400616D70696E672066696C74657220766190
:103324006C7565732000496E636F727265637420F7
:103334006E6F6973652066696C7465722076616C62
:103344007565732000496E636F7272656374206DD6
:10335400696E696D756D2070756C73652064757226
:103364006174696F6E2000496E636F727265637475
:103374002070756C736520657874656E73696F6E03
:103384002074696D652000496E636F7272656374A1
:1033940020486967682073706565642063726F7381
:1033A40073696E672074696D652000496E636F727E
:1033B4007265637420636F756E74696E67206469E7
:1033C40072656374696F6E207479706520004E6F46
:1033D40020476C6F62616C436F6E6669674372630A
:1033E4002073657400000000496E69742066756E70
:1033F4006374696F6E20656E746572656400464C13
:103404004153482076616C75657320617661696CFF
:1034140061626C6500636C61737320316120657255
:10342400726F72207265706F727465643A20006303
:103434006C6173732032206572726F7220726570D2
:103444006F727465643A2000636C61737320322078
:10345400636F756E746572207368616C6C2062654D
:103464002064656372656D656E74656400706C6676
:103474006D4661756C745F736574537461747573B0
:103484006461746162617365436F727275707465AF
:1034940064466C6167282920656E746572656400F2
:1034A4007065657220316120636F756E746572207A
:1034B40067726561746572206F776E203161206375
:1034C4006F756E746572006F776E436C61737331E0
:1034D400614572726F72436F756E7465723A200043
:1034E40070656572436C61737331614572726F729A
:1034F400436F756E7465723A200070656572203290
:1035040020636F756E74657220677265617465728D
:10351400206F776E203220636F756E746572006F52
:10352400776E436C617373324572726F72436F7559
:103534006E7465723A200070656572436C617373D2
:10354400324572726F72436F756E7465723A200001
:103554000000000000000000696E6372656D656E16
:10356400743A20636C617373203220464C41534893
:1035740020626C6F636B20657261736564006465BF
:103584006372656D656E743A20636C617373203287
:1035940020464C41534820626C6F636B2065726116
:1035A400736564006E657720636C617373203220E9
:1035B400636F756E7465723A2000436C6173733285
:1035C4004661756C7420696E616374697665206602
:1035D4006C617368207061676520657261736564EE
:1035E40000496E636F6E73697374656E7420436C07
:1035F400617373324661756C7420667265654164EB
:103604006472207265636F766572656400496E63E7
:103614006F6E73697374656E7420436C6173733277
:103624004661756C742073746F72436E7472207289
:1036340065636F766572656400000000436F6E74A5
:10364400726F6C6C65722D4368616E6E656C3A20A6
:10365400006F7074696D653A2000436F6C64537435
:103664006172747320413A2000436F6C6453746137
:1036740072747320423A20005761726D5374617200
:10368400747320413A20005761726D5374617274EF
:103694007320423A2000706C666D53797374656DC3
:1036A4005F6C65617665436F6E6669677572617498
:1036B400696F6E4D6F646552657175657374656489
:1036C4003A2063616C63756C61746564206368653A
:1036D400636B73756D3A200046616C736368657241
:1036E40020436F6E6669672D43524300706C666DAC
:1036F40053797374656D5F6C65617665436F6E664F
:10370400696775726174696F6E4D6F646552657136
:103714007565737465643A20636F6E666967206EBD
:103724006F7420706C61757369626C65206F7220B0
:103734006572726F7220696E20636F6E66696720AE
:103744006D65737361676573004E6577207374618B
:103754007469737469637320646174612073746F32
:1037640072652E00537461742041646472657373CE
:103774002057726974653A20000000006164647225
:1037840065737320696E76616C696400636F6E663D
:1037940069672043524320696E76616C69640063F3
:1037A4006F6E666967206973206E6F7420706C6138
:1037B400757369626C6500002C0073657420747203
:1037C40061636520636F6D706F6E656E74207375D1
:1037D400636365656465643A20002C2069734F6EE9
:1037E4003A002C2073657665726974793A00696EC3
:1037F40076616C696420747261636520636F6D70B7
:073804006F6E656E743A005F
:10380B006EEF6E15FB1A00500594D4006F156FEF19
:10381B007F956EEF6E15FB1A01500582D4006F1564
:10382B006FEF7F956EEF6E15FB1A02500570D4008B
:10383B006F156FEF7F956EEF6E15FB1A0350055EDC
:10384B00D4006F156FEF7F956EEF6E15FB1A04505A
:10385B00054CD4006F156FEF7F956EEF6E15FB1A4D
:10386B000550053AD4006F156FEF7F957F967F95C6
:10387B006EEF6E15FB1A07500524D4006F156FEF12
:10388B007F956EEF6E15FB1A08500512D4006F155D
:10389B006FEF7F956EEF6E15FB1A09500500D40084
:1038AB006F156FEF7F956EEF6E15FB1A0A5005EED5
:1038BB00D3006F156FEF7F956EEF6E15FB1A0B50E4
:1038CB0005DCD3006F156FEF7F956EEF6E15FB1A4E
:1038DB000C5005CAD3006F156FEF7F956EEF6E1509
:1038EB00FB1A0D5005B8D3006F156FEF7F956EEF78
:1038FB006E15FB1A0E5005A6D3006F156FEF7F9553
:10390B006EEF6E15FB1A0F500594D3006F156FEF0A
:10391B007F956EEF6E15FB1A10500582D3006F1555
:10392B006FEF7F956EEF6E15FB1A11500570D3007C
:10393B006F156FEF7F956EEF6E15FB1A1250055ECC
:10394B00D3006F156FEF7F956EEF6E15FB1A13504B
:10395B00054CD3006F156FEF7F956EEF6E15FB1A4D
:10396B001450053AD3006F156FEF7F956EEF6E1500
:10397B00FB1A15500528D3006F156FEF7F956EEF6F
:10398B006E15FB1A16500516D3006F156FEF7F954A
:10399B006EEF6E15FB1A17500504D3006F156FEF02
:1039AB007F956EEF6E15FB1A185005F2D2006F154E
:1039BB006FEF7F956EEF6E15FB1A195005E0D20075
:1039CB006F156FEF7F956EEF6E15FB1A1A5005CEC4
:1039DB00D2006F156FEF7F956EEF6E15FB1A1B50B4
:1039EB0005BCD2006F156FEF7F956EEF6E15FB1A4E
:1039FB001C5005AAD2006F156FEF7F956EEF6E15F9
:103A0B00FB1A1D500598D2006F156FEF7F956EEF67
:103A1B006E15FB1A1E500586D2006F156FEF7F9542
:103A2B006EEF6E15FB1A1F500574D2006F156FEFFA
:103A3B007F956EEF6E15FB1A20500562D2006F1545
:103A4B006FEF7F956EEF6E15FB1A21500550D2006C
:103A5B006F156FEF7F956EEF6E15FB1A2250053EBB
:103A6B00D2006F156FEF7F956EEF6E15FB1A23501B
:103A7B00052CD2006F156FEF7F956EEF6E15FB1A4D
:103A8B002450051AD2006F156FEF7F956EEF6E15F0
:103A9B00FB1A25500508D2006F156FEF7F956EEF5F
:103AAB006E15FB1A265005F6D1006F156FEF7F953B
:103ABB006EEF6E15FB1A275005E4D1006F156FEFF3
:103ACB007F956EEF6E15FB1A285005D2D1006F153E
:103ADB006FEF7F956EEF6E15FB1A295005C0D10065
:103AEB006F156FEF7F956EEF6E15FB1A2A5005AEB3
:103AFB00D1006F156FEF7F956EEF6E150599A200D4
:103B0B006F156FEF7F957F956EEF6E15FB1A2D502E
:103B1B00058CD1006F156FEF7F956EEF6E15FB1A4D
:103B2B002E50057AD1006F156FEF7F956EEF6E15E6
:103B3B00FB1A2F500568D1006F156FEF7F956EEF55
:103B4B006E15FB1A30500556D1006F156FEF7F9530
:103B5B006EEF6E15FB1A31500544D1006F156FEFE8
:103B6B007F956EEF6E15FB1A32500532D1006F1533
:103B7B006FEF7F956EEF6E15FB1A33500520D1005A
:103B8B006F156FEF7F956EEF6E15FB1A3450050EA8
:103B9B00D1006F156FEF7F956EEF6E15FB1A3550D9
:103BAB0005FCD0006F156FEF7F956EEF6E1505B8A6
:103BBB008A006F156FEF7F956EEF6E15FB1A3750FE
:103BCB0005DCD0006F156FEF7F956EEF6E15FB1A4E
:103BDB00385005CAD0006F156FEF7F956EEF6E15DD
:103BEB00FB1A395005B8D0006F156FEF7F956EEF4C
:103BFB006E15FB1A3A5005A6D0006F156FEF7F9527
:103C0B006EEF6E15FB1A3B500594D0006F156FEFDE
:103C1B007F956EEF6E15FB1A3C500582D0006F1529
:103C2B006FEF7F956EEF6E15FB1A3D500570D00050
:103C3B006F156FEF7F956EEF6E150501B7006F1562
:103C4B006FEF7F956EEF6E15FB1A3F500550D0004E
:103C5B006F156FEF7F956EEF6E1505E9B6006F155B
:103C6B006FEF7F956EEF6E15FB1A41500530D0004C
:103C7B006F156FEF7F956EEF6E15FB1A4250051E99
:103C8B00D0006F156FEF7F956EEF6E15FB1A4350DB
:103C9B00050CD0006F156FEF7F956EEF6E15FB1A4D
:103CAB00445005FACF006F156FEF7F956EEF6E15D1
:103CBB00FB1A455005E8CF006F156FEF7F956EEF40
:103CCB006E15FB1A465005D6CF006F156FEF7F951B
:103CDB006EEF6E15FB1A475005C4CF006F156FEFD3
:103CEB007F956EEF6E15FB1A485005B2CF006F151E
:103CFB006FEF7F956EEF6E15FB1A495005A0CF0045
:103D0B006F156FEF7F956EEF6E15FB1A4A50058E90
:103D1B00CF006F156FEF7F956EEF6E15FB1A4B5043
:103D2B00057CCF006F156FEF7F956EEF6E15FB1A4D
:103D3B004C50056ACF006F156FEF7F956EEF6E15C8
:103D4B00FB1A4D500558CF006F156FEF7F956EEF37
:103D5B006E15FB1A4E500546CF006F156FEF7F9512
:103D6B006EEF6E15FB1A4F500534CF006F156FEFCA
:103D7B007F956EEF6E15FB1A50500522CF006F1515
:103D8B006FEF7F956EEF6E15FB1A51500510CF003C
:103D9B006F156FEF7F956EEF6E15FB1A525005FE88
:103DAB00CE006F156FEF7F956EEF6E15FB1A5350AC
:103DBB0005ECCE006F156FEF7F956EEF6E15FB1A4E
:103DCB00545005DACE006F156FEF7F956EEF6E15C1
:103DDB00FB1A555005C8CE006F156FEF7F956EEF30
:103DEB006E15FB1A565005B6CE006F156FEF7F950B
:103DFB006EEF6E15FB1A575005A4CE006F156FEFC3
:103E0B007F956EEF6E15FB1A58500592CE006F150D
:103E1B006FEF7F956EEF6E15FB1A59500580CE0034
:103E2B006F156FEF7F956EEF6E15FB1A5A50056E7F
:103E3B00CE006F156FEF7F956EEF6E15FB1A5B5013
:103E4B00055CCE006F156FEF7F956EEF6E15FB1A4D
:103E5B005C50054ACE006F156FEF7F956EEF6E15B8
:103E6B00FB1A5D500538CE006F156FEF7F956EEF27
:103E7B006E15FB1A5E500526CE006F156FEF7F9502
:103E8B006EEF6E15FB1A5F500514CE006F156FEFBA
:103E9B007F956EEF6E15FB1A60500502CE006F1505
:103EAB006FEF7F956EEF6E15FB1A615005F0CD002D
:103EBB006F156FEF7F956EEF6E15FB1A625005DE77
:103ECB00CD006F156FEF7F956EEF6E15FB1A63507C
:103EDB0005CCCD006F156FEF7F956EEF6E15FB1A4E
:103EEB00645005BACD006F156FEF7F956EEF6E15B1
:103EFB00051986006F156FEF7F956EEF6E15FB1A28
:103F0B006650059ACD006F156FEF7F956EEF6E15AE
:103F1B00FB1A67500588CD006F156FEF7F956EEF1D
:103F2B006E1505B086006F156FEF7F956EEF6E15F2
:103F3B00FB1A69500568CD006F156FEF7F956EEF1B
:103F4B006E15FB1A6A500556CD006F156FEF7F95F6
:103F5B006EEF6E15FB1A6B500544CD006F156FEFAE
:103F6B007F956EEF6E15FB1A6C500532CD006F15F9
:103F7B006FEF7F956EEF6E15FB1A6D500520CD0020
:103F8B006F156FEF7F956EEF6E15FB1A6E50050E6A
:103F9B00CD006F156FEF7F956EEF6E15FB1A6F509F
:103FAB0005FCCC006F156FEF7F956EEF6E15FB1A4E
:103FBB00705005EACC006F156FEF7F956EEF6E15A5
:103FCB00FB1A715005D8CC006F156FEF7F956EEF14
:103FDB006E15FB1A725005C6CC006F156FEF7F95EF
:103FEB006EEF6E15FB1A735005B4CC006F156FEFA7
:103FFB007F956EEF6E15FB1A745005A2CC006F15F2
:10400B006FEF7F956EEF6E15FB1A75500590CC0018
:10401B006F156FEF7F956EEF6E15FB1A7650057E61
:10402B00CC006F156FEF7F956EEF6E15FB1A775007
:10403B00056CCC006F156FEF7F956EEF6E15FB1A4D
:10404B007850055ACC006F156FEF7F956EEF6E159C
:10405B00FB1A79500548CC006F156FEF7F956EEF0B
:10406B006E15FB1A7A500536CC006F156FEF7F95E6
:10407B006EEF6E15FB1A7B500524CC006F156FEF9E
:10408B007F956EEF6E15FB1A7C500512CC006F15E9
:10409B006FEF7F956EEF6E15FB1A7D500500CC0010
:1040AB006F156FEF7F956EEF6E15FB1A7E5005EE59
:1040BB00CB006F156FEF7F956EEF6E15FB1A7F5070
:1040CB0005DCCB006F156FEF7F956EEF6E15FB1A4E
:1040DB00805005CACB006F156FEF7F956EEF6E1595
:1040EB00FB1A815005B8CB006F156FEF7F956EEF04
:1040FB006E15FB1A825005A6CB006F156FEF7F95DF
:10410B006EEF6E15FB1A83500594CB006F156FEF96
:10411B007F956EEF6E15FB1A84500582CB006F15E1
:10412B006FEF7F956EEF6E15FB1A85500570CB0008
:10413B006F156FEF7F956EEF6E15FB1A8650055E50
:10414B00CB006F156FEF7F956EEF6E15FB1A8750D7
:10415B00054CCB006F156FEF7F956EEF6E15FB1A4D
:10416B008850053ACB006F156FEF7F956EEF6E158C
:10417B00FB1A89500528CB006F156FEF7F956EEFFB
:10418B006E15FB1A8A500516CB006F156FEF7F95D6
:10419B006EEF6E15FB1A8B500504CB006F156FEF8E
:1041AB007F956EEF6E15FB1A8C5005F2CA006F15DA
:1041BB006FEF7F956EEF6E15FB1A8D5005E0CA0001
:1041CB006F156FEF7F956EEF6E15FB1A8E5005CE48
:1041DB00CA006F156FEF7F956EEF6E15FB1A8F5040
:1041EB0005BCCA006F156FEF7F956EEF6E15FB1A4E
:1041FB00905005AACA006F156FEF7F956EEF6E1585
:10420B00FB1A91500598CA006F156FEF7F956EEFF3
:10421B006E15FB1A92500586CA006F156FEF7F95CE
:10422B006EEF6E15FB1A93500574CA006F156FEF86
:10423B007F956EEF6E15FB1A94500562CA006F15D1
:10424B006FEF7F956EEF6E15FB1A95500550CA00F8
:10425B006F156FEF7F956EEF6E15FB1A9650053E3F
:10426B00CA006F156FEF7F956EEF6E15FB1A9750A7
:10427B00052CCA006F156FEF7F956EEF6E15FB1A4D
:10428B009850051ACA006F156FEF7F956EEF6E157C
:10429B00FB1A99500508CA006F156FEF7F956EEFEB
:1042AB006E15FB1A9A5005F6C9006F156FEF7F95C7
:1042BB006EEF6E15FB1A9B5005E4C9006F156FEF7F
:1042CB007F956EEF6E15FB1A9C5005D2C9006F15CA
:1042DB006FEF7F956EEF6E15FB1A9D5005C0C900F1
:1042EB006F156FEF7F956EEF6E15FB1A9E5005AE37
:1042FB00C9006F156FEF7F956EEF6E15FB1A9F5010
:10430B00059CC9006F156FEF7F956EEF6E15FB1A4D
:10431B00A050058AC9006F156FEF7F956EEF6E1574
:10432B00FB1AA1500578C9006F156FEF7F956EEFE3
:10433B006E1505BDA4006F156FEF7F956EEF6E15B3
:10434B00FB1AA3500558C9006F156FEF7F956EEFE1
:10435B006E15FB1AA4500546C9006F156FEF7F95BC
:10436B00027100F0A0896831A081A8896471A0094D
:10437B00A8817311007208E301A809EC02FC60210B
:10438B00670460C0A081FBE2ACE100000688E1FBA2
:10439B00E29CAF000072EE000447E12507F806FF30
:1043AB002E18FBE2ACE10000E0E0FBE2ACE1000028
:1043BB00ECEF06890F02E3EFEC01A009670366122D
:1043CB00FB1A05070508A3006602FB1A050705146F
:1043DB00A1006602FB1A05070524A3006612FB1A4F
:1043EB00040705EAA2006602FB1A040705F6A00003
:1043FB006602FB1A04070506A3006612FB1A0307E5
:10440B0005CCA2006602FB1A030705D8A0006602C2
:10441B00FB1A030705E8A2006612FB1A020705AE9A
:10442B00A2006602FB1A020705BAA0006602FB1A7D
:10443B00020705CAA2006612FB1A00070590A2002C
:10444B006602FB1A0007059CA0006602FB1A000718
:10445B0005ACA2006612FB1A06070572A2006602E3
:10446B00FB1A0607057EA0006602FB1A0607058EDF
:10447B00A2000260403D0100FBE2E950000058EE53
:10448B00610E3A2C01FBE2EB50000058EE610E205E
:10449B002BFBE2EB500000F8E400FBE2EF500000D6
:1044AB00F8E400FBE2EF50000058EEFBF2200BF0BB
:1044BB00FFFE6EF105DBA400670105C3DE006101A1
:1044CB001805AE270090090F05B627009009FBE2EF
:1044DB00EF50000058EEFBF2200BF0FFFE6EFEECEF
:1044EB00FF47EFB8092025FBE27CAF000006C4E1D3
:1044FB002B22FBE2EE500000FBF2EF500000C0FE5F
:10450B00FBE27CAF0000D10E0109FBE27CAF0000A7
:10451B00D3E1FBE2EF50000058EE755E282425FB3B
:10452B00E2EF50000058EF621FC3EFFBE2EF5000C9
:10453B000058EEFBF2200BF0FFFE6EF10553A400CA
:10454B006701FBE2EE50000058EE610E200EFBE21D
:10455B00EE50000058EF601FC3EFFBE2EE5000007F
:10456B0058EEFBF2200BF0FFFE6EF10524A400FBCE
:10457B00E2EE50000058E105F0FC0005C5FA00FB27
:10458B00E2E9500000F8E400FBE2EB500000F8E435
:10459B0001FBE2EF500000F8E400FBE27CAF00000F
:1045AB00F8E500FBE2EE500000F8E400670167015C
:1045BB0060403D0100FBE2EA50000058EE610E3A0C
:1045CB00D200FBE2EC50000058EE610E2021FBE222
:1045DB00EC500000F8E400FBE2ED500000F8E400C2
:1045EB00FBE2ED50000058E139AB0067010590DDAF
:1045FB0000610118057B260090090F0583260090AA
:10460B0009FBE2ED50000058EE610EB8092027FBC4
:10461B00E27EAF000006C4E12B24FBE2ED5000006C
:10462B0058EEFBF2B0E10000E3FEFBE27EAF0000D0
:10463B00D10E0109FBE27EAF0000D3E1FBE2ED50AE
:10464B00000058EE755E1E241BFBE2ED5000005877
:10465B00EF621FC3EFFBE2ED50000058E13936006B
:10466B006701FBE2EA500000F8E400FBE2EC5000CB
:10467B0000F8E401FBE2B0E1000058E1391700FB60
:10468B00E2B0E100005CE10524FC0005B5F9006730
:10469B0001670160808189B189755120230B7541B8
:1046AB003005FBC5006702F500071DF806010CF885
:1046BB000600EC02FB1A05070544A000F501071DD7
:1046CB00F806010CF80600EC02FB1A0407052FA0F4
:1046DB0000F502071DF806010CF80600EC02FB1AA8
:1046EB000307051AA000F503071DF806010CF806D1
:1046FB0000EC02FB1A02070505A000F504071DF8E4
:10470B0006010CF80600EC02FB1A000705F09F00EF
:10471B00B18961011DF806000CF80601EC02FB1AC9
:10472B00060705DA9F00670260808189FBE2200B98
:10473B00F0FFB189FE61E1E30167026040FBE2E952
:10474B00500000C4E003B089670160408089FBE240
:10475B00E9500000C3E167016040FBE2EA50000052
:10476B00C4E003B089670160408089FBE2EA500036
:10477B0000C3E1670160C0A0817601C20A2407F87B
:10478B0006002E23A8817601EC232308F80A401F8C
:10479B002E15A8817611401F701140B2AFFEFD7827
:1047AB00912819E301EC017601411F2306F80A4019
:1047BB001FEC019089B8896703052AAF00055EAB32
:1047CB00000260409009B80939ADFFD3015C0105C7
:1047DB0021B10067016040FBE2F4B30000F8E40094
:1047EB003C03002E26B0896C31FB22F4B300004B46
:1047FB00123E210DB0896C31FB22F4B300004B1239
:10480B003E2202B08962118089B08975511A23D773
:10481B0067016080A009E302FBE2F4B3000058EEED
:10482B00755E1A230A66610575C4006702A80961E3
:10483B00D1290A66710567C4006702EC0161212961
:10484B000A66810559C4006702FB12F4B3000058D5
:10485B001E6C3E4BE1E40102FB12F4B30000581E48
:10486B006C3E4BE1E5010101FBE2F4B3000058EFB4
:10487B00621FC3EF67026080A00961011966C10561
:10488B001DC4006702FBE2F4B3000058EEA8094414
:10489B001E1166910508C4006702FBE2F4B3000029
:1048AB0058EE755E1B230B75411005F2C3006702B2
:1048BB003C0300389300B0896C31FB22F4B3000049
:1048CB004B12A8A20689010106851202202FB0897E
:1048DB007100F0A0813C0C013C05003C0401F80682
:1048EB000075441BFB32B428F0FF6612660105D33A
:1048FB000D0171001066A105A5C300B0896C31FBD9
:10490B0022F4B300004B12A82A0689010106851276
:10491B0001202FB0897100F0A0813C0C013C0500F7
:10492B003C0401F80600754417FB32D028F0FF66F3
:10493B00126601058E0D0171001066B10560C30092
:10494B00B08962118089FBE2F4B30000B08944E1C5
:10495B0028053864FF6702FBE2B0B30000F8E600FD
:10496B00FB12B0B300003D1200FB12B0B3000062AB
:10497B006166C366020537E300FB12B0B300003C6F
:10498B009200FBE29CB30000F8E600FB129CB30024
:10499B00003D12FFFB129CB30000626166C366020E
:1049AB00050CE300FB129CB300003C920005B1D850
:1049BB0000052DE3000535DE00661105A5E60005B3
:1049CB00E7C00002660266C1394AFEFBE2F0500006
:1049DB000058EE610E1A0544D6000562D7000AFB9B
:1049EB00E2F0500000F8E400661266C13926FE02C0
:1049FB007100D8A2093D810005CAC5009209BA0908
:104A0B006101201B660105CAC500A009A082A08B0D
:104A1B00E5000105D500040CE50003070C3D0C0077
:104A2B00FBE6F006A10C0E091766510571C200AA30
:104A3B00096101187541140565C200AA0964416139
:104A4B004110AA09648161811DF806010CF806006A
:104A5B00EC01610120300527D9006101211605FC0D
:104A6B00DC009409BC0962119409BC0905FEDC0049
:104A7B002E140530DD009409BC0962119409BC09A0
:104A8B000532DD00AA0964116111213005F1D8004E
:104A9B006101211605EADC009409BC096211940935
:104AAB00BC0905ECDC002E14051EDD009409BC09C5
:104ABB0062119409BC090520DD00BB016141213065
:104ACB0005BDD8006101211605B6DC009409BC09AF
:104ADB0062119409BC0905B8DC002E1405EADC0050
:104AEB009409BC0962119409BC0905ECDC00AA0904
:104AFB0064F1612119664105A5C100670A670A6067
:104B0B00403C03013C02023C030166110596020185
:104B1B0061011C3C03006611053BFE0061011C3C5E
:104B2B000300661105D1FF0061011C3C03006611F7
:104B3B00055E010161011C3C03006611057E03014A
:104B4B0061011C3C0300B0816101212BB089610123
:104B5B00212B7100F06601A08181098101E3013CE9
:104B6B000C0175441CFB32E828F0FF661205540B50
:104B7B00017100100FB08160118081B0896101203B
:104B8B008867010260803C07003C06003C0500FB87
:104B9B00129CB3000005A5E100FB12C4B300000595
:104BAB004CE100FB3A8813FB22B4E10000661105CF
:104BBB001A5C0061012119FBE2B4E10000ECEE612B
:104BCB001E1E3C07012E0F66810524C0000F6611C7
:104BDB00051DC000B189610115F806000CF806012E
:104BEB00EC01610121BF754364FB229CB30000FB08
:104BFB0012B0B3000005435C0061012123B1816158
:104C0B0001143C0501FB12B0B30000B4916101200B
:104C1B00153C0601FB129CB300003C92010F662170
:104C2B000561BF00754364FB22C4B30000FB12DCBB
:104C3B00B30000057B5C006101211DFB12DCB3009E
:104C4B0000B4916101143C0601FB12C4B300003C9B
:104C5B0092013C0501087541130528BF00B1816124
:104C6B000116B10961011DF806010CF80600EC01F3
:104C7B0061013B31FFFB22B0B30000FB129CB30080
:104C8B0000058AE200FBE2DCB3000058E105E3F724
:104C9B0000FB12DCB30000BA1105EFF700FB12DCCE
:104CAB00B30000B81905FBF700FB12DCB30000B82A
:104CBB00990507F800FB12DCB30000B89105D3F897
:104CCB0000FB12DCB30000B91105DFF800FB12DCAE
:104CDB00B30000B919051BF900670260803C07009F
:104CEB003C06003C0500FB129CB3000005C0E00035
:104CFB00FB12C4B3000005F5DF00FB3A8813FB225F
:104D0B00B8E10000661105C35A0061012119FBE2ED
:104D1B00B8E10000ECEE611E1E3C07012E0F667120
:104D2B0005CDBE000F661105C6BE00B18961011528
:104D3B00F806000CF80601EC01610121BF75436414
:104D4B00FB229CB30000FB12B0B3000005EC5A0031
:104D5B006101211DFB12B0B30000B4916101143C41
:104D6B000601FB129CB300003C92013C05010F664F
:104D7B00410510BE00754364FB22C4B30000FB1257
:104D8B00DCB30000052A5B006101211DFB12DCB3C3
:104D9B000000B4916101143C0601FB12C4B3000086
:104DAB003C92013C05010875411505D7BD00B18149
:104DBB00610116B10961011DF806010CF80600EC42
:104DCB000161013B37FFFB22B0B30000FB129CB328
:104DDB0000000590E100FBE2DCB3000058E1059216
:104DEB00F600FB12DCB30000BA11059EF600FB12B5
:104DFB00DCB30000B81905AAF600FB12DCB3000007
:104E0B00B89905B6F600FB12DCB30000B891058229
:104E1B00F700FB12DCB30000B911058EF700FB1293
:104E2B00DCB30000B91905CAF70067027100D0F9AD
:104E3B00042300F90422003E0700661105026E00F0
:104E4B000598F90005C4E700A1890536E800610162
:104E5B001AA98961111D3E06010C3E0600A981614C
:104E6B000120267100F06601A08181098101E30117
:104E7B003C0C01754410FB320529F0FF661205430B
:104E8B0008017100102E247100F06601A0818109C8
:104E9B008101E3013C0C01754414FB321629F0FF30
:104EAB006612051F080171001005D7E7007100F0AD
:104EBB0066128302810A8102A081F80600754417ED
:104ECB00FB322B29F0FF660105F907017100100574
:104EDB004B13000568310005C21B0005E3F4FF0509
:104EEB00D6030105D6F8FF05BA58002E1805EBF8C6
:104EFB00000517E700A189A98961211075411705E4
:104F0B009DBD006040F80400FB4E50C300710327A9
:104F1B00710226661105598A0062406101153E0631
:104F2B00000C3E0601A981610121C4051EC100A030
:104F3B0089A102A10BA902A889FB4A701705A15BE5
:104F4B0000E301A00AA083E40009D5000214E500E8
:104F5B00020BAA8BAA82AA09050EBF00057A55007F
:104F6B00055CF1000519D40061011E3919FC2E13E3
:104F7B00050DD40061111D3964FD0F6631051FBD90
:104F8B0000666105BCE20005561D00670C7EA6603D
:104F9B00403D0100059CE0006141106601EF1239B4
:104FAB0073F805D79B00FBE2C0E100000680E1FB34
:104FBB00E2C8B40000E3E1FBE2C8B40000ECE10599
:104FCB00E4A10005BAD30061012168FBE2F15000B6
:104FDB000058EE610E2019FBE2F1500000F8E400DE
:104FEB0005C1D300FBE2BCE10000E3E12E45051E49
:104FFB00E7009009FBE2BCE10000ECE605A5D3005D
:10500B004761202075411D057ABB00B809EF1E646E
:10501B008E57E19009058CD300FBE2BCE10000E365
:10502B00E10AB8097721F7FF009009B809050FE7E6
:10503B000005610101610120FA054C0201610120AB
:10504B00FA05761A0005F51C000534D30061012121
:10505B001D0550D300FBE2BCE100000684E120F308
:10506B000541D300FBE2BCE10000E3E1050D9B0031
:10507B00FB32C0E10000A03AE33166C10599D600CE
:10508B0005681A0005771C0005AD1D00058B1A007D
:10509B00058BFF00051F000105A8D3000502D400F6
:1050AB000590DF006141200C661266013966F73FFF
:1050BB0066023F66027EA66040660266113955F7AE
:1050CB000570DF0066A3FB22C8E1000005FD56005A
:1050DB00E301EC016101211AFBE2C8E10000ECE6FF
:1050EB000550DF004761202066D105B2BB002E18AA
:1050FB00EC0161111F0546D3002E0DEC0161211748
:10510B0066F1059ABB006611EF123908F73F66028C
:10511B006602662139FEF60519DF0061311D0506B1
:10512B0013006612662139ECF6026602663139E429
:10513B00F66601050B6B00661105056B00661266C2
:10514B003139D1F6026602664139C9F6660105545A
:10515B00FC00660105FFF7006601059BF90066017F
:10516B00052EFB0066010554FD006612664139A44D
:10517B00F60266026651399CF605ECF4006612667F
:10518B00513991F602660266613989F605E4B80079
:10519B0066126661397EF602660266713976F6052D
:1051AB0051150066126671396BF60266026681391B
:1051BB0063F6664105715700661266813956F60231
:1051CB0066026691394EF605252F006681059F58BC
:1051DB0000051F2F00661266913939F602660266CA
:1051EB00A13931F605102F00661266A13926F60299
:1051FB00660266B1391EF6058ABA00661266B139C7
:10520B0013F6020538F5FF61111E0569F2FF020561
:10521B0049F5FF61111E059AF3FF020562D100618A
:10522B00011E3962F92E140556D10061111D39ADDD
:10523B00FA087541180567BA0005BF2E0005FED1A7
:10524B0000023993F53948FD396DFE3975FF39F791
:10525B00FE3921FF3931FF39D3FE393EFF394EFF7D
:10526B00397DFF39ADFE398AFF395BF7FB12C80B6D
:10527B00F0FF3904F6023917FD398AFF026040F856
:10528B000600663105DCDD0005A8DD00FB3A88135E
:10529B00EF0205375500610121140596DD000684E8
:1052AB0001201475411505F6B90067017541160506
:1052BB00EDB9006701670160C005BF1A0091093D98
:1052CB0004003D0300FBE24A6000005CEE61AE238C
:1052DB0008B90961912406F806010CF80600EC01E7
:1052EB006101163D03012E79FBE24A6000005CEE82
:1052FB00760EF54F240AB9097601F64F2306F80608
:10530B00010CF80600EC01610110F90903F64F2EB0
:10531B0050FBE24A6000005CEE06C50E052B1AB985
:10532B0009751164FBE24A60000006E009E1754271
:10533B0064431291022E19FBE24A6000005CEE7589
:10534B001E6406E1090E0575416443E19101B90143
:10535B007551322308F90903F64F0DD5000503FBF0
:10536B00E2CCB40000D50E0308670360803C060056
:10537B00FB12CCB40000B21161413BC100FBE2CC8B
:10538B00B4000059EE28611E2112FBE2CCB40000E0
:10539B0059EE29610E1DF806010CF80600EC0161AF
:1053AB00012012FBE2CCB4000059EE30611E1DF857
:1053BB0006010CF80600EC0161012012FBE2CCB4F3
:1053CB00000059EE31611E1DF806010CF80600ECC9
:1053DB000161012012FBE2CCB4000059EE38610EE2
:1053EB001DF806010CF80600EC0161012012FBE22E
:1053FB00CCB4000059EE39611E1DF806010CF806FD
:10540B0000EC0161012012FBE2CCB4000059EE402C
:10541B00610E1DF806010CF80600EC01610120126B
:10542B00FBE2CCB4000059EE41610E1DF806010CF5
:10543B00F80600EC016101143C0601C5000607B13A
:10544B0089670260803C0600FB12CCB40000B211ED
:10545B0061413BC100FBE2CCB4000059EE28610E68
:10546B002112FBE2CCB4000059EE29611E1DF80697
:10547B00010CF80600EC0161012012FBE2CCB40038
:10548B000059EE30611E1DF806010CF80600EC0108
:10549B0061012012FBE2CCB4000059EE31611E1DFC
:1054AB00F806010CF80600EC0161012012FBE2CCBE
:1054BB00B4000059EE38611E1DF806010CF8060009
:1054CB00EC0161012012FBE2CCB4000059EE396112
:1054DB000E1DF806010CF80600EC0161012012FB11
:1054EB00E2CCB4000059EE40610E1DF806010CF839
:1054FB000600EC0161012012FBE2CCB4000059EE76
:10550B0041610E1DF806010CF80600EC0161011457
:10551B003C0601C5000607B189670260803C0600A6
:10552B00FB12CCB40000B2116121215CFBE2CCB4C4
:10553B00000059EE28611E2112FBE2CCB400005989
:10554B00EE29610E1DF806010CF80600EC01610155
:10555B002012FBE2CCB4000059EE30610E1DF806B0
:10556B00010CF80600EC0161012012FBE2CCB40047
:10557B000059EE31610E1DF806010CF80600EC0126
:10558B006101143C0601C5000607B1896702608002
:10559B003C0600FB12CCB40000B2116121215CFB74
:1055AB00E2CCB4000059EE28610E2112FBE2CCB420
:1055BB00000059EE29611E1DF806010CF80600ECDF
:1055CB000161012012FBE2CCB4000059EE30610EF8
:1055DB001DF806010CF80600EC0161012012FBE23C
:1055EB00CCB4000059EE31610E1DF806010CF80623
:1055FB0000EC016101143C0601C5000607B1896787
:10560B000260803C0600FB12CCB40000B211614179
:10561B003BC100FBE2CCB4000059EE28611E211205
:10562B00FBE2CCB4000059EE29610E1DF806010C0B
:10563B00F80600EC0161012012FBE2CCB40000592A
:10564B00EE30611E1DF806010CF80600EC0161013D
:10565B002012FBE2CCB4000059EE31611E1DF8069E
:10566B00010CF80600EC0161012012FBE2CCB40046
:10567B000059EE38611E1DF806010CF80600EC010E
:10568B0061012012FBE2CCB4000059EE39610E1D12
:10569B00F806010CF80600EC0161012012FBE2CCCC
:1056AB00B4000059EE40610E1DF806010CF806001F
:1056BB00EC0161012012FBE2CCB4000059EE416118
:1056CB000E1DF806010CF80600EC016101143C06F6
:1056DB0001C5000607B189670260803C0600FB121A
:1056EB00CCB40000B21161413BC100FBE2CCB40071
:1056FB000059EE28610E2112FBE2CCB4000059EEEA
:10570B0029611E1DF806010CF80600EC0161012051
:10571B0012FBE2CCB4000059EE30611E1DF80601FD
:10572B000CF80600EC0161012012FBE2CCB4000086
:10573B0059EE31611E1DF806010CF80600EC0161F3
:10574B00012012FBE2CCB4000059EE38610E1DF8BB
:10575B0006010CF80600EC0161012012FBE2CCB44F
:10576B00000059EE39611E1DF806010CF80600EC1D
:10577B000161012012FBE2CCB4000059EE40610E36
:10578B001DF806010CF80600EC0161012012FBE28A
:10579B00CCB4000059EE41610E1DF806010CF80661
:1057AB0000EC016101143C0601C5000607B18967D5
:1057BB000260803C0600FB12CCB40000B2116111F8
:1057CB00212AFBE2CCB4000059EE28611E2112FB0A
:1057DB00E2CCB4000059EE29611E1DF806010CF84D
:1057EB000600EC016101143C0601C5000607B189F6
:1057FB00670260803C0600FB12CCB40000B2116162
:10580B0021215CFBE2CCB4000059EE28611E211271
:10581B00FBE2CCB4000059EE29610E1DF806010C19
:10582B00F80600EC0161012012FBE2CCB400005938
:10583B00EE30610E1DF806010CF80600EC0161015B
:10584B002012FBE2CCB4000059EE31611E1DF806AC
:10585B00010CF80600EC016101143C0601C50006C1
:10586B0007B189670260803C0600FB12CCB40000D4
:10587B00B2116121215CFBE2CCB4000059EE28612E
:10588B000E2112FBE2CCB4000059EE29611E1DF86B
:10589B0006010CF80600EC0161012012FBE2CCB40E
:1058AB00000059EE30611E1DF806010CF80600ECE5
:1058BB000161012012FBE2CCB4000059EE31610E04
:1058CB001DF806010CF80600EC016101143C060101
:1058DB00C5000607B189670260803C0600FB12CC4D
:1058EB00B40000B2116131215CFBE2CCB400005971
:1058FB00EE30611E2112FBE2CCB4000059EE316197
:10590B001E1DF806010CF80600EC0161012012FBCC
:10591B00E2CCB4000059EE38610E1DF806010CF80C
:10592B000600EC0161012012FBE2CCB4000059EE41
:10593B0039610E1DF806010CF80600EC016101142B
:10594B003C0601C5000607B189670260C03C0A002E
:10595B00FB12CCB40000B21161213B1301FB12CC42
:10596B00B40000AB1A0681120BA00AA809613125FD
:10597B0005383203FBE2CCB4000059EE28611E213E
:10598B0012FBE2CCB4000059EE29610E1DF80601A2
:10599B000CF80600EC0161012012FBE2CCB4000014
:1059AB0059EE30611E1DF806010CF80600EC016182
:1059BB00012012FBE2CCB4000059EE31611E1DF840
:1059CB0006010CF80600EC01610120263C0A01FBE4
:1059DB00E2CCB40000F8E401FB12CCB40000B292AC
:1059EB0062128292FB12CCB400003C1C0138B6024E
:1059FB00FBE2CCB4000059EE28610E2112FBE2CC85
:105A0B00B4000059EE29611E1DF806010CF80600C2
:105A1B00EC0161012012FBE2CCB4000059EE3061C5
:105A2B001E1DF806010CF80600EC0161012012FBAB
:105A3B00E2CCB4000059EE31611E1DF806010CF8E2
:105A4B000600EC0161013A5D023C0A01FBE2CCB4B9
:105A5B000000F8E401FB12CCB40000B29262128297
:105A6B0092FB12CCB400003C1C01383902FB12CC67
:105A7B00B40000B21161313B1301FB12CCB4000036
:105A8B00AB9A0681120DA00AA809613125053815BC
:105A9B0002FBE2CCB4000059EE30611E2112FBE296
:105AAB00CCB4000059EE31610E1DF806010CF8065E
:105ABB0000EC0161012012FBE2CCB4000059EE387E
:105ACB00610E1DF806010CF80600EC0161012012B5
:105ADB00FBE2CCB4000059EE39610E1DF806010C47
:105AEB00F80600EC01610120263C0A01FBE2CCB474
:105AFB000000F8E401FB12CCB40000B292621282F7
:105B0B0092FB12CCB400003C1C01389901FBE2CC97
:105B1B00B4000059EE30610E2112FBE2CCB4000050
:105B2B0059EE31611E1DF806010CF80600EC0161FF
:105B3B00012012FBE2CCB4000059EE38610E1DF8C7
:105B4B0006010CF80600EC0161012012FBE2CCB45B
:105B5B00000059EE39610E1DF806010CF80600EC39
:105B6B000161013A40013C0A01FBE2CCB40000F8B0
:105B7B00E401FB12CCB40000B29262128292FB12CF
:105B8B00CCB400003C1C01381C01FB12CCB400004F
:105B9B00B21161413B0F01FB12CCB40000AC1A06F1
:105BAB0081120FA00AA8096131250538F800FBE224
:105BBB00CCB4000059EE38611E2112FBE2CCB400CC
:105BCB000059EE39610E1DF806010CF80600EC01C8
:105BDB0061012012FBE2CCB4000059EE40610E1DB6
:105BEB00F806010CF80600EC0161012012FBE2CC77
:105BFB00B4000059EE41610E1DF806010CF80600C9
:105C0B00EC01610120263C0A01FBE2CCB40000F858
:105C1B00E401FB12CCB40000B29262128292FB122E
:105C2B00CCB400003C1C01387C00FBE2CCB400007F
:105C3B0059EE38610E2112FBE2CCB4000059EE395B
:105C4B00611E1DF806010CF80600EC016101201223
:105C5B00FBE2CCB4000059EE40610E1DF806010CBE
:105C6B00F80600EC0161012012FBE2CCB4000059F4
:105C7B00EE41610E1DF806010CF80600EC01610106
:105C8B0020233C0A01FBE2CCB40000F8E401FB1238
:105C9B00CCB40000B29262128292FB12CCB4000020
:105CAB003C1C01C5000A0BB2896703FB12CCB40084
:105CBB0000B2116141230BFB12CCB400003C180065
:105CCB00FB12CCB40000B2126C324B12C51204287A
:105CDB00FB12CCB40000B2126C324B12C512052968
:105CEB00FB12CCB40000B2126C324B12E512060B55
:105CFB00FB12CCB40000B21262128212027EA660BA
:105D0B00409009F80400FB12CCB40000B111610102
:105D1B00B80E214805DFE50047162A35FB62CCB4E7
:105D2B000000B1E1621181E1FB62CCB40000B1E68D
:105D3B000564A8004716296AFB62CCB400003C66D8
:105D4B0000FB62CCB400003C6401F804012E53FB51
:105D5B0062CCB400003C66002E480599E500711139
:105D6B003247162334FB12CCB40000B1926212817D
:105D7B0092FB12CCB40000B196051BA80047162964
:105D8B0021FB12CCB400003C1600FB12CCB400007B
:105D9B003C1400F804010AFB12CCB400003C1600C2
:105DAB00FB12CCB40000B11161111FB80905DA1355
:105DBB0000C40001B0093F66027EA660409009F85E
:105DCB000400FB12CCB40000B1196101B80E2148DC
:105DDB000553E50047162A35FB62CCB40000B1E948
:105DEB00621181E9FB62CCB40000B1EE05A8A700FB
:105DFB004716296AFB62CCB400003C6700FB62CCFF
:105E0B00B400003C6501F804012E53FB62CCB400D6
:105E1B00003C67002E48050DE50071113247162333
:105E2B0034FB12CCB40000B19A6212819AFB12CCF3
:105E3B00B40000B19E055FA70047162921FB12CCC9
:105E4B00B400003C1700FB12CCB400003C1500F86A
:105E5B0004010AFB12CCB400003C1700FB12CCB4BB
:105E6B000000B11961111FB80905851300C40001A9
:105E7B00B0093F6602FB12CCB40000B211610120E5
:105E8B000FFB12CCB40000A9926212A1920AFB1272
:105E9B00CCB400003E1600FB12CCB40000AA12A931
:105EAB009B6213FD742200A212A19B02FBE2CCB4F5
:105EBB00000059EF2845EF292B0CFB12CCB4000046
:105ECB003E190102FBE2CCB4000059EF2845EF2943
:105EDB00280DFBE2CCB40000F9E609FF02FB12CC63
:105EEB00B400003E1900026040FB12CCB40000B3BA
:105EFB001161112170FB12CCB40000B111610121B1
:105F0B0011FB12CCB40000B11961011DF806010C94
:105F1B00F80600EC0161012041FBE2CCE10000EC52
:105F2B00EF621FE3EFFBE2CCE10000ECEE755E32BB
:105F3B002333FB12CCB400003C1C00FBE2CCB400BE
:105F4B0000F8E400FB12CCB400003E1900FBE2CCDD
:105F5B00E10000F8E6006701FBE2CCE10000F8E6A7
:105F6B0000670167017100F03E03003E02003E0135
:105F7B0000FB12CCB40000AB1A0685120B2510FBEC
:105F8B0012CCB40000AC1A0685120F2406F80601D9
:105F9B000CF80600EC016101200DFBE24A600000E9
:105FAB00F8E5006704FB12CCB40000AB1A068112B3
:105FBB000BAC1B0681130F4B326812A00A7544C839
:105FCB0006A1070401A08DA084A88CA8836602FB00
:105FDB0012C0D8A70005C6FF00A08AA081A889A877
:105FEB0082660E7602F64FFC03E1230A3E0300F9AC
:105FFB000A02F64FFBE24A600000D10E0467046010
:10600B0040055EA500E301EC01610119FB1A930148
:10601B00058CAC003907F561012011FB12CCB400E3
:10602B0000B09262128092382D013964F561012023
:10603B0011FB12CCB40000B09A6212809A3817018F
:10604B00392BF361012052EC01A991755196211066
:10605B00FB12CCB40000999A6212919A2E1FEC019C
:10606B00A991755169210FFB12CCB40000999A606C
:10607B0012919A087541900525AC003931FE39E72C
:10608B00FE05060D003932F205CD1100FB22CCB412
:10609B000000922938C00039ACF361012051EC01AA
:1060AB00A9917551962110FB12CCB40000999A60FE
:1060BB0012919A2E1FEC01A991755169210FFB12B8
:1060CB00CCB40000999A6212919A0875419105CE51
:1060DB00AB0039DAFD3990FE05AF0C0039DBF10569
:1060EB00761100FB22CCB4000092292E693914F5ED
:1060FB006101201CFB12CCB40000B09262128092A2
:10610B00FB12CCB40000B09A6212809A2E4839CBA5
:10611B00F56101201CFB12CCB40000B0926212801E
:10612B0092FB12CCB40000B09A6212809A2E2739DF
:10613B00A9F761012020FBE2CCB40000F8E401FBDD
:10614B0012CCB400003C1C01FB12CCB40000B29288
:10615B006212829205170C00FB12CCB400003C18A3
:10616B000067013902F761012021FBE2CCB400008A
:10617B00F8E401FB12CCB400003C1C01FB12CCB4C4
:10618B000000B2926212829202FB12CCB40000B3F6
:10619B00116111200CFB12CCB400003C1C0102025B
:1061AB003952F661012021FBE2CCB40000F8E40186
:1061BB00FB12CCB400003C1C01FB12CCB40000B2AF
:1061CB00926212829202FB12CCB40000B3116111E5
:1061DB00200CFB12CCB400003C1C01020239D4F59C
:1061EB0061012021FBE2CCB40000F8E401FB12CCEE
:1061FB00B400003C1C01FB12CCB40000B292621242
:10620B00829202FB12CCB40000B3116111200CFB83
:10621B0012CCB400003C1C0102026040FB12CCB457
:10622B0000003C1400FB12CCB400003C1500FB1228
:10623B00CCB400003C1600FB12CCB400003C1700A1
:10624B00FB12CCB400003E1600FB12CCB400003C99
:10625B001800FB12CCB400003C1A00FB12CCB400AB
:10626B00003C1100FB12CCB4000071114805988A58
:10627B0000FB12CCB4000071115005C389003C0324
:10628B00002E37FBE2CCB40000B0896C314BE1C57A
:10629B00E10428FBE2CCB40000B0896C314BE1C5C2
:1062AB00E10529B0896C31FB22CCB400004B123EC6
:1062BB002B00B08962118089B089614123C76701C6
:1062CB0060C091099102B9093935FA8189B901394F
:1062DB00EAFA8181B18961011EB181610115F8066C
:1062EB00010CF80600EC0161013A330139BFF939B1
:1062FB005CF6610112FBE2F2500000F8E401FB12C4
:10630B00CCB40000B1116101FCDBE0FBF2F25000F8
:10631B000058FF610F2068610E2012FBE2CCB40025
:10632B000059EE05610E1DF806010CF80600EC0E87
:10633B00610E2018FBE2CCB40000F9E40800FBE28C
:10634B00F2500000F8E40038D500FBE2CCB40000BA
:10635B0059EE04611E2112FBE2CCB4000059EE058C
:10636B00611E1DF806010CF80600EC0E610E3AAE2C
:10637B0000FBE2F2500000F8E40038A200610E20AE
:10638B0011FB12CCB40000B11961011DF806010C10
:10639B00F80600EC016101173967FC388100FB122C
:1063AB00CCB40000B11161112111FB12CCB400006F
:1063BB00B11961111DF806010CF80600EC01610121
:1063CB0016391CFE2E58FB12CCB40000B111611112
:1063DB002111FB12CCB40000B11961011DF80601AB
:1063EB000CF80600EC01610116397AFD2E30FB1218
:1063FB00CCB40000B11161012111FB12CCB400002F
:10640B00B11961111DF806010CF80600EC016101D0
:10641B0015398FFD0875418F0584A8003959FA3954
:10642B00C8FA67037EA660800537A100A0093D016D
:10643B0000A809610119FB1A26010562A800A80929
:10644B00B31961013A6D010536BF006101214B059E
:10645B00200800FBE2D0E100000688E1E3E1FBE26B
:10646B0080AF00005CE6054808004716280E054083
:10647B000800FBE280AF0000D3E1FBE282AF00003B
:10648B005CE6050C080047162B5705040800FBE2D9
:10649B0082AF0000D3E12E4905E60700FBE2D0E115
:1064AB0000000688E1E3E1FBE280AF00005CE6055B
:1064BB000F08004716280E05070800FBE280AF0007
:1064CB0000D3E1FBE282AF00005CE605D307004797
:1064DB00162B0E05CB0700FBE282AF0000D3E1FBCE
:1064EB00E2F350000058EF621FC3EFFBE2F35000E2
:1064FB000058EE755E64220538B900FBE280AF00F0
:10650B00005CE1FBE282AF000006C0E19009FBE218
:10651B00D0E10000ECEFFD749F64E3EFFBE2D0E110
:10652B0000007100F0E4E0023C0C013C05003C046F
:10653B0001F8060066E4FB325429F0FF660266D1CF
:10654B000581F100710010B8097100F0A0813C0CBD
:10655B00013C05003C0401F8060066C4FB326329CC
:10656B00F0FF660266D1055BF100710010FBE2D013
:10657B00E100005CE105455800EF16B809053D58F0
:10658B0000EF12EF61059E1B00FBE280AF0000F8ED
:10659B00E500FBE2D0E10000F8E600FBE282AF0091
:1065AB0000F8E9FFFFFBE2F3500000F8E4003F6660
:1065BB00033F660360408089FB22CCB40000802936
:1065CB00B08905ABD30067016080A00AE301FB3201
:1065DB00CCB40000A232A1B9A80AEC010584D20008
:1065EB00670260408089FB22CCB400008321B08914
:1065FB0005ADD200670160408089FBE2CCB400009E
:10660B00C3E1B08905B2D20067016040E301FB2210
:10661B00CCB40000A229EC0105B7D20067016040A1
:10662B008089FB22CCB4000080A167016040808987
:10663B00FB22CCB4000080A967016080FB12CCB4B4
:10664B000000B11161012111FB12CCB40000B11992
:10665B0061011DF806010CF80600EC016101153C07
:10666B0006000C3C0601C5000607B18967026040B5
:10667B00EF12E302FB12CCB40000711148055586F2
:10668B000067016040FB12CCB4000071114805B3E8
:10669B0086008089B08967016040FB12CCB4000092
:1066AB0071114805C486008089B089670160403C40
:1066BB000200FBE2CCB40000C5E00902FB12CCB433
:1066CB000000B21A6212821AC5000203B089670178
:1066DB006040FBE2CCB40000C5E00903B089670160
:1066EB006040FBE2CCB40000D5E00701B8096701BC
:1066FB00FBE26CDE0000FBF2CCB40000C4FE84FBBA
:10670B00E26CDE0000FBF2CCB40000C5FE0185FBA1
:10671B00E26CDE0000FBF2CCB40000C5FE0286FB8F
:10672B00E26CDE0000FBF2CCB40000C5FE0387FB7D
:10673B00E26CDE0000FBF2CCB40000C5FE0488FB6B
:10674B00E26CDE0000FBF2CCB40000C5FE0589FB59
:10675B00E26CDE0000FBF2CCB40000C5FE068AFB47
:10676B00E26CDE0000FBF2CCB40000C5FE078BFB35
:10677B00E26CDE0000FBF2CCB40000C5FE088CFB23
:10678B00E26CDE0000FBF2CCB40000C5FE098DFB11
:10679B00E26CDE0000FBF2CCB40000C5FE0A8EFBFF
:1067AB00E26CDE0000FBF2CCB40000C5FE0B8FFBED
:1067BB00E26CDE0000FBF2CCB40000C5FE0C90FBDB
:1067CB00E26CDE0000FBF2CCB40000D5FE0749FB07
:1067DB00E26CDE0000FBF2CCB40000D5FE084AFBF5
:1067EB00E26CDE0000FBF2CCB40000D5FE094BFBE3
:1067FB00E26CDE0000FBF2CCB40000D5FE0A4CFBD1
:10680B00E26CDE0000FBF2CCB40000E5FE0627FBD9
:10681B00E2CCB40000FBF26CDE0000E5EF0829E5EA
:10682B00EF0728FBE26CDE0000FBF2CCB40000E5C6
:10683B00FE092AFBE26CDE0000FBF2CCB40000C5C3
:10684B00FE28ACC5FE29ADE5FE0B2CFBE26CDE0091
:10685B0000FBF2CCB40000C5FE30B4C5FE31B5E58B
:10686B00FE0D2EFBE26CDE0000FBF2CCB40000C58B
:10687B00FE38BCC5FE39BDE5FE0F30FBE26CDE0019
:10688B0000FBF2CCB40000C5FE40C4C5FE41C5E51B
:10689B00FE1132FBE26CDE0000FBF2CCB40000E533
:1068AB00FE1233E5FE1334FBE2CCB40000FBF26CBA
:1068BB00DE0000E5EF1536E5EF1435E5EF1637FB97
:1068CB00E20CE00000FBF2CCB40000C4FE84FBE25F
:1068DB000CE00000FBF2CCB40000C5FE0185FBE22E
:1068EB000CE00000FBF2CCB40000C5FE0286FBE21C
:1068FB000CE00000FBF2CCB40000C5FE0387FBE20A
:10690B000CE00000FBF2CCB40000C5FE0488FBE2F7
:10691B000CE00000FBF2CCB40000C5FE0589FBE2E5
:10692B000CE00000FBF2CCB40000C5FE068AFBE2D3
:10693B000CE00000FBF2CCB40000C5FE078BFBE2C1
:10694B000CE00000FBF2CCB40000C5FE088CFBE2AF
:10695B000CE00000FBF2CCB40000C5FE098DFBE29D
:10696B000CE00000FBF2CCB40000C5FE0A8EFBE28B
:10697B000CE00000FBF2CCB40000C5FE0B8FFBE279
:10698B000CE00000FBF2CCB40000C5FE0C90FBE267
:10699B000CE00000FBF2CCB40000D5FE0749FBE293
:1069AB000CE00000FBF2CCB40000D5FE084AFBE281
:1069BB000CE00000FBF2CCB40000D5FE094BFBE26F
:1069CB000CE00000FBF2CCB40000D5FE0A4CFBE25D
:1069DB000CE00000FBF2CCB40000E5FE0627FBE266
:1069EB00CCB40000FBF20CE00000E5EF0829E5EF6A
:1069FB000728FBE20CE00000FBF2CCB40000E5FE44
:106A0B00092AFBE20CE00000FBF2CCB40000C5FE4F
:106A1B0028ACC5FE29ADE5FE0B2CFBE20CE000001B
:106A2B00FBF2CCB40000C5FE30B4C5FE31B5E5FEBB
:106A3B000D2EFBE20CE00000FBF2CCB40000C5FE17
:106A4B0038BCC5FE39BDE5FE0F30FBE20CE00000A3
:106A5B00FBF2CCB40000C5FE40C4C5FE41C5E5FE4B
:106A6B001132FBE20CE00000FBF2CCB40000E5FEBF
:106A7B001233E5FE1334FBE2CCB40000FBF20CE066
:106A8B000000E5EF1536E5EF1435E5EF163702FBA1
:106A9B0012CCB400003C1C0102059EE600FBE2F5A3
:106AAB0050000058EEFBF2D4E10000FE6EF10592AF
:106ABB00E60005C2E60002FBE2F4500000FBF2F533
:106ACB00500000C0FEFBE2F550000058EF621FC300
:106ADB00EFFBE2F550000058EE613E210CFBE2F5B6
:106AEB00500000F8E4000202FBE2F550000058EE03
:106AFB00613E230B75414005A5A1002E17FBE2F566
:106B0B0050000058EEFBF2D4E10000FE6EF10532AE
:106B1B00E6000562E600027100F03D06003D05004F
:106B2B003E0100FBE2F450000058EEFBF2D4E10012
:106B3B0000FE6EF1E301EC01D41006EC01D410055C
:106B4B00EC015C11A0093C0F012E49B3896C2106A5
:106B5B0088015C1E06C50E06280CB3896C210688BD
:106B6B0001D41006B3896C210688015C1E06C50E84
:106B7B00052B0CB3896C21068801D41005B3896CE5
:106B8B00210688015C1106890101A009B3896211F4
:106B9B008389B38975513223B4A809FD749132FBF3
:106BAB00E24C600000D3E1FBE24C600000D50E0626
:106BBB0001FBE24C600000D50E0502EC01D5100183
:106BCB0006EC01D5100105EC01B819A0093C0F0129
:106BDB002E4BB3896C21068801B81906C50106280E
:106BEB000DB3896C21068801D5100106B3896C2180
:106BFB00068801B81906C501052B0DB3896C210652
:106C0B008801D5100105B3896C21068801B81906D6
:106C1B00890101A009B38962118389B38975513246
:106C2B0023B2050EC400613121233C0F002E17B394
:106C3B00896C21068801B81A5C110586F6FFB389A9
:106C4B0062118389B38975513223E6A809FD7491CA
:106C5B0032FB224C60000090A9FBE24C600000D597
:106C6B000E0604FBE24C600000D50E0505670460C0
:106C7B0040FBE24C600000D4E001B80967016040C2
:106C8B00FBE24C600000D5E00301B80967016040EE
:106C9B00FBE24C600000D5E00101B80967016040E0
:106CAB00FBE24C600000D5E00401B80967016040CD
:106CBB00FBE24C600000D5E00201B80967016040BF
:106CCB00FBE24C600000D5E00501B80967016040AC
:106CDB00FBE2F5500000C4E003B089670105CFE487
:106CEB0000FBE2CD22000058EEFBF2E0E10000FEDB
:106CFB006EF10549E5000579E50002057FE5000524
:106D0B00A5E500FBE228B50000E3E1FBE2CD2200A4
:106D1B000058EE613E230B75418005829F002E17B4
:106D2B00FBE2CD22000058EEFBF2E0E10000FE6E2C
:106D3B00F1050AE500053AE50002FBE2CC22000072
:106D4B00FBF2CD220000C0FEFBE2CD22000058EF8B
:106D5B00621FC3EFFBE2CD22000058EE613E210C17
:106D6B00FBE2CD220000F8E4000202FB122CB5007E
:106D7B00003E1100F81600026040FBE25860000074
:106D8B00D4E001B809670160803E0100F80600FB02
:106D9B00E22CB50000ECEF0695EF01610F206FFBC5
:106DAB00122CB50000EC146814A819FDDF1E57E473
:106DBB00FD78747102FB2234B50000E32468117670
:106DCB001171024B15A02DF90A010001F80200F810
:106DDB001B1DFB1234B50000A81CEC13A80AEC0118
:106DEB0005BBF100A00AE301A809EC02660E7602CE
:106DFB00F64FFC03E1230EFBE258600000F8E9F6C6
:106E0B004F2E14FBE258600000D00E0AFBE25860D4
:106E1B000000F8E500FB122CB500003E1100F8163F
:106E2B000067026080FB1234B50000A81AEC11A0B9
:106E3B000AE301670260803C0700FBE2CC22000002
:106E4B0058EEFBF2E0E10000FE6EF1E301FBE228FD
:106E5B00B50000ECEE610E20353C07002E23EC0153
:106E6B00B18AFE621EFB122CB50000A81AEC1F4B58
:106E7B00EFFD742200A01AE31FB18962118189FB17
:106E8B00E228B50000B1890684E123D46702604093
:106E9B00FBE2CD220000C4E003B0896701604090A3
:106EAB0009FBE28CAF0000D3E1670160409009FB66
:106EBB00E28EAF0000D3E167017100BCA4013E0E6E
:106ECB00003E0D003E0C003E0B003E0A003E09004A
:106EDB003E08003E07003E06003E05003E04003D16
:106EEB0007003D06003D05003D04003D0300FBE2AD
:106EFB008CAF0000F8E9FF070538D6009189FBE25B
:106F0B0088AF00005CEE06C50E07290538E100B915
:106F1B0089FBE288AF000006C0E19109B90968213D
:106F2B00B98A4312908A3D04002E1BAC01B902FEB4
:106F3B00D21E06C50E032A0899816211918199010F
:106F4B0062119101FBE284AF0000B90106C4E12993
:106F5B00DCFBE284AF0000F8E500B98161013A8FF8
:106F6B000005C2FEFFA302A289AA890695010C6146
:106F7B0001207C7544C806E1070406A385A30C66B3
:106F8B0004FB3EA08601AB02AA890511F000EF13AA
:106F9B00EF2E75446406A107040DAB827512644B8A
:106FAB0052EF41EFE405F6EF00A202A189FB4AD4B0
:106FBB007B06A1070407AA017611D47B4B517044C1
:106FCB001C944BFFFD7421FFA281A20C3E06003ED8
:106FDB0005ADA984A90BAA82AA0905F9EE007311C4
:106FEB00088400A101A901FD748164A101A90175A7
:106FFB0051C8290EA9017601D0072A06F806010C03
:10700B00F80600EC016101200CA901FBE28CAF003A
:10701B0000D3E1FBE28CAF0000D4E01FBF89671106
:10702B007100BCA4013E0E003E0D003E0C003E0B59
:10703B00003E0A003E09003E08003E07003E0600E7
:10704B003E05003E04003D07003D06003D05003DAA
:10705B0004003D0300FBE28EAF0000F8E9FF0705DB
:10706B0001D5009189FBE28AAF00005CEE06C50EEC
:10707B0007290538E100B989FBE28AAF000006C099
:10708B00E19109B9096821B98A4312908A3D04003C
:10709B002E1BAC01B902FED21E06C50E032A08999F
:1070AB008162119181990162119101FBE286AF001E
:1070BB0000B90106C4E129DCFBE286AF0000F8E56C
:1070CB0000B98161013A8F00055BFDFFA302A28924
:1070DB00AA890695010C6101207C7544C806E1075D
:1070EB000406A385A30C6604FB3EA08601AB02AA93
:1070FB008905AAEE00EF13EF2E75446406A1070471
:10710B000DAB827512644B52EF41EFE4058FEE002D
:10711B00A202A189FB4AD47B06A1070407AA017628
:10712B0011D47B4B5170441C944BFFFD7421FFA277
:10713B0081A20C3E06003E05ADA984A90BAA82AA2A
:10714B00090592ED007311088400A101A901FD74DA
:10715B008164A101A9017551C8290EA9017601D03D
:10716B00072A06F806010CF80600EC016101200C59
:10717B00A901FBE28EAF0000D3E1FBE28EAF000072
:10718B00D4E01FBF89671160409009FBE284AF0018
:10719B00005CEE760E8813231EFBE2F6500000F81F
:1071AB00E401FBE284AF0000F8E500FBE288AF00EE
:1071BB0000F8E9FFFFFBE284AF00005CEEFBF25A44
:1071CB006000009809FE1EF1FBE284AF0000DCEFCB
:1071DB00621FD3EFFBE288AF0000B80906C4E128B9
:1071EB000DFBE288AF0000D10E0167016701604023
:1071FB009009FBE286AF00005CEE760E8813231E2F
:10720B00FBE2F7500000F8E401FBE286AF0000F868
:10721B00E500FBE28AAF0000F8E9FFFFFBE286AF77
:10722B0000005CEEFBF26A8700009809FE1EF1FB82
:10723B00E286AF0000DCEF621FD3EFFBE28AAF0008
:10724B0000B80906C4E1280DFBE28AAF0000D10E9D
:10725B0001670167017100F03D06003D05003D042B
:10726B00003D0300FBE2F650000058EE610E210DCD
:10727B00FBE2F750000058EE610E15F806010CF812
:10728B000600EC0161012012FB1AFF073911FCFB10
:10729B001AFF073918FC2E5BFB125A600000391BD2
:1072AB00FC9181FB126A8700003977FD9109B98146
:1072BB0006C501052B15B90975116406E10901060F
:1072CB00754264431291022E13B98175116406E164
:1072DB0009010575426443129102B90175511E24CF
:1072EB000DB98106C90105681190890EF90903FFD3
:1072FB0007D5000307B989670460C0A0813E010070
:10730B00F80600A881610119FB1AEE10059099008F
:10731B00A881EC1174210000F000A009A8097401E8
:10732B000000E000201D77010000702010770100A5
:10733B0000302115F80E0000202E0EF80E00006014
:10734B000FF8020000D000EC0161012019A881ECBC
:10735B001E742EFFFF0FFFE31EA881EC1E06940E7A
:10736B00E31E670367036080A0093C0200A8096164
:10737B000119FB1ADC1005269900A80905425700D4
:10738B008081A8096251B0826102212260C03C0851
:10739B00013E0108E301754410FB327029F0FF66D2
:1073AB00327541120512E50062C02E1F60C03C0809
:1073BB00013E0108E30166D4FB328129F0FF66022E
:1073CB0075411205F3E40062C0C5000203B0896782
:1073DB00027EA66080A0093C0201A809610119FB8D
:1073EB001A801005B99800A80AEC21B326625266E0
:1073FB0073059393004716143C0200B08161012181
:10740B001BFBE2F850000058EE755EFE2A0EFBE205
:10741B00F850000058EF621FC3EFC5000203B0899C
:10742B003F66037100E8858905379100E301EC01A4
:10743B00610119FB1AD9100565980005F5BB0061B0
:10744B00112015B58BEC02710104050811007101B7
:10745B00043915FF670667067100EC3D01002E73BA
:10746B00710104053D55006101206F710104398BD9
:10747B00FE710104395DFF6101200D66127101047B
:10748B00057230002E47A8097100F066128302A026
:10749B0081810A8102F8060075443FFB328F29F087
:1074AB00FF754112051DE20071001060C0710E15D1
:1074BB00E30E3C08003E0108FB32CF29F0FF6612B9
:1074CB00754112EF2405F1E30062C0980962119037
:1074DB0009B809755140238A670560C0A081A00ACD
:1074EB00808BA881610119FB1AA91005B19700A81F
:1074FB000961313A3802711EFB612E2205382E02CA
:10750B00711EF7612E2205382402711EEF612E22A7
:10751B0005381A027551143A14027551183A0E02B5
:10752B0075511B3A08027551233A020275512B3AD9
:10753B00FC01711ED3612E220538F2017551303AD0
:10754B00EC017551333AE601711ECB612E220538E1
:10755B00DC017551603A7C0175513F2056755147DE
:10756B003A810075514D3ADB0075514E3AA50075C5
:10757B00515C3AFF0075515F3A290175513C3B83D1
:10758B0001B0897100F0A0813C0C013C05003C046A
:10759B0001F80600754428FB32D129F0FF6602750D
:1075AB004112051FE100710010A88105831E0067C1
:1075BB0003B0897100F0A0813C0C013C05003C0438
:1075CB0001F80600754420FB32FA29F0FF660275BC
:1075DB00411205EFE000710010A88105FE1F006746
:1075EB0003B0897100F0A0813C0C013C05003C0408
:1075FB0001F80600754424FB321B2AF0FF66027566
:10760B00411205BFE000710010A88105A42000679E
:10761B0003B0897100F0A0813C0C013C05003C04D7
:10762B0001F8060075442AFB32402AF0FF6602750A
:10763B004112058FE000710010A88105AE1C006798
:10764B0003B0897100F0A0813C0C013C05003C04A7
:10765B0001F80600754427FB326B2AF0FF660275B2
:10766B004112055FE000710010A88105A32100679E
:10767B0003B0897100F0A0813C0C013C05003C0477
:10768B0001F8060075442AFB32932AF0FF66027557
:10769B004112052FE000710010A881058B1E0067B9
:1076AB0003B0897100F0A0813C0C013C05003C0447
:1076BB0001F8060075441DFB32BE2AF0FF66027509
:1076CB00411205FFDF00710010A88105C42100677E
:1076DB0003B0897100F0A0813C0C013C05003C0417
:1076EB0001F80600754426FB32DC2AF0FF660275B2
:1076FB00411205CFDF00710010A8810544220067FD
:10770B0003A8097100F0A0813C0C013C05003C046E
:10771B0001F80600754418FB32032BF0FF66027567
:10772B004112059FDF007100106703670360C0A063
:10773B0081A00A808BA881610119FB1AA810055E34
:10774B009500A80961313A7802711EFB612E220562
:10775B00386E0261913A690261A13A170175519332
:10776B003AD1017551123A58027551143A520275B9
:10777B0051183A9F0075511B3AC9007551233A4075
:10778B000275512B3A3A02711ED3612E2205383005
:10779B00027551303A2A027551333A2402711ECBCD
:1077AB00612E2205381A0275513C3AF70075513F8C
:1077BB003A0E027551473A0802711EB3612E22052B
:1077CB0038FE0175515C3AF80175515F3A05017548
:1077DB0051603A2F017551703A89017551113BB6C1
:1077EB0001A881053F1C00B0897100F0A0813C0C01
:1077FB00013C05003C0401F8060075441EFB321CDD
:10780B002BF0FF660275411205B9DE00710010679F
:10781B0003B0897100F0A0813C0C013C05003C04D5
:10782B0001F8060075441FFB323B2BF0FF66027517
:10783B004112058FDE00710010A88105E11B006766
:10784B0003B0897100F0A0813C0C013C05003C04A5
:10785B0001F8060075441EFB325B2BF0FF660275C8
:10786B004112055FDE00710010A88105BD1B00678A
:10787B0003B0897100F0A0813C0C013C05003C0475
:10788B0001F80600754428FB327A2BF0FF6602756F
:10789B004112052FDE00710010A881051F1F006724
:1078AB0003B0897100F0A0813C0C013C05003C0445
:1078BB0001F80600754428FB32D129F0FF660275EA
:1078CB00411205FFDD00710010A88105631B0067E5
:1078DB0003B0897100F0A0813C0C013C05003C0415
:1078EB0001F8060075441DFB32BE2AF0FF660275D7
:1078FB00411205CFDD00710010A88105941F0067B0
:10790B0003B0897100F0A0813C0C013C05003C04E4
:10791B0001F80600754426FB32DC2AF0FF6602757F
:10792B004112059FDD00710010A88105142000672E
:10793B0003B0897100F0A0813C0C013C05003C04B4
:10794B0001F80600754425FB32A32BF0FF66027588
:10795B004112056FDD00710010A881059E200067A4
:10796B0003B0897100F0A0813C0C013C05003C0484
:10797B0001F80600754428FB32C92BF0FF6602752F
:10798B004112053FDD00710010A88105BF200039B1
:10799B00AC076703A8097100F0A0813C0C013C0502
:1079AB00003C0401F80600754418FB32032BF0FF72
:1079BB006602754112050CDD007100106703670349
:1079CB007100E83E01003C0300F80500050A2C009D
:1079DB00F8050038C20071010805192C0061013A45
:1079EB00C000A881391908808971010839E5F9614E
:1079FB0001207971010805E80900A009A88171002F
:107A0B00F066128302A081810A8102F8060066A447
:107A1B00FB32F22BF0FF660275411205A6DC0071FA
:107A2B00001060C0710E19E30E3C08013E010866A0
:107A3B00C4FB32FD2BF0FF6602754112057ADE00A6
:107A4B0062C005EEB5006131210EB08BA80A710141
:107A5B000839DCFC2E3B05DAB50061212133B08BF4
:107A6B00A80A7101083975FA2E277100F06601A07A
:107A7B008181098101E3013C0C0175443CFB320A15
:107A8B002CF0FF66127541120539DC00710010DC19
:107A9B00016211D3015C017551202205383AFF6751
:107AAB00067100F0EF0105311300EF0139BAF867E9
:107ABB00047EA67100F00576BE0061012028EF015F
:107ACB0005171300EF0139A0F8EF0105C21300EF02
:107ADB00013995F87541FA0597EBFF660105D7EA71
:107AEB00FF3F6605FBE292AF00005CE60568BC0059
:107AFB0006C516072015055EBC00FBE292AF000021
:107B0B00D11E073905063F66053F66057100F00576
:107B1B0074EBFF6101202F0581EBFF61012030EF3A
:107B2B000105B61200EF01393FF8EF0105611300B3
:107B3B00EF013934F87541FA0536EBFF660105762E
:107B4B00EAFF67047541FA0527EBFF670467047EBC
:107B5B00A67100C03D87003D8600052AB5008489CB
:107B6B003C8200B48964116111211C66110565B555
:107B7B00008481B482710130056A0D0071013039C6
:107B8B00E7F7F10813B48964216121212A662105E5
:107B9B0043B500848105E9AB00EF16052BAC00EF74
:107BAB0013B484710130EF6205D50D0071013039CA
:107BBB00B7F7F10913B48964416141212A66410584
:107BCB0013B50084810595AB00EF1605D7AB00EF1D
:107BDB0013B484710130EF6205390E007101303935
:107BEB0087F7F10A13B489648161813BEA0005D4FC
:107BFB0093009581668105DCB4008481FBE2F9502A
:107C0B00000058EE610E2123BD8161012017FBE2BC
:107C1B0090AF0000F8E500FBE2F9500000F8E4013A
:107C2B0038B500F10B1338AF003D87002E6EFBE229
:107C3B0090AF00005CE1059A9300A009A082A08B95
:107C4B00E5000105D500040CE5000307A98CA98309
:107C5B00A90AB48160408009F80401710134054719
:107C6B000E00624071013039FFF6A98CA983A90A75
:107C7B00B48160408009F8040071013405290E00BD
:107C8B00624071013039E1F6FBE290AF0000DCEFAE
:107C9B00621FD3EF9D8962119589BD8961212A14D9
:107CAB00FBE290AF00005CEE06C50E162806F80648
:107CBB00010CF80600EC0161013B75FFFBE290AF94
:107CCB000000BD8106C4E12A0EFBE2F9500000F86A
:107CDB00E400F10B13B489752110755110213F7518
:107CEB00411005F0B300848166C27101200562B5B5
:107CFB0000B484666371022071013005810E00713E
:107D0B0001303964F6B48466637102267101300563
:107D1B006D0E007101303950F6F10C13B4897521D9
:107D2B0020755120211D75412005A9B3008481B414
:107D3B008271013005FF0E00710130392BF6F10D08
:107D4B0013B4897521407551402113754140058449
:107D5B00B3008481B48139CDF6F10E13B489055982
:107D6B00B3003F66117100E40518B900A081059EB0
:107D7B00B9009089FBE2ECE10000ECEE06850E0207
:107D8B003A8A00A8817100F066128302A081810AF1
:107D9B008102F80600754411FB32472CF0FF663266
:107DAB00754112051ED900710010FBE2ECE10000D9
:107DBB007100F0E4E0023C0C003C05013C0401F8CE
:107DCB000600754415FB32592CF0FF6632754112D3
:107DDB0005F1D80071001071010C05F70800710155
:107DEB000C3985F5FBE2ECE10000E10E02FB123CE5
:107DFB00C10000058A6E0061012011FB2E60EA00B4
:107E0B00FB123CC1000005036E00A88164116111D7
:107E1B0010A881642161211DF806010CF80600EC05
:107E2B0001610118A881644161411DF806010CF83C
:107E3B000600EC01610118A881648161811DF806BF
:107E4B00010CF80600EC016101204DFB123CC10056
:107E5B0000052C6E006101202EFB123CC1000005B9
:107E6B00446E006101204971010C05670800710126
:107E7B000C39F5F4FB2E60EA00FB123CC100000547
:107E8B008A6D002E2BFB2E60EA00FB123CC100001A
:107E9B0005796D002E1AFB123CC1000005E16D0047
:107EAB006101200CFB123CC1000005B16D00FBE22F
:107EBB00F0E10000B8890684E13ABC00B889710092
:107ECB00F066128302A081810A8102F8060066D453
:107EDB00FB326F2CF0FF663275411205E6D700714D
:107EEB000010FBE2F0E100007100F0E4E0023C0C5A
:107EFB00003C05013C0401F80600754414FB327D7F
:107F0B002CF0FF663275411205B9D7007100107164
:107F1B00010C053A080071010C394DF46101203454
:107F2B0005784D00610115F806000CF80601EC010F
:107F3B00610120200549A4006101B889197721FE50
:107F4B00FF009089087721FDFF009089B88905EE25
:107F5B00B700B889644161412111B8897721FBFFD2
:107F6B00009089B88905D7B700B889FBE2F0E1002A
:107F7B0000E3E1670767077100F0EF01054F0800A9
:107F8B00EF0139E4F367047100F0EF0105C6080057
:107F9B00EF0139D4F3670460803E010005C385000F
:107FAB00E301EC01610119FB1AC31005F18C00EC24
:107FBB0001BA197701FFFF0020200576B00061217F
:107FCB002112FBE2FE50000058EE610E210C39D35A
:107FDB00FA0F39DFFA3937FB0558B000612121223E
:107FEB00FBE2FE500000F8E40105E1A300EF1EFDEB
:107FFB00749E64751E6443E16101210F39D2010A3D
:10800B00FBE2FE500000F8E4003946FB3959FD0550
:10801B00BBA300A009A809755119231FA809711149
:10802B00E7EF1EFD789E3075761E307543E16101DA
:10803B00193946FF3953FF6702670260C03D0500DF
:10804B003E0100051C8500E301EC01610119FB1ADF
:10805B00D610054A8C000527A3006101A8091E78DC
:10806B0001A0090D7811A009A809FB22FA50000004
:10807B00055B4700663105DD49003D05002E38B92B
:10808B000963C1FB223CB500004B123C2100B9092E
:10809B0063C1FBE23CB50000660FFE0E1FB909631E
:1080AB00C1FB223CB500004B123E22003E21009941
:1080BB000962119109B9097551FF25C5FBE2ECE184
:1080CB000000F8E600FBE2F0E10000F8E600FBE25E
:1080DB00F9500000F8E400FBE290AF0000F8E50077
:1080EB00FB123CC1000005576B006703396CF302B0
:1080FB0039D0F80239A3FE027100F0EF0105C91067
:10810B0000EF013963F267047100F0EF0105400ED7
:10811B0000EF013953F2EF01051B1000EF01394855
:10812B00F267047100EC92099202BA02BA09EF03EA
:10813B00059F0B00EF013930F267057100F0EF017D
:10814B00051A1100EF013920F267047100EC3C03B2
:10815B0000754120057EAF008089B08A710104054E
:10816B00D40A007101043900F267057100E4A181A2
:10817B00858A05ED8300E301EC01610119FB1AD837
:10818B0010051B8B00B58C66437102187101040539
:10819B0085040071010439D0F167077100EC05C14A
:1081AB008300E301EC01610119FB1AD91005EF8A79
:1081BB0000057FAE0061312115EC026242710104B2
:1081CB0005840200710104399FF167056705710091
:1081DB00EC058E8300E301EC01610119FB1ACD1054
:1081EB0005BC8A00054CAE0061212111710104050B
:1081FB00E902007101043970F1670567056080A021
:10820B00093C0200A80968418081C5000203B089BE
:10821B0067026040FBE2F8500000C4E002FBE2F8AA
:10822B00500000F8E400C5000203B089670171003B
:10823B00E0A109A182A18B3C030066810596AE00EB
:10824B008089A98CA983A90AB08960408009F804A8
:10825B00017101080551080062407101043909F1EF
:10826B00A98CA983A90AB08960408009F804007120
:10827B00010805330800624071010439EBF067080F
:10828B007100E8A109A102A08B828CF80600EC0119
:10829B0006950105E301EC0106950104E301A889AC
:1082AB006CC1069401E301B2896C41069401E301B0
:1082BB0005CDA0006101EC011E7801E3010D7811E1
:1082CB00E301EC01A00967067100F08389A082F835
:1082DB000600A881610119FB1ACA1005C18900B3F8
:1082EB0089755134203C755119201F75511E201F63
:1082FB0075512A201F75512D201F755133201F6179
:10830B00712123F806072E23F806192E1EF8061ED8
:10831B002E19F8062A2E14F8062D2E0FF806330AFE
:10832B00F806340EA881F81400EC01A0096704606C
:10833B00C08289A00A3C0200A809610119FB1ACB73
:10834B0010055B8900B28965F161F11AB28961018F
:10835B00123C02010EA809F81400C5000203B089F3
:10836B00670360C08289A00A808B3C01003C01013D
:10837B00C5000102B08167036080A0093C0200A820
:10838B0009755134204661712024755119202475CB
:10839B00511E202475512A202475512D20247551EE
:1083AB00332024610121293C02002E2C3C02012E9A
:1083BB00273C02022E223C02042E1D3C02082E18E2
:1083CB003C02102E133C02202E0E3C024009FB1ADD
:1083DB00BB1005CA8800C5000203B089670260C0E4
:1083EB00A081F80600A881610119FB1A811005AE66
:1083FB008800A881EC1EFC5AE11420E301EC01A0DB
:10840B0009670360C0A081908A9083F80500A8815A
:10841B00610119FB1A8A1005858800B8816221B8A1
:10842B008A4712220AFB1A8B1005738800A881B8A1
:10843B0082FEC2134B126C83552301D303D400016C
:10844B00B80967037EA660C0A081A00A051381004E
:10845B00E301EC01610119FB1AE71005418800A843
:10846B0081610119FB1AE81005348800A809610124
:10847B0019FB1AE91005278800A88605B4AD00EF93
:10848B001466A3FB2E000060FB120000000C39F2F7
:10849B00FDE361A8813C1408A809A882C41205A8B1
:1084AB0009A882C5120106A809A882C5120207A84D
:1084BB0009A882C5120308A8813C1900A8813C1A9F
:1084CB0000A8813C1B00A886EC61716205667305F0
:1084DB00B5820083613F66047EA66080A00905819A
:1084EB008000E301EC01610119FB1AE31005AF8772
:1084FB0000A809610119FB1AE41005A28700A80E58
:10850B00052FAD00EF146693FB2E000060FB1200ED
:10851B00000007396DFDE361A8093C1408A8093C6C
:10852B001500A8093C1600A8093C1700A8093C181F
:10853B0000A8093C1900A8093C1A00A8093C1B001B
:10854B00A80EEC617162056673053B820083613F87
:10855B0066037EA67100F0A089A082818B05028044
:10856B0000E301EC01610119FB1ACE100530870005
:10857B00A889610119FB1ACF1005238700A8816117
:10858B000119FB1AD01005168700A88E05A3AC00A5
:10859B00EF146633FB2E000060FB120000000C3959
:1085AB00E1FCE361A8893C1408B18963C1FBE23C9F
:1085BB00B50000FECE11A88A8129B18963C1FBE207
:1085CB003CB50000FECE1F621FFE0E1F05BE7A00DB
:1085DB00A88A62526101153C21010C3C2102A88141
:1085EB00A88AC41207A881A88AC5120108A881A865
:1085FB008AC5120209A881A88AC512030AA8893C58
:10860B001B00A88EEC61716205667305798100838E
:10861B00613F66057EA660C0A081A00A900B800C0E
:10862B00A881610119FB1AD31005738600A8096193
:10863B000119FB1AD41005668600B809614111FBBC
:10864B001AD51005598600A88605E6AB00EF14660F
:10865B0053FB2E000060FB12000000073924FCE3E3
:10866B0061A8813C1408B00963C1FBE23CB5000072
:10867B00FECE11A8828129B00963C1FBE23CB50093
:10868B0000FECE1F621FFE0E1F05017A00A882623C
:10869B00526101153C21010C3C2102A809A882C49E
:1086AB001207A809A882C5120108A809A882C51239
:1086BB000209A809A882C512030AA8813C1B00A8BD
:1086CB0086EC61716205667305BC800083613F6651
:1086DB00047EA66040E301610119FB1AB01005BED0
:1086EB008500EC06054BAB00EF14754312FB2E0017
:1086FB000060FB12000000043988FBE361EC013CD5
:10870B001408EC060566B4008169EC060574AF002D
:10871B00688181E1EC06056AAF0081E9EC013C1848
:10872B0000EC013C1900EC013C1A00EC013C1B0075
:10873B00EC06EC617162056673054B800083610585
:10874B002BB40062110555B4003F66027EA6608013
:10875B00A00905BAAF009009A809610119FB1AB16C
:10876B0010053B8500A80E05C8AA00EF147543142D
:10877B00FB2E000060FB12000000043905FBE361D7
:10878B00A8093C1408A80E05E3B3008169B8096871
:10879B0081A80A81A1B081A80A81A9A8093C180067
:1087AB00A8093C1900A8093C1A00A8093C1B00A801
:1087BB000EEC61716205667305CC7F00836105ACBD
:1087CB00B300621105D6B3003F66037EA66040E39B
:1087DB0001610119FB1AEC1005C48400EC0605516C
:1087EB00AA00EF14754335FB2E000060FB1200004E
:1087FB00000C398EFAE361EC013C1408FBE20151E9
:10880B000000EC01C4E105EC060557440081E1ECE6
:10881B00060517440081E9EC06052B44008261EC48
:10882B000605F1F9FF8269EC060553440082E1EC81
:10883B00013C1B00EC06EC61716205667305477F1A
:10884B00008361FBE20151000058EF621FC3EF3F51
:10885B0066027EA66040E301610119FB1AED10056B
:10886B003D8400EC0605CAA900EF14754336FB2EB8
:10887B00000060FB120000000C3907FAE361EC0109
:10888B003C1408FBE201510000EC01C4E105EC06CD
:10889B0005BD1E0081E1EC0605D11E0081E9EC0649
:1088AB0005E51E008261FBE200510000EC01C4E112
:1088BB0009EC013C1A00EC013C1B00FBE2005100EF
:1088CB0000F8E400EC06EC61716205667305B77E97
:1088DB00008361FBE20151000058EF621FC3EF3FC1
:1088EB0066027EA660C0A081818AF80600A881611D
:1088FB000119FB1AB21005A68300A8860533A9003F
:10890B00EF1475432BFB2E000060FB120000000CD4
:10891B003970F9E361A8813C1408B18963C1FBE2AA
:10892B003CB50000FECE11A8828129B18963C1FB41
:10893B00E23CB50000FECE1F621FFE0E1F0556ACBB
:10894B0000E301EC016981A88281A1EC016901A816
:10895B008281A9EC016881A8828221EC01A8828224
:10896B0029A8813C1A00A8813C1B00A886EC6171E8
:10897B006205667305107E0083613F66047EA66008
:10898B00C0A081908A9083808CA881610119FB1A09
:10899B00B310050A8300A8860597A800EF1475434A
:1089AB002DFB2E000060FB120000000C39D4F8E305
:1089BB0061A8813C1408B08963C1FBE23CB500009F
:1089CB00FECE11A8828129B08963C1FBE23CB500C0
:1089DB0000FECE1F621FFE0E1FB8896881A8828120
:1089EB00A1B181A88281A9B8816881A8828221B1B5
:1089FB0001A8828229A8813C1A00A8813C1B00A8EF
:108A0B0086EC617162056673057C7D0083613F6650
:108A1B00047EA660C0A081908A9083808CA881611F
:108A2B000119FB1AB41005768200A8860503A8006D
:108A3B00EF1475432EFB2E000060FB120000000CA0
:108A4B003940F8E361A8813C1408B08963C1FBE2AB
:108A5B003CB50000FECE11A8828129B08963C1FB11
:108A6B00E23CB50000FECE1F621FFE0E1FB88968E8
:108A7B0081A88281A1B181A88281A9B8816881A8CE
:108A8B00828221B101A8828229A8813C1A00A88187
:108A9B003C1B00A886EC61716205667305E87C00DF
:108AAB0083613F66047EA67100ECA082A08BA104BB
:108ABB00A009C5001C03C5001D02A809610119FB13
:108ACB001AB51005D98100A80E0566A700EF14751D
:108ADB004330FB2E000060FB120000000C39A3F7A3
:108AEB00E361A8093C1408B08163C1FBE23CB5000B
:108AFB0000FECE11A80A8129B08163C1FBE23CB50F
:108B0B000000FECE1F621FFE0E1FA8096251B08A25
:108B1B006102202EA8826982801AA8816901A80AA5
:108B2B0081A9A8816881A80A8221A881A80A822923
:108B3B00B9816881A80A82A1B301A80A82A92E2C47
:108B4B00B9826882801AB301A80A81A9A901698137
:108B5B00A80A8221A9016901A80A8229A9016881B1
:108B6B00A80A82A1A901A80A82A9A80EEC617162C8
:108B7B0005667305117C0083613F66067EA660C0A7
:108B8B00A081A00A900B800CA881610119FB1AB679
:108B9B0010050B8100A809610119FB1AB71005FE1E
:108BAB008000B809616111FB1AB81005F18000A8AB
:108BBB0086057EA600EF14754333FB2E000060FB89
:108BCB00120000000C39BBF6E361A8813C1408B01D
:108BDB000963C1FBE23CB50000FECE11A8828129DE
:108BEB00B00963C1FBE23CB50000FECE1F621FFE65
:108BFB000E1FA809A882C41206A809A882C51201D3
:108C0B0007A809A882C5120208A809A882C51203E1
:108C1B0009A809A882C512040AA809A882C51205C9
:108C2B000BA886EC617162056673055A7B00836144
:108C3B003F66047EA660C0A081818A3C06003C058D
:108C4B0001F90901B8083C0117A881610119FB1A48
:108C5B00D110054A8000A88605D7A500EF146663DE
:108C6B00FB2E000060FB120000000C3915F6E361CF
:108C7B00A8813C1408B18963C1FBE23CB50000FE3E
:108C8B00CE11A8828129B18963C1FBE23CB50000FA
:108C9B00FECE1F621FFE0E1FB181A88281A1B109FA
:108CAB00A88281A9B8096881A8828221B081A88293
:108CBB008229B009A88282A1A8813C1B00A886EC5E
:108CCB0061716205667305BE7A0083613F66047E3F
:108CDB00A67100F091899182A0833C070066018107
:108CEB000181098181810105787800E301EC016143
:108CFB000119FB1AF51005A67F00A881610119FB6C
:108D0B001AEF1005997F000576960061111C3C0740
:108D1B0001B98968418101B3816C418109B98168CD
:108D2B00814901058109C5000C06A8860503A5002C
:108D3B00EF14754323FB2E000060FB120000000CA8
:108D4B003940F5E361A8813C1408A8860584D9FF56
:108D5B008169EC01BA196881A88281A1EC01A88212
:108D6B00C5121207B189A8828221B101A88282297A
:108D7B00B109A88282A1B181A88282A9A886EC61DF
:108D8B00716205667305FF790083613F66057EA6F8
:108D9B006080A00905CB7700E301EC01610119FBB1
:108DAB001A921005F97E00A809610119FB1A94109B
:108DBB0005EC7E00A80E0579A400EF14754311FB9A
:108DCB002E000060FB120000000439B6F4E361A82A
:108DDB00093C14083F66037EA660C0A0810582771C
:108DEB0000A0093D0100A809610119FB1A831005B8
:108DFB00AD7E00A881610119FB1A861005A07E00CB
:108E0B00A886052DA400EF14754318FB2E000060F7
:108E1B00FB1200000007396AF4E361A8813C1408D7
:108E2B00A886058BD8FF8169A809BA196881A88221
:108E3B0081A1A809A882C5121207051AA900D5108D
:108E4B000701B8096881A8828221B081A882822992
:108E5B00A8860502A900C5160A0AA8813C1B0005B5
:108E6B00F5A800B31161011EA881F1100B05E7A84D
:108E7B0000581E610E1EA881F1110BA886EC6171C2
:108E8B00620566730500790083613F66047EA671F7
:108E9B0000F0A0893E02003C070005C57600E30107
:108EAB00EC01610119FB1A951005F37D00A889618E
:108EBB000119FB1A971005E67D00A88E0573A30018
:108ECB00EF1475431BFB2E000060FB120000000724
:108EDB0039B0F3E361A8893C140805ACAA00A08162
:108EEB00051FAB0006890102A081058EAB00068928
:108EFB000102A08105FDAB0006890102A081C5001E
:108F0B000807A88E05A9D7FF8169EC01BA196881FA
:108F1B00A88A81A1EC01A88AC5121207A88E053672
:108F2B00A800C5160208A88E052CA800C5160309B3
:108F3B00A8893C1A00B189A88A82A9A88EEC617114
:108F4B00620566730540780083613F66057EA671F6
:108F5B0000E0A189050B7600A18105FAA700D510C9
:108F6B00080B055AA800D510080A3D090005E7A70C
:108F7B0000D51009080547A800D51009073D0600C4
:108F8B003D05003C09003D0300A981610119FB1A55
:108F9B00F810050A7D00A989610119FB1AF9100562
:108FAB00FD7C00A98E058AA200EF14754369FB2E88
:108FBB00000060FB120000000739C7F2E361A989CA
:108FCB003C1408BA8906C5010A206FBA817601F5EF
:108FDB004F240ABA897601F64F2306F806010CF8DE
:108FEB000600EC01610110F90909F64F2E50BA8900
:108FFB0006C5010A2B15BA8175116406E109010B2F
:10900B007542644312908A2E13BA8975116406E176
:10901B0009010A7542644312908AB889619124143C
:10902B00BA8906C9010A68119209BA0962519209F3
:10903B002E0CF90909F64F0DD5000B09BA09FD7471
:10904B00910A9209A981A99175519621160507A735
:10905B0000CD1E24611E1E3C09A52E223C095A2E52
:10906B001DA981A991755169211405EAA600CD1E90
:10907B0024750EFF1D3C09A50C3C095ABA0106C507
:10908B0001072069B9897601FE07240ABA01760126
:10909B00FF072306F806010CF80600EC016101102E
:1090AB00F90906FF072E4ABA0106C501072B15B9A8
:1090BB008975116406E10901087542644312910A2E
:1090CB002E13BA0175116406E10901077542644359
:1090DB0012910AB9096191240EBA0106C9010768F8
:1090EB001191812E0CF90906FF070DD5000806A971
:1090FB00893C15C7B209A98A81A19A09FC5A111892
:10910B000CA98A81A9B481A98A82219981FC5A115F
:10911B00180CA98A8229B301A98A82A1A9893C1BAF
:10912B0000A98EEC617162056673055A7600836146
:10913B003F66097EA67100F0A08905257400A08109
:10914B0005A7A700FD8123A00B68116DF25721E342
:10915B0001A881610119FB1AFA1005427B00A8894D
:10916B00610119FB1AFB1005357B00A88E05C2A007
:10917B0000EF1475436AFB2E000060FB1200000029
:10918B000739FFF0E361A8893C1408A8893C15C78F
:10919B00B109A88A81A1B101A88A81A9B089A88A3D
:1091AB008221B081A88A8229B009A88A82A158019C
:1091BB00A88A82A9A88EEC61716205667305C775D2
:1091CB000083613F66057EA66080A009059373004E
:1091DB00E301EC01610119FB1AF61005C17A00A835
:1091EB0009610119FB1A971005B47A00A80E054105
:1091FB00A000EF14754385FB2E000060FB120000EE
:10920B00000C397EF0E361A8093C1408A80E057028
:10921B00B0008169A80E05ADB00081E1A80E05F381
:10922B00B10081E9A80E051AB2008261A80E05B043
:10923B00AA005F1105662B00FD7491648269A80971
:10924B003C1A00A8093C1B00A80EEC617162056674
:10925B00730533750083613F66037EA660C0A081F2
:10926B0005FF7200E301EC01610119FB1AFC10050B
:10927B002D7A00A881610119FB1AFD1005207A00D7
:10928B00FB1264C10000622166E2050A7600908938
:10929B00A886059D9F00EF14754371FB2E0000609F
:1092AB00FB120000000C39DAEFE361A8813C1408D3
:1092BB00B8896881A8828129B181A88281A1A881FE
:1092CB003C1700A8813C1800A8813C1900A8813CE0
:1092DB001A00A8813C1B00A886EC617162056673BD
:1092EB0005A4740083613F66047100E8A1093C8307
:1092FB00003C82003C81003D07003C0D003C0C0013
:10930B003C0B003C0A003C09003C08000553720072
:10931B00A009A809610119FB1AEA1005817900A9B6
:10932B0009610119FB1AEB1005747900A909C51025
:10933B000513A909C5100612A909EC1105C1EEFF09
:10934B008409A909B19A6C82551208918A05E29E8B
:10935B00004501123BC600B40BB48975424E39046B
:10936B00F061013AB700A909C510090DA909C5108B
:10937B000A0CA909C5100B0BB30905FA72008281FF
:10938B00B30105F272008209B28905637200820192
:10939B00B281610112B209610115F806010CF806E0
:1093AB0000EC01610112B201610115F806010CF824
:1093BB000600EC0161012030FB1248C10000BA1914
:1093CB0006C501072156FBE248C10000C50E0D0E74
:1093DB00FBE248C10000C50E0C0FFBE248C10000C8
:1093EB00C50E0B106706A9097100F0E410023C0CC6
:1093FB00013C05003C0401F80600754432FB329435
:10940B002CF0FF663275411205B9C200710010FBDA
:10941B00E2FF500000F8E401670667066040E301D5
:10942B0067016040E30167016040E3016701710080
:10943B00ECA1013C0F003C0E003C0D00054E6C00F6
:10944B00830105826C00828905177100A009A809A8
:10945B00610119FB1AA01005457800A901610119DA
:10946B00FB1AA11005387800FBE2FF500000F8E46E
:10947B0000A901C510050FA901C510060EA901EC25
:10948B0011057CEDFF8309B301610112B289610102
:10949B0015F806010CF80600EC016101204405915A
:1094AB009D0045010E217FB30BB38975423C39B446
:1094BB00EE6101207175431C6602FB1248C100006E
:1094CB0005EC9700FB1248C1000005166B00056107
:1094DB009D00FB2248C100008221055C91006705BD
:1094EB00054F9D0045010E213DB30BB38975423CE1
:1094FB003972EE6101202F75431C6602FB1248C1C5
:10950B00000005AA9700FB1248C1000005D46A00B1
:10951B00051F9D00FB2248C1000082216601051F2B
:10952B006C00670567057100F0A0893C0B003C0AD5
:10953B00003C0900052B7000A009F80600A8096182
:10954B000119FB1AA41005567700A889610119FBB4
:10955B001AA51005497700A889C510050BA889C560
:10956B0010060AA889EC110596ECFF820905C29C2E
:10957B000045010A2163B20BB28975425C39E5EDF6
:10958B0061012055A889B199069401E301A889B21C
:10959B00116C81069401E301A889B2196D0106943F
:1095AB0001E301A889B2916D81069401E301710079
:1095BB00E475431CFB2248C10000EF017F8F05BB04
:1095CB006F0071001CFBE2FF50000058E1B20BEC86
:1095DB000205709000670467047100E8A1093C83E1
:1095EB00003C82003C81003D07003E02003C07002E
:1095FB003C0600056C6F00E301EC01610119FB1ADD
:10960B009C10059A7600A909610119FB1A9D10059A
:10961B008D7600A909C5100513A909C5100612A955
:10962B0009EC1105DAEBFF840905069C00450112D4
:10963B00217DB40BB48975423F3929ED6101206F4F
:10964B00A90962516633668239BBED9189FBE24809
:10965B00C10000D50E0709A909B19971020705B818
:10966B006E00A081B1896101200CFBE248C10000B2
:10967B00E50E0206A909C5100B06F50006200CFB2A
:10968B001248C100003C1C010AFB1248C100003CFF
:10969B001C00F50106200DFB1248C100003C1D010A
:1096AB006706FB1248C100003C1D00670667067188
:1096BB0000E8A1093C83003C82003C81003D07008F
:1096CB003C0D003D05003C09003C080005936E0075
:1096DB00A009A809610119FB1AAA1005C17500A9F7
:1096EB0009610119FB1AAB1005B47500A909C51066
:1096FB000513A909C5100612A909EC110501EBFF09
:10970B008409A90962516623668239F9EC918905AE
:10971B00209B004501123BA200B40BB48975424754
:10972B003942EC61013A9300A909C510090DA90949
:10973B00B2926C8255120B910AB30905206F00820D
:10974B0009B909057E6E008201B209610112B201ED
:10975B00610115F806010CF80600EC0161012026E9
:10976B00FB1248C10000BA1906C50107214CFBE2E8
:10977B0048C10000C50E0D11FBE248C10000D50E1B
:10978B00050A6706A9097100F0E410023C0C013CC4
:10979B0005003C0401F8060075442FFB32C72CF082
:1097AB00FF6632754112051BBF00710010FBE2FF13
:1097BB00500000F8E4016706670660C0A08105A1B0
:1097CB006D00A009A809610119FB1AE51005CF74FA
:1097DB0000A881610119FB1AE61005C27400A80AE2
:1097EB00A88162426251664305509400610115F8ED
:1097FB0006000CF80601EC0161012012059FE9FF40
:10980B00058FD2FF6621055A9800670367036080B6
:10981B00A0093C03003C02003C0100A809610119AE
:10982B00FB1AE11005787400A809C5100501A809F9
:10983B00C5100603A809EC1105C5E9FF808105F1E8
:10984B0099004501032148B083B00975424D391485
:10985B00EB6101203AA809FBE248C10000C51E07D5
:10986B0004A809FBE248C10000C51E0805A809FBB6
:10987B00E248C10000C51E0906A809FBE248C10069
:10988B0000C51E0A07661105B668006702670271FC
:10989B0000F0A0893C0B003C0A003C09003E010093
:1098AB003C03003C0201A889610119FB1AE2100577
:1098BB00ED7300A889C510050BA889C510060AA869
:1098CB0089EC11053AE9FF82090566990045010A01
:1098DB00216DB20BB28975425F3989EA6101205F54
:1098EB00A889B19971020239E1E9A009B08161013E
:1098FB002022A8093984EA8089B20AB089055598D3
:10990B0000058397005501038089B08905AB97004B
:10991B006704A8897100F0E410023C0C013C0500BF
:10992B003C0401F80600754429FB32F72CF0FF6666
:10993B0032754112058DBD0071001067046704601C
:10994B00C0A0813C07003C06003C05003C0401051F
:10995B00106C00E301EC01610119FB1ABC10053E10
:10996B007300A881610119FB1ABD1005317300A8A2
:10997B0081C5100507A881C5100606A881EC110545
:10998B007EE8FF810905AA9800450106216BB10B02
:10999B00B18975426039CDE96101205DA881B1992A
:1099AB00710204398CE9B1016101200CA881B2115B
:1099BB00710204397CE9B1016101A8812012B199CE
:1099CB0005F89700A881B211053E98006703710056
:1099DB00F0E410023C0C013C05003C0401F80600CD
:1099EB0075442CFB32212DF0FF663275411205D3E5
:1099FB00BC007100106703670360C0A0813C0700C7
:109A0B00055F6B00E301EC01610119FB1AFE100508
:109A1B008D7200A881610119FB1AFF10058072007D
:109A2B00A881C5100607B189755196211DFB1EC073
:109A3B007F10058A47000586A6006611052BADFF32
:109A4B006641051E9600670367037EA66080A0092A
:109A5B00610119FB1AF41005457200A809B119FB35
:109A6B002264C100009029FB1264C10000981A6C9B
:109A7B0042A80BB1B368435732901AFB6264C10022
:109A8B0000B869054E23009069A809B19164F1FBF8
:109A9B002264C1000090A1FB1264C1000098926C7B
:109AAB0082A80B5532079092FB6264C10000B8E1AB
:109ABB000521230090E1A809B211FB2264C100002B
:109ACB0090A9FB1264C10000989A6C42A80BB23BA0
:109ADB0068435732909AFB6264C10000B8E905F302
:109AEB00220090E9A809B21964F1FB2264C10000BD
:109AFB009121FB1264C1000099126C82A80B5532A4
:109B0B000A9112FB6264C10000B96105C622009183
:109B1B0061FB1264C10000B81A660105013600FB37
:109B2B001264C10000B89A661105F33500FB12648C
:109B3B00C10000B819059BA900FB1264C10000B855
:109B4B009905A7A900FB1264C10000B8910573AA7F
:109B5B0000FB1264C10000B911057FAA00A809B26D
:109B6B00997511649009B8097601C20A2409F9099B
:109B7B0001C30A2E0FB8097601EC232307F909015B
:109B8B00EB23FBE264C10000D50E0105FB1264C19F
:109B9B000000B919052EACFFFB1264C10000B91906
:109BAB000568AA0005CBD0FF5F110556A90005D0AB
:109BBB00D0FF5F110564A9000588A4003F66036E02
:109BCB00677100F0A089A0823E0100F80600A88909
:109BDB00610119FB1A101105C57000A881610119EB
:109BEB00FB1A111105B87000A8895D1E6F751E1840
:109BFB004BE1A009E10002EC02A80975431005C670
:109C0B008F00A88E5D676F059A87007517184B76C6
:109C1B007211E803A161A8895D1E6F751E184BE1D7
:109C2B003C9400A8895D1E6F751E184BE13C950096
:109C3B00A88E5D6E6F621E5FE1393803D7616FA826
:109C4B008E5D6E6E614E2A0DDD6E6E621ED76E6E70
:109C5B003F6706A8895D1E70621E5FE1391503D749
:109C6B0061707100F06601A08181098101E3013C03
:109C7B000C01754425FB32502DF0FF661266710501
:109C8B0042BA00710010FBE20251000058EE755E03
:109C9B00FE2A11FBE20251000058EF621FC3EF3F97
:109CAB0067063F67067EA66040E301610119FB1A58
:109CBB00121105EA6F00EC015D1E6E610E2B45EC77
:109CCB00015D1E70751E184BE13E1400EC015D1E0C
:109CDB0070751E184BE13C9400EC015D1E70751EF7
:109CEB00184BE13C9500EC065D6E70621E5FE1392E
:109CFB008202D76170EC01DD1E6E601ED71E6E3FB7
:109D0B0066023F66027100ECA1013C0F003E0200AF
:109D1B0005918600A009A901610119FB1A1611050D
:109D2B007D6F003C0F01A9015D1E6E610E2A053887
:109D3B008800A9015D1E70751E184BE1A081A881DA
:109D4B00A911068501012271A88160C06251E3014E
:109D5B003C08013E010875442DFB32762DF0FF6661
:109D6B001266710553BB0062C0A809A88206812147
:109D7B00047100F0A0813C0C013C05003C0401F88F
:109D8B000600754424FB32A42DF0FF6612667105A4
:109D9B0032B900710010A901390DFF3C0F00FBE235
:109DAB000351000058EE755EFE2A0EFBE2035100D4
:109DBB000058EF621FC3EFB389610115F806000C61
:109DCB00F80601EC0161013B5CFF67056E677100F2
:109DDB00F0A089A082A00AF80600A889610119FBEE
:109DEB001A041105B96E00A881610119FB1A05113E
:109DFB0005AC6E00A8895D1E72751E144BE17111C6
:109E0B0078E301A80AEC0175431005BA8D00A88E02
:109E1B005D6772058E85007517144B767211E8031A
:109E2B00E76122A88E5D6E72621E5FE1394501D734
:109E3B006172A88E5D6E71614E2A0DDD6E71621EB0
:109E4B00D76E713F6706A8895D1E73621E5FE1398D
:109E5B002201D761737100F06601A0818109810134
:109E6B00E3013C0C01754425FB32C92DF0FF661252
:109E7B006671054FB8007100103F67067EA6604003
:109E8B00E301610119FB1A0E1105136E00EC015D64
:109E9B001E71610E2B2CEC015D1E73751E144BE1B4
:109EAB00F9162200EC065D6E73621E5FE139C40089
:109EBB00D76173EC01DD1E71601ED71E713F660208
:109ECB003F66027100ECA1013C0F003E020005D37E
:109EDB008400A009A901610119FB1A0D1105BF6DC1
:109EEB00003C0F01A9015D1E71610E2071A9015D7E
:109EFB001E73751E144BE1711178A081A881A911F5
:109F0B00068501012258A88160C06251E3013C081B
:109F1B00013E010875442DFB32EF2DF0FF661266F2
:109F2B00710595B90062C0A809A882068121047148
:109F3B0000F0A0813C0C013C05003C0401F806003C
:109F4B00754424FB32A42DF0FF661266710574B7BD
:109F5B0000710010A9013926FF3C0F00B389610184
:109F6B0015F806000CF80601EC0161013B75FF6763
:109F7B000560809089B889EF1EFD749E05635E4372
:109F8B00E19009D5000102B8816702608081898167
:109F9B00823C04003C0300B189450106202DB181B0
:109FAB004501072B15B1814101078089B089755196
:109FBB008024183C04012E13B1894101068089B01D
:109FCB008975518123053C0401C5000405B109675E
:109FDB000260C0A081A00A808BA881610119FB1AC5
:109FEB00021105BA6C00A8096121204661112024D9
:109FFB006101215CB0896101A882200DFB127CC13B
:10A00B00000039BDFB6703FB127CC1000039BFFDAB
:10A01B006703B0896101A882200DFB1264C20000A6
:10A02B00399FFB6703FB1264C2000039A1FD670374
:10A03B00B0896101A882200DFB124CC3000039814D
:10A04B00FB6703FB124CC300003983FD6703FB1A4C
:10A05B000311054A6C0067037100E4A1813C870082
:10A06B003E04003E03003C0B003C0A003D04003D57
:10A07B000300A981610119FB1A171105216C003C22
:10A08B008701A981D5106E04A981D5107103B9017F
:10A09B00610112B889610115F806010CF80600EC94
:10A0AB000161013A1701A9815D1E70751E184BE104
:10A0BB00A101A9815D1E73751E144BE1711178A06E
:10A0CB0089A901C510050BA889C510050AA901B5F9
:10A0DB00116101200DA901B51961011DF806010CD3
:10A0EB00F80600EC0161012074B282B289399EFE40
:10A0FB0061012069A9017100F066128302E410026C
:10A10B00810A8102F80600754438FB321D2EF0FFE0
:10A11B00667105AFB500710010A90160C06251E313
:10A12B00013C08013E010875442BFB32562EF0FF13
:10A13B00661266710582B70062C0A9813969FB3C62
:10A14B008700FBE20451000058EE755EFE2A0EFB01
:10A15B00E20451000058EF621FC3EFB58961012083
:10A16B005BB28AB2813926FE61012050A889710049
:10A17B00F066128302E41002810A8102F806007570
:10A18B004438FB32822EF0FF66710537B500710043
:10A19B0010A88960C06251E3013C08013E010875BB
:10A1AB00442BFB32562EF0FF66126671050AB70080
:10A1BB0062C0A98139C8FC3C8700B589610115F8DB
:10A1CB0006000CF80601EC0161013BB5FE67077E4A
:10A1DB00A67100E4A1813C87003E04003E03003CD5
:10A1EB000B003C0A003D04003D03003D0200A98129
:10A1FB00610119FB1A181105A56A00A981D5106E0A
:10A20B0003A981D5107102B88906C501042B0EB8BC
:10A21B008106C501042B06F806010CF80600EC01BB
:10A22B0061012074A9865D6E7006C90E045FE13969
:10A23B0042FD7511184B16A106A9865D6E7306C9F2
:10A24B000E045FE1392DFD7511144B16716678A064
:10A25B008EA901C510050BA889C510050A3C8701FD
:10A26B00B28945010A2134A901EC1EA88906A00D6B
:10A27B001E613E2126A88AA90162526251667305AE
:10A28B00B9890061012014A9013C95013C87009913
:10A29B0001621191010C3C8701B589610115F8062A
:10A2AB00000CF80601EC0161013B52FF3F660860B0
:10A2BB0040E301610119FB1A1B1105E26900EC0176
:10A2CB003945FAEC0139FEFBEC01398EFDEC013915
:10A2DB0000FF670160C0A0813E0100F80600A88165
:10A2EB00610119FB1A1C1105B56900A881F9156EDE
:10A2FB0000A881F9157100A881F9157000A881F9E2
:10A30B00157300A881F9156F00A881F91572003E2D
:10A31B0001002E68A80975111806890102E301ECEA
:10A32B0001754310660205868900A8097511180688
:10A33B008901023E1400A809751118068901023C17
:10A34B009400A809751118068901023C9500A8090B
:10A35B0075111406890102711178E301EC01754343
:10A36B0010660205498900A80975111406890102B6
:10A37B00F9162200A8096211A009A80961512396B8
:10A38B0067037100E8A109A1023C0E003E02003EEA
:10A39B000100F80600A909610119FB1A1D1105FE40
:10A3AB006800A901610119FB1A1E1105F16800A9CA
:10A3BB00095D1E70751E184BE1A081A881B519614E
:10A3CB00012041E5000401E10002EC02A8097543FC
:10A3DB001005F38700A90160C06251E3013C08013D
:10A3EB003E010866B4FB32BB2EF0FF6612667105A8
:10A3FB00C7B40062C0A9093985FAA90939A9F83C83
:10A40B000E01C5000E0FB38967067EA67100E4A18D
:10A41B0081A10AA103A08C3D04003E0100A981D5B6
:10A42B00106E01F80500A981610119FB1A231105B2
:10A43B006D6800A909610119FB1A241105606800F8
:10A44B00A889610119FB1A2511055368003D040009
:10A45B002E76A9865D6E7006C90E045FE13914FB7A
:10A46B007511184B16A00EA809B51161012153A83F
:10A47B0089EC1E62CE06850E04250AFB1A261105F1
:10A48B001D6800A889EC1106890105A80A66430519
:10A49B00358700A889EC1E624EE31EA889EC1106D5
:10A4AB00890105A80A62526683051B8700A889ECFF
:10A4BB001E628EE31EA8093C9401DC016211D301DC
:10A4CB00990162119101B90106C501012986D400D8
:10A4DB0005B9093F6608FB127CC1000039F8FDFB8A
:10A4EB001264C2000039EFFDFB124CC3000039E6C9
:10A4FB00FD0260C0A081818AF80600A88161011964
:10A50B00FB1A0C1105986700A88105D4DEFFE30147
:10A51B00EC0161313AC000711EFB612E220538B689
:10A52B000061913AB10061A1207875519320737548
:10A53B0051123AA2007551143A9C007551182057CC
:10A54B0075511B20527551233A8C0075512B3A864D
:10A55B0000711ED3612E237E7551302079755133D6
:10A56B002074711ECB612E236D75513C20347551B7
:10A57B003F202F755147202A711EB3612E2323755F
:10A58B00515C201E711EA1612E2317755170201274
:10A59B007551112118B18BA88166023936FA670300
:10A5AB00B18BA8816612392BFA6703EC017100F0AD
:10A5BB00A0813C0C013C05003C0401F806007544ED
:10A5CB0018FB32C72EF0FF6612667105F6B00071EC
:10A5DB00001067036703FB127CC1000039D3FCFB3F
:10A5EB001264C2000039CAFCFB124CC3000039C113
:10A5FB00FC026080A0093C0200A809610119FB1A4A
:10A60B002911059A6600B0816101210FA80AFB127E
:10A61B007CC10000396EFD8081B0816101210FA8E2
:10A62B000AFB1264C20000395BFD8081B0816101BD
:10A63B00210FA80AFB124CC300003948FD8081C5CD
:10A64B00000203B08967027100ECA101A08A3D03EF
:10A65B0000F80600A901610119FB1A1F11053F66DD
:10A66B0000A88961D1240AFB1A201105316600EC80
:10A67B00016221E301A88BA902EF04FB127CC1004C
:10A68B00003989FD06C901039089A88BA902EF0443
:10A69B00FB1264C200003974FD06C901039089A83E
:10A6AB008BA902EF04FB124CC30000395FFD06C9F6
:10A6BB0001039089A901662371020605098500EC47
:10A6CB0001A08167057100DCA201A18A3D0D003E4E
:10A6DB0005003E0400AA01610119FB1A211105BEF8
:10A6EB006500AA02662371011A05DB8400A90962C1
:10A6FB0021A1093E04002E4DA90962C1068501075F
:10A70B00250AFB1A221105966500AA020689020585
:10A71B006643EF0105B08400A9096241A109AA02B1
:10A72B00068902056683710105059B8400A90962F0
:10A73B0081A1093C04086602EF0139B8FDA9016249
:10A74B0011A101BB090685010424AF67096040FB19
:10A75B00E202510000C4E002FBE202510000F8E407
:10A76B0000C5000203B08967016040FBE2035100A2
:10A77B0000C4E002FBE203510000F8E400C5000254
:10A78B0003B08967016040FBE204510000C4E002A2
:10A79B00FBE204510000F8E400C5000203B0896736
:10A7AB000105DC7B006111200E6101211166110591
:10A7BB008030002E1166010578300009FB1A0F104E
:10A7CB0005DC640005040800027EA67100ECA10103
:10A7DB00A08A910BA889610119FB1A131005BF649C
:10A7EB000005180900A90105EE0900B909050208C1
:10A7FB0000E301EC01612120296111201D61012180
:10A80B002A051A0C006101200CA88E05FB0900E338
:10A81B00612E20F806022E1B66B1056763002E130E
:10A82B00FB1A19100578640009FB1A0910056F64EF
:10A83B0000EC01A0093F66067100ECA101A08A9112
:10A84B000BA901610119FB1A141005526400A889A8
:10A85B00610119FB1A221005456400059E0800A82A
:10A86B008905DB0900B90905880700E301EC0161E3
:10A87B002120266111201A6101212705A00B0061FF
:10A88B00011EF806022E23A901050F0A002E1B66D6
:10A89B00C105F062002E13FB1A1A100501640009A2
:10A8AB00FB1A0B1005F86300EC01A009670571009A
:10A8BB00ECA101A08A910BA901610119FB1A3B10B4
:10A8CB0005DC6300A889610119FB1A3C1005CF63F5
:10A8DB000005280800A88905930900B90905120786
:10A8EB0000E301EC01612120276111201A61012194
:10A8FB0028052A0B0061011EF806022E24A901056A
:10A90B00BE09002E1C754110057962002E13FB1A2F
:10A91B003710058A630009FB1A381005816300ECB8
:10A92B0001A009670560809089FB1234C400000503
:10A93B00A8860005C60700FB1234C4000005A50954
:10A94B0000B88905AC0600E30105E78600EC016160
:10A95B00213A050161113AF80061013B050105BD82
:10A96B000A0061013A0601FB12E4C4000005A309C9
:10A97B000005BF860061113ACB0005B68600613138
:10A98B00212C7200A0FE754EB0FB2234C40000EFE8
:10A99B0001EFE37F8FEF017211B000FB22E4C400E3
:10A9AB0000EFE37F8F39B602720060017200A0FEE8
:10A9BB00754EB0FB2234C40000EF01EFE37F8FEF45
:10A9CB00017211B000FB22E4C40000EFE37F8F396A
:10A9DB006A05720060017200A0FE754EB0FB223456
:10A9EB00C40000EF01EFE37F8FEF017211B000FBAA
:10A9FB0022E4C40000EFE37F8F3972027200600122
:10AA0B007200A0FE754EB0FB2234C40000EF01EFC4
:10AA1B00E37F8FEF017211B000FB22E4C40000EF63
:10AA2B00E37F8F39270272006001720050FF75437C
:10AA3B00B0FB22E4C40000EF017F8F395601720096
:10AA4B00B000FB12E4C4000005AE8500670266D1BE
:10AA5B00053161006702FB1A1B1005426200670299
:10AA6B00FB1A0C1005386200670267026080908940
:10AA7B000589060005C10800B88905750500E301C5
:10AA8B00EC01612120466111203A61012148058DBD
:10AA9B000900610121287100F06601A08181098103
:10AAAB0001E3013C0C01754419FB32E02EF0FF660B
:10AABB00126671050EAC0071001067020594080058
:10AACB00670266E105BD60006702FB1A1C1005CE2C
:10AADB0061006702FB1A1D1005C46100670271005B
:10AAEB00D8A189A202A20B918C3C0D003D05012E31
:10AAFB005205080600AA0BAA02A98905660800B927
:10AB0B008905EE0400A009A8096121201F6111200D
:10AB1B00136101212005060900610120203C0D0174
:10AB2B002E1B66F1055D60002E13FB1A1E10056EC1
:10AB3B00610009FB1A1F10056561009909621191EB
:10AB4B0009B309610115F806000CF80601EC016167
:10AB5B0001200CB90961112406F806010CF8060056
:10AB6B00EC016101218DB309610115F806000CF8A8
:10AB7B000601EC01610111FB1A2010052161000592
:10AB8B00510800A101A10AA183A901A90AA9836700
:10AB9B000A6E6760403D0100710610FBE205510033
:10ABAB000058EE610E2048B8EF05B17B004B1790B3
:10ABBB000FB80905B77B00B96F05C57B004B179024
:10ABCB000FB80905CB7B0005B6770061012114A9ED
:10ABDB006905F08900B96105DB7B00B9E105F97BFB
:10ABEB0000FBE205510000F8E4003F670305907796
:10ABFB00006111202761012145A96905C68900B8AB
:10AC0B00E905697B00B96905877B00B96105A57BFF
:10AC1B0000B9E105C37B003F670305407B0006C518
:10AC2B006103176691055C5F0005557B0006C561E6
:10AC3B0005201666A1054C5F003F6703FB1A101039
:10AC4B00055C60003F67033F6703AD090685014163
:10AC5B0012FB1A2410054760000202B1814501B6B0
:10AC6B0012FB1A26100537600002026E6860403C2A
:10AC7B0003007206C4007107143D0096597E6045AF
:10AC8B006E602035597E60611E1766110556B9FF3F
:10AC9B003C03017100F06601A08181098101E30190
:10ACAB003C0C01754439FB32FA2EF0FF66326671AB
:10ACBB000511AA00710010597E54456E5420355968
:10ACCB007E54611E176611052FB9FF3C03017100FD
:10ACDB00F06601A08181098101E3013C0C017544FF
:10ACEB003EFB32342FF0FF6632667105D6A9007138
:10ACFB000010FBE20651000058E8055A8A0045187F
:10AD0B000C201505518A00FBE206510000C11E0CF8
:10AD1B00661105A2B8FFFBE20751000058E80536A3
:10AD2B008A0044182014052E8A00FBE2075100000C
:10AD3B00C01E66110580B8FFAFF10685611E202F7E
:10AD4B007100F06601A08181098101E3013C0C01D6
:10AD5B00754439FB32732FF0FF663266710564A9B7
:10AD6B0000710010660105A4B8FF3C03015D7E3144
:10AD7B0006C56E3120367100F06601A08181098114
:10AD8B0001E3013C0C0175443CFB32AD2FF0FF6637
:10AD9B00326671052EA9007100103C0301FBE29491
:10ADAB00AF00005CE105DF8A000AFBE294AF000014
:10ADBB00D17E31597E56456E562038597E56456E9A
:10ADCB005628095961560558B8FF7100F06601A065
:10ADDB008181098101E3013C0C01754437FB32EAA7
:10ADEB002FF0FF6632667105DAA8007100103C0384
:10ADFB0001597E57456E572038597E57456E572857
:10AE0B00095961570528B8FF7100F06601A08181CF
:10AE1B00098101E3013C0C01754437FB322230F010
:10AE2B00FF66326671059CA8007100103C03015946
:10AE3B007E5E456E5E207FDD713406610D6134D31D
:10AE4B00015C016101206FFBEEFFF60006E00C0ECA
:10AE5B002113597E5E456E5E285C59615E05EA8959
:10AE6B00002E535D71347100F066128302A0818154
:10AE7B000A8102F80600754443FB325A30F0FF6634
:10AE8B00326671053EA8007100105D61347100F0EF
:10AE9B00A0813C0C003C05013C0401F806006664F3
:10AEAB00FB329E30F0FF663266710517A800710009
:10AEBB00103C0301AF710681611CAF7A0681621DE4
:10AECB0057216101203DAF79AF720685621C06A147
:10AEDB0000611D222EAF6AAF6105EFB6FF7100F066
:10AEEB006601A08181098101E3013C0C017544429B
:10AEFB00FB32A530F0FF6622667105C7A700710013
:10AF0B0010B08961112125FBE20851000058EF6256
:10AF1B001FC3EFFBE20851000058EE615E2319FBE3
:10AF2B001A271005795D003F6804FBE20851000009
:10AF3B00F8E4003F68043F680460C0E5004002721B
:10AF4B000EC000710F10E5F01001D5E00701D1F034
:10AF5B0007052C74006111202C6101214DA881770C
:10AF6B00215535F3A081A8097721AACAFCA009B8FD
:10AF7B00097721F6FF0090095C017721FDFF00D3D3
:10AF8B00012E2FA8817721AACAFCA081A8097721BD
:10AF9B005535F3A009B8097721FDFF0090095C0135
:10AFAB007721F6FF00D30109FB1A211005F05C0095
:10AFBB00A8090695010205F88600DC01065501017A
:10AFCB005F11057A87006703393101FBE2E12C0041
:10AFDB0000F8E400FBE2E02C0000FBF2E12C0000A7
:10AFEB00C0FEFBE2E02C000058EF601FC3EF026EC7
:10AFFB00677100EC92093E02003C0700FBE27AAE5F
:10B00B0000005CEE610E19FB1A071005915C00FB4A
:10B01B00E27AAE00005CE6BA0F0517800061111DE5
:10B02B00F806000CF80601EC016040C301FB22CED0
:10B03B00220000EF61EF23EF740535290062408198
:10B04B0089610115F806000CF80601EC0161011588
:10B05B003E02010C3E0200A881A0893F67077EA635
:10B06B007100F08389A082FB12CE220000A009B3ED
:10B07B008939FA00610115F806000CF80601EC019C
:10B08B00610111FB1A001005155C00A88177010006
:10B09B000001230AFB1A081005045C00B389A80AF7
:10B0AB00C321FBE2E12C0000A809C4E101A881A89F
:10B0BB000A9029A80E66036642EF61055E5600A052
:10B0CB0069A80EB86A71610C6603054F5600A0E1C2
:10B0DB00B90162C1FBE27AAE0000D3E1FBE2E02CE6
:10B0EB000000FBF2E12C0000C0FEFBE2E12C0000B3
:10B0FB0058EF621FC3EF3F6605FB3A120A6602FB6D
:10B10B0012CE22000005A77B00FBE27AAE0000F80E
:10B11B00E500026040FBE2E02C0000C4E003B089D4
:10B12B006701604080890557720061112010610131
:10B13B002131FB1A0D1005665B006701FBE2E12C68
:10B14B000000C10E03FBE2E02C0000FBF2E12C003F
:10B15B0000C0FEFBE2E12C000058EF621FC3EF675B
:10B16B0001FB1A0E1005375B006701608081893C7B
:10B17B00050005BE7E0060116131244BB189611160
:10B18B0016B18961211DF806010CF80600EC01616E
:10B19B00011EB18961311DF806010CF80600EC01A6
:10B1AB0061011EB18961411DF806010CF80600EC26
:10B1BB000161011EB18961511DF806010CF80600F1
:10B1CB00EC01810909FB1A171005D35A00C50005BC
:10B1DB0006B18167026080A0093C0300A8096011D9
:10B1EB006131241AC5000403FBE2CE220000C50E18
:10B1FB00030C6611EF120568FEFF6702FB1A0110C4
:10B20B00059C5A0067027100F0FBE2CE220000C5DC
:10B21B00E00C0BB289610117B28961512906F8065E
:10B22B00010CF80600EC01610111FB1A0210056E0E
:10B23B005A00B289A009A809A08967046080A009F7
:10B24B00610119FB1A031005555A00E10001EC02CC
:10B25B00FB12CE22000062C175431405697900759B
:10B26B004214662105FAFDFF67026080A0096101A7
:10B27B0019FB1A391005275A00E10001EC02FB12E9
:10B28B00CE22000062C1754318053B790075421848
:10B29B00662105CCFDFF67026080A009610119FBE7
:10B2AB001A041005F95900E10001EC01FB22CE2232
:10B2BB00000062C2754314050D790067026080A01F
:10B2CB0009610119FB1A3A1005D45900E10001EC90
:10B2DB0001FB22CE22000062C275431805E87800FC
:10B2EB0067026080A009610119FB1A051005AF59AF
:10B2FB0000E10001EC02FB12CE22000062C175439B
:10B30B00B005C378007542B066310554FDFF670286
:10B31B006080A009610119FB1A061005815900E133
:10B32B000001EC01FB22CE22000062C27543B00586
:10B33B009578006702FB12CE22000062C1FB2A0245
:10B34B00030506F3FFFB2A020366410513FDFF020B
:10B35B00FB12CE22000062C1FB2A02030569F3FF38
:10B36B00027100ECA081A08AA103F80600FB12CEAB
:10B37B0022000062C16643710208054A7800FB1285
:10B38B00CE220000711110662371020C0538780073
:10B39B003E01002E28A90206890201FB12CE2200D3
:10B3AB000006880171111266A3051B7800EC01627F
:10B3BB00A1E301A80972110001A009A809770100F6
:10B3CB00000123D3FB2A060A66510594FCFF67058F
:10B3DB007100E0FB22CE22000062C26643710110B5
:10B3EB0005E47700E10004FB22CE2200007122105D
:10B3FB00662371010E05CF7700D5000702FB12CE35
:10B40B00220000711112A081E40005D500020CE5A9
:10B41B00000207A909A982A98B670860803C060076
:10B42B00398800610115F806000CF80601EC016182
:10B43B0001200E754111054B57003C06002E233998
:10B44B002900610115F806000CF80601EC016101F9
:10B45B00200D754112052C57003C06000C3C0601D3
:10B46B00C5000607B18967027100EC3E03003C0B77
:10B47B00003E0100FB12CE220000E301EC0162C191
:10B48B00A089EC01B81AA8896603058F5200A009A0
:10B49B00EC01A80A06851202153C0B000C3C0B01B3
:10B4AB00C5000B13B48967057100E43E05003C83AE
:10B4BB00003C82003E03003C0B00FB12CE2200003E
:10B4CB00A009E5000105A809C41012A909660366C5
:10B4DB004205485200A089053CFCFF8289B48105D6
:10B4EB008CFCFF610115F806000CF80601EC0161FC
:10B4FB0001202FB4817100F0A0813C0C013C0500B0
:10B50B003C0401F8060075441CFB32E830F0FF6682
:10B51B0022667105AEA1007100103C8300388501D5
:10B52B00A809A88A068512012055A8897100F06622
:10B53B00128302A081810A8102F80600754421FB67
:10B54B00320531F0FF662266710578A1007100109B
:10B55B00A8097100F066128302E5100102810A81CD
:10B56B0002F8060066B4FB322731F0FF66226671E3
:10B57B000551A1007100103C8300382801A809B2C5
:10B58B008A4512013AA000B2897100F0A0813C0CEF
:10B59B00013C05003C0401F80600754419FB3233ED
:10B5AB0031F0FF66226671051AA100710010A8091F
:10B5BB00B0197100F066028302A081810AE3023C9C
:10B5CB00040166B4FB322731F0FF6622667105F386
:10B5DB00A0007100103C830005A56D0061013AC409
:10B5EB000061112136A809B0190539FBFF0526FBAF
:10B5FB00FF7100F03C0C01A0813C05003C0401F8FC
:10B60B000600754414FB324D31F0FF66126671056E
:10B61B00B2A000710010388C00FB1A1210057F5677
:10B62B0000388100A809B8196111200EA809B819B2
:10B63B0075511415F806010CF80600EC0161012098
:10B64B000EA809B8197551B015F806010CF80600CB
:10B65B00EC016101200FA809B8197601020315F856
:10B66B0006010CF80600EC016101200FA809B819BE
:10B67B007601060A15F806010CF80600EC016101CB
:10B68B00200EA809B81975511815F806010CF80603
:10B69B0000EC01610112FB1A1610050256000C3C5E
:10B6AB008301C500131BB6896707FBEEFE0308F881
:10B6BB00E90BA5FBEE1FC108F0EFFBEE1FC108F075
:10B6CB00E602FBEE1FC108F0EEFBEE1FC108F0E730
:10B6DB00FBEEFE0308F8E900A50239D0FFFBEE10E4
:10B6EB000008ECEF7B1FE3EFFBEE0090085CEF77BD
:10B6FB002FFFEF00D3EFFBEE0090085DEF48762FA6
:10B70B00FF7FD7EF48FBEE0090085DEF48772FFFE8
:10B71B00DF00D7EF48FBEE807008F0E8FBEE80709F
:10B72B0008F2E89001FBEE009008F8E90002FBEE4E
:10B73B00009008F9E9080006FB1E0090083C1C006D
:10B74B00FBEE009008F9E47A00FBEE009008F9E4B8
:10B75B00E051FBEE009008F9E4E151FB1E0090086C
:10B76B003D1203FBEE009008F9E9331B03FBEE00DF
:10B77B0090085DEFD8772FF7FF00D7EFD8FBEE00DF
:10B78B009008DDEFD0659F772FF9FF00D7EFD0FB47
:10B79B00EE0090085DEFD8772F7FFF00D7EFD8FB37
:10B7AB00EE009008DDEFD0763F9000772F9FFF00E3
:10B7BB00D7EFD0FB1E0090083D1700FBEE00900862
:10B7CB00F9E47D02FBEE009008DCEF78CFD3EFFBC2
:10B7DB00EE009008F9E54800FBEE8070085AEF0088
:10B7EB0003783F762FF800CBEF0003FBEE04C00885
:10B7FB00754FFE51EF60C7EF60FBEE04C008754F4D
:10B80B00FE50EFC3EFFBEE60C108F8E480FBEE04E3
:10B81B00C008754FFD51EF60C7EF60FBEE04C00829
:10B82B00754FFD50EFC3EFFB1E60C1083C11803913
:10B83B0093FE02FBEE807008F0E8FBEE807008F2DE
:10B84B00E09001FBEE009008DCEF789FD3EF0260F5
:10B85B0080FBEE0090085CEEFC5AEE1104610E1DAD
:10B86B00F806010CF80600EC018189B1896702FB2F
:10B87B00EE0090085CEF772FFFFD00D3EFFBEE009F
:10B88B0090085CEF762FFF7FD3EFFBEE807008F212
:10B89B00E89001FBEE807008F0E8026080A009617F
:10B8AB0021290CFB1A0F2505F553002E0FFBE29CEB
:10B8BB000CF0FFA809FE61EED0E0D40001B80967D7
:10B8CB000239E9FDFBEE100008ECEF7B0FE3EFFB19
:10B8DB00EE0092085CEF772FFFEF00D3EFFBEE004B
:10B8EB0092085DEF48762FFF7FD7EF48FBEE009273
:10B8FB00085DEF48772FFFDF00D7EF48FBEE009294
:10B90B0008F8E500FB1E0092083C1C00FBEE0092C1
:10B91B0008F9E47A00FBEE009208F9E4E051FBEE43
:10B92B00009208F9E4E151FB1E0092083D1203FB63
:10B93B00EE0092085DEFD8772FF7FF00D7EFD8FB1B
:10B94B00EE009208DDEFD0780F772FF1FF00D7EFE5
:10B95B00D0FBEE0092085DEFD8772F7FFF00D7EF7B
:10B96B00D8FBEE009208DDEFD0784F772F1FFF004A
:10B97B00D7EFD0FB1E0092083D1700FBEE0092089C
:10B98B00F9E47D02FBEE009208D0EEFBEE0092088C
:10B99B00F9E54800FBEE04C008754FEF51EF60C7A7
:10B9AB00EF60FBEE04C008754FEF50EFC3EFFBEEFB
:10B9BB0064C108F8E480FBEE04C008754FDF51EF5B
:10B9CB0060C7EF60FBEE04C008754FDF50EFC3EFAD
:10B9DB00FB1E64C1083C118039EAFC02FBEE0092AD
:10B9EB0008DCEF78FFD3EF026080FBEE0092085C7F
:10B9FB00EEFC5AEE1104610E1DF806010CF8060060
:10BA0B00EC018189B1896702FBEE0092085CEF764D
:10BA1B002FFF7FD3EF026080A0096121290CFB1A55
:10BA2B000E25057A52002E0FFBE2A40CF0FFA8099D
:10BA3B00FE61EED0E0D40001B8096702396EFCFB61
:10BA4B00EE100008ECEF7B7FE3EFFBEE0094085C5D
:10BA5B00EF772FFFEF00D3EFFBEE0094085DEF487D
:10BA6B00762FFF7FD7EF48FBEE0094085DEF48770A
:10BA7B002FFFDF00D7EF48FBEE009408F8E500FB43
:10BA8B001E0094083C1C00FBEE009408F9E47A00BD
:10BA9B00FBEE009408F9E4E051FBEE009408F9E4A6
:10BAAB00E151FBEE009408F9E4E251FBEE0094083F
:10BABB00F9E4E351FBEE009408F9E4E651FBEE00E8
:10BACB009408F9E4E751FBEE009408F9E4EB51FB21
:10BADB00EE009408F9E902CF08FB1E0094083D170D
:10BAEB0000FBEE009408F9E47D02FBEE009408D015
:10BAFB00EEFBEE009408F9E54800FBEE65C0087517
:10BB0B004FFB50EFC3EFFBEE05C008754FFB50EF3B
:10BB1B00C3EFFBEE6AC108F8E480FBEE65C0087565
:10BB2B004FF750EFC3EFFBEE05C008754FF750EF23
:10BB3B00C3EFFB1E6AC1083C1180FBEE65C00875A4
:10BB4B004FEF50EFC3EFFBEE05C008754FEF50EF13
:10BB5B00C3EFFB1E6AC1083C1280FBEE65C0087583
:10BB6B004FDF50EFC3EFFBEE05C008754FDF50EF13
:10BB7B00C3EFFB1E6AC1083C1380FBEE66C0087561
:10BB8B004FFE50EFC3EFFBEE06C008754FFE50EFB4
:10BB9B00C3EFFB1E6AC1083C1680FBEE66C008753E
:10BBAB004FFD50EFC3EFFBEE06C008754FFD50EF96
:10BBBB00C3EFFB1E6AC1083C1780FBEE66C008751D
:10BBCB004FDF50EFC3EFFBEE06C008754FDF50EFB2
:10BBDB00C3EFFB1E6AC1083C1B8039E8FA02FBEE7F
:10BBEB00009408DCEF78FFD3EF026080FBEE00944B
:10BBFB00085CEEFC5AEE1104610E1DF806010CF800
:10BC0B000600EC018189B1896702FBEE0094085CA8
:10BC1B00EF762FFF7FD3EF026080A0096191290C93
:10BC2B00FB1A0E25057850002E0FFBE2AC0CF0FF33
:10BC3B00A809FE61EED0E0D40001B80967026040AC
:10BC4B008089B08961111E3997FF670139BEFF6783
:10BC5B00010570FCFF05E7FDFF661105E3FFFF66BD
:10BC6B0002FB1A030605672A006642FB1A000D0544
:10BC7B007328006602FB1A020605532A006642FB74
:10BC8B001A000D055F2800026080F8060005F066BB
:10BC9B000061011A66210582FFFFE30109661105A8
:10BCAB0079FFFFE301EC01A00967026080F8060051
:10BCBB0005CD660061011A6611055FFFFFE30109FF
:10BCCB0066210556FFFFE301EC01A00967026080C6
:10BCDB00F8060066010543FFFFE301EC01A00967CD
:10BCEB00026080F8060066410530FFFFE301EC01BE
:10BCFB00A00967026080F806006651051DFFFFE38F
:10BD0B0001EC01A00967026040FB1A0306051F2A1C
:10BD1B000061111D3C02010C3C0200C5000203B086
:10BD2B008967016040FB1A020605032A0061111D99
:10BD3B003C02010C3C0200C5000203B089670160A4
:10BD4B004005A7FCFF8089B089670160406601054B
:10BD5B00C7FCFF9009B80967016040661105B9FC83
:10BD6B00FF9009B80967010575FCFF026040F805F3
:10BD7B000005463A00D301D40001B80967016040C1
:10BD8B00F8050005773A00D301D40001B809670123
:10BD9B00604005351800E3016701608090897611DA
:10BDAB008813FD7891FF0F7611E803FD789113014D
:10BDBB009009D5000102B8816702608090897611E5
:10BDCB008813FD7891FF0F9009D5000102B88167A8
:10BDDB0002608090897611FF0FFD7891881390098E
:10BDEB00D5000102B881670260C03E0100F8060071
:10BDFB0005C3850076111301FD7891E803E3015C1F
:10BE0B000139D0FFA009A809A0816703FBEE14003C
:10BE1B0008FAE9F50102A5FBEE140008ECEF7A0F26
:10BE2B00E3EFFBEE140008FAE9F50102A50271003D
:10BE3B00F0A089F90A0200013E0100A88961613A6C
:10BE4B0089016131206361413ABD0061513A1601AC
:10BE5B0061213BE801FBE2500DF0FFECEEF2EA4012
:10BE6B00060FA8816011A081FBE2500DF0FFECEEF4
:10BE7B005AEE4206FC5AEE1E04610E200DA809066E
:10BE8B0085010215F806010CF80600EC0161012191
:10BE9B00D3A8090685010219FB1A862505004E0059
:10BEAB006641398CFF670466513985FFFBE2500D03
:10BEBB00F0FFECEEF2E240060FA8816011A081FBCF
:10BECB00E2500DF0FFECEE5AEE4206FC5AEE1E0469
:10BEDB00610E15F806000CF80601EC016101200D4E
:10BEEB00A8090685010215F806010CF80600EC01FD
:10BEFB00610121C7A88161013B4C01FB1A87250514
:10BF0B009D4D006704FBE2500DF0FFECEE5AEF4045
:10BF1B0006780F762FFD00CBEF40060FA88160113E
:10BF2B00A081FBE2500DF0FFECEEF6E0420615F8B7
:10BF3B0006000CF80601EC016101200DA80906852D
:10BF4B00010215F806010CF80600EC01610121CE87
:10BF5B00A809068501023BEE00FB1A8A25053F4D19
:10BF6B00006704FBE2500DF0FFECEE5AEF40067851
:10BF7B001F762FFE00CBEF40060FA8816011A0812A
:10BF8B00FBE2500DF0FFECEE5AEE4206FC5AEE1FB0
:10BF9B0004610E15F806000CF80601EC0161012096
:10BFAB000DA8090685010215F806010CF80600EC30
:10BFBB0001610121C7A809068501023B8900FB1A13
:10BFCB00882505DA4C0067043944FEFBE2500DF07E
:10BFDB00FFECEE754FFC52EF4006CBEF40060FA87F
:10BFEB00816011A081FBE2500DF0FFECEE5AEE42A6
:10BFFB0006FC5AEE1F04610E210FFBE2500DF0FF01
:10C00B00ECEEF6E0420615F806010CF80600EC0122
:10C01B006101200DA8090685010215F806010CF82F
:10C02B000600EC01610121B9A80906850102211660
:10C03B00FB1A8B2505684C006704FB1A8925055EE6
:10C04B004C00670467047541AA051883FFFBEE6873
:10C05B00730859EF42656F762FF600C7EF427541B3
:10C06B00AD050083FFFBEE68730859EF42657F76E1
:10C07B002FF700C7EF4275416A05E882FFFBEE68B8
:10C08B007308EDEFB6780FE7EFB6FB1E687308B0D9
:10C09B009278127622F2008092FBEE2C0409FAE4DD
:10C0AB002004FFFBEE2C0409F8E60002FBEE1FC197
:10C0BB0008F0EFFBEE1FC108F0E6FBEE1FC108F91D
:10C0CB00E43310FBEE62C00858EF782FC3EFFBEEA2
:10C0DB001FC108F9E43410FBEE62C00858EF783F3B
:10C0EB00C3EFFBEE1FC108F0EFFBEE1FC108F0EE34
:10C0FB00FBEE1FC108F0E7026040E3016101210C78
:10C10B00FB1A852505984B006701FBE2500DF0FFEC
:10C11B00ECEE5AEE4006643E611E1666413911FD87
:10C12B00FBE2500DF0FFECEEEEEF91017A0FEBEF2F
:10C13B009101EC01581E601EFBF2500DF0FFECFF5D
:10C14B00EEF59101FC5EE5106AEBF59101EC01B0A7
:10C15B00916011FBE2500DF0FFECEEEEEF9101FC64
:10C16B005E1F9C03EBEF9101EC01B0996011FBE2B8
:10C17B00500DF0FFECEEEEEF9101FC5E1F082DEB86
:10C18B00EF9101EC01B0196011FBE2500DF0FFECE7
:10C19B00EEEEEF9101FC5E1F8C39EBEF9101670125
:10C1AB007100ECA1013C07083C0601A901610121CA
:10C1BB00103C0600FB1A842505E44A0038C800FB36
:10C1CB00E2500DF0FFECEE5AEE2106FC5AEE19048C
:10C1DB00610E201AFBE2500DF0FFECEE5AEE210639
:10C1EB00641E611E1D3C06010C3C0600B181610101
:10C1FB003A9400FBE2500DF0FFECEEFAE42106005E
:10C20B00A901EC117421FFFFFF1FFBE2500DF0FFA2
:10C21B00ECE2A121A901B111FBE2500DF0FFECE220
:10C22B0092A1FBE2500DF0FFECE1A9127BE2A1120F
:10C23B003E02002E16A8814B1E06890104C51E0561
:10C24B0016ED0E02621EE70E02ED0E0459EE040609
:10C25B00850E02250F590E0706850E022506F806D8
:10C26B00010CF80600EC0E610EFBE2500DF0FFEC3A
:10C27B00EE21C4FAE4210600FBE2500DF0FFECEED8
:10C28B00F2E72106C500060FB38967056080A00998
:10C29B00FBE2500DF0FFECEE5AEE4006643E611EE1
:10C2AB002017FBE2500DF0FFECEE5AEE4006643E19
:10C2BB00612E15F806010CF80600EC0161011666FB
:10C2CB0051396DFBFBE2500DF0FFECEEF6E048064A
:10C2DB00211AFBE2500DF0FFECEE5AEE4806FC5A29
:10C2EB00EE1904611E1DF806010CF80600EC016145
:10C2FB0001201BFB12D00CF0FFAF117E01FBE250B3
:10C30B000DF0FFECEE0691E18BE7E18BFBE2500DBC
:10C31B00F0FFECEEEDEF887BEFE7EF88FBE2500DE3
:10C32B00F0FFECEEEDEF897BEFE7EF89A8097421C5
:10C33B00FFFFFF1FFBE2500DF0FFECEEE7E188FB88
:10C34B00E2500DF0FFECEEEDEF887BFFE7EF88A8F6
:10C35B00097421FFFFFF1FFBE2500DF0FFECEEE72E
:10C36B00E189FBE2500DF0FFECEEEDEF897BFFE78F
:10C37B00EF89FBE2500DF0FFECEEF9E286FFFFFFD9
:10C38B001FFBE2500DF0FFECEEF9E287FFFFFF1F02
:10C39B00FBE2500DF0FFECEEEDEF8A742FFFFFFF89
:10C3AB0000E7EF8AFBE2500DF0FFECEEF6E04806FB
:10C3BB00211AFBE2500DF0FFECEE5AEE4806FC5A48
:10C3CB00EE1904611E1DF806010CF80600EC016164
:10C3DB00012019FBE2500DF0FFECEEFB12D00CF03C
:10C3EB00FFAF110695E18BE7E18BFBE2500DF0FF00
:10C3FB00ECEEF2E04806670260C0FBE20951000078
:10C40B0058EE610E3BC900FBE2F8E10000ECEE6C6C
:10C41B004EFB1294C500004BE1A009FBE2F8E100D2
:10C42B0000ECEE755EEF2307F806002E0EFBE2F82C
:10C43B00E10000ECE16211E301FBE2F8E10000E056
:10C44B000EFBE2500DF0FFECEE5AEE4806FC5AEEF6
:10C45B001904610E11FB1A8C2505434800FBE250B1
:10C46B000DF0FFECEEA809EDEE70742EFFFFFF1F31
:10C47B00E31EFBE2500DF0FFECEEA809DDE2E281DA
:10C48B00123C0B002E1EB289FBE2500DF0FFEF1F8A
:10C49B000688EF06890101C6F1C60105B289621152
:10C4AB008289FBE2500DF0FFECEEB28906C5E1E2AA
:10C4BB0029D6FBE2500DF0FFECEEFAE44906FFFB48
:10C4CB00E2FCE10000ECEF621FE3EF670367036040
:10C4DB00403C0201FBE2500DF0FFECEE5AEE210660
:10C4EB00FC5AEE1904610E201AFBE2500DF0FFEC22
:10C4FB00EE5AEE2106641E611E1D3C02010C3C022D
:10C50B0000C5000203B08967016080FBE2500DF0AB
:10C51B00FFECEE5AEE4806FC5AE11F0CE301FBE27E
:10C52B00500DF0FFECEE5AEE4806FC5AEE1C04617F
:10C53B000E204CFBE2500DF0FFECEEFAE448060146
:10C54B007100F06601A08181098101E3013C0C01BE
:10C55B0075442BFB326431F0FF6632661105649132
:10C56B0000710010FBE20A51000058EE755EFE2AC6
:10C57B000EFBE20A51000058EF621FC3EF3E0100B1
:10C58B002E263976FEFBE2F4E10000ECEEFBF2F82E
:10C59B00E100000684FE1AFBE209510000F8E401F9
:10C5AB00A8096211A009A80906840123D7FBE25050
:10C5BB000DF0FFECEE5AEE4806FC5AEE1F0C610E26
:10C5CB002010FBE2500DF0FFECEEF2EC4806670298
:10C5DB00670260803C0700FBE208E20000ECEE61C2
:10C5EB000E2074FBE200E20000ECEE6C4EFB1294AA
:10C5FB00D400004BE139ABFB8189FBE208E2000080
:10C60B00ECEF601FE3EFFBE204E20000F8E600FB57
:10C61B00E200E20000ECEE755E8F2307F806002EB9
:10C62B000EFBE200E20000ECE16211E301FBE20031
:10C63B00E20000E00EB18961012011FBE208E2008B
:10C64B0000ECEE610E15F806010CF80600EC01612A
:10C65B000121922E11FBE2500DF0FFECEEFAE421DA
:10C66B000600670267026040F80600FBE2500DF01F
:10C67B00FFECEE5AEE5006610E2028FBE20D510046
:10C68B000058EE755EFE2A1BFBE20D51000058EFC1
:10C69B00621FC3EFFBE2500DF0FFECEEFAE4500625
:10C6AB0000FBE2500DF0FFECEE5AEE4306FC5AEEA7
:10C6BB001904610E203D7100F06602A082810A818F
:10C6CB0002E3023C0C01754428FB329031F0FF660B
:10C6DB001105F08F00710010FBE20B51000058EEBA
:10C6EB00755EFE2A0EFBE20B51000058EF621FC372
:10C6FB00EFFBE2500DF0FFECEE5AEE4206FC5AEE69
:10C70B001D04610E3A8C0005057000E30105705C99
:10C71B00006101EC0121307C0121587100F06602AF
:10C72B00A082810A8102E3023C0C01754428FB3292
:10C73B00B931F0FF6611058B8F00710010EC017899
:10C74B0001E3012E2E7C11212A7100F06602A082DA
:10C75B00810A8102E3023C0C01754428FB32B9319A
:10C76B00F0FF6611055D8F00710010EC017811E38D
:10C77B00015C0105C96F00FBE20C51000058EE751E
:10C78B005EFE2A0EFBE20C51000058EF621FC3EF56
:10C79B00FBE2500DF0FFECEE5AEE4206FC5AEE1C9B
:10C7AB0004610E20267100F06602A082810A8102CC
:10C7BB00E3023C0C01754422FB32E231F0FF6611BF
:10C7CB0005018F00710010670167017100E0A189FD
:10C7DB00A1823E05013C80023C0F083E0200F90A93
:10C7EB00010001A981610119FB1A852505B04400DF
:10C7FB0039BCF83919F6FBEE140008A90906A00C90
:10C80B00E1200CFB1A802505954400670866213949
:10C81B001FF6FBE2500DF0FFECEE754FE752EF40C9
:10C82B0006CBEF4006FBE2500DF0FFECEEF2E041E1
:10C83B0006FBE2500DF0FFECEE5AEF4106781F7647
:10C84B002FFB00CBEF4106FBE2500DF0FFECEEF2BD
:10C85B00E34106FBE2500DF0FFECEEF2EC4106FB80
:10C86B00E2500DF0FFECEEF2ED4106FBE2500DF065
:10C87B00FFECEE754FC056EF4106CBEF4106A98199
:10C88B003978F8FBE2500DF0FFECEEF9E68AFF3950
:10C89B00B7F76651399AF53C83002E76B4896C4113
:10C8AB004B1EF8E600590E136C4EFBF2500DF0FFC9
:10C8BB000688FEF9E502003C82002E1F590E136C10
:10C8CB004EFBF2500DF0FF0688FE490E12F9E406FE
:10C8DB0000590E12621EC70E12590E12450E0F2969
:10C8EB00DD3C81002E1C590E136C4EFBF2500DF0EB
:10C8FB00FF0688FEF9E50700590E11621EC70E11DF
:10C90B00590E11450E1029E0590E13621EC70E1356
:10C91B00590E13755E20FBE2500DF0FFECEE28056F
:10C92B00387CFFF2E541060D6011A009FBE2500DCA
:10C93B00F0FFECEE5AEE4106FC5AEE1B04610E20A2
:10C94B000DA8810685010115F806010CF80600EC0F
:10C95B00016101A80921D3610119FB1A8125053E4B
:10C96B004300FBE2500DF0FFECEEFAE44D0600FB4A
:10C97B00E2500DF0FFECEEFAE4500600FBEE1FC1A7
:10C98B0008F8E400FBEE1FC108F8E440FBEE1FC102
:10C99B0008F8E480A98939F6F866613993F46708D9
:10C9AB0060C0A0813C0600A8816101210DFB1A83A8
:10C9BB002505EB4200389600FB12D00CF0FFAF11AF
:10C9CB007E01FBE2500DF0FFECEE0691E18BE7E10F
:10C9DB008BFBE2FCE10000ECEE610E20593C060102
:10C9EB00FBE2F4E10000ECEE6C4EFB2294C5000080
:10C9FB004BE2754310A8817F8FFBE2F4E10000EC62
:10CA0B00EE755EEF2307F806002E0EFBE2F4E10055
:10CA1B0000ECE16211E301FBE2F4E10000E00EFB4C
:10CA2B00E2FCE10000ECEF601FE3EFFBE2095100D9
:10CA3B0000F8E400FBE2500DF0FFECEEFB12D00C23
:10CA4B00F0FFAF110695E18BE7E18BC5000607B14F
:10CA5B008967036080A009FBE2500DF0FFECEE5AF2
:10CA6B00EE4006643E611E2017FBE2500DF0FFEC1A
:10CA7B00EE5AEE4006643E612E15F806010CF806E0
:10CA8B0000EC01610116665139A6F3A8097421FF68
:10CA9B00FFFF1FFBE2500DF0FFECEEE7E187FB120F
:10CAAB00D00CF0FFAF117E01FBE2500DF0FFECEE6E
:10CABB000691E18AE7E18A66613975F367027100D5
:10CACB00F0A0893C0A013E0100A889610121103CBC
:10CADB000A00FB1A822505C64100384601FBE250CD
:10CAEB000DF0FFECEE5AEE4306FBE2500DF0FFECBF
:10CAFB00EE5AEE420605176C00A00905825800613C
:10CB0B0001A8091E7A01A0090D7A11A009B88105A7
:10CB1B002D6C00FB12D00CF0FFA8197E01FBE2502C
:10CB2B000DF0FFECEE0691E18BE7E18B39A3F96198
:10CB3B00112111FBE208E20000ECEE610E1DF8067C
:10CB4B00010CF80600EC016101200CA8893953F6A1
:10CB5B00828138B700FBE204E20000ECEE610E21AB
:10CB6B0064FBE20CE20000ECEE6C4EFB1294D40082
:10CB7B00004BE1754310A88A7F8FFBE20CE20000AB
:10CB8B00ECEE755E8F2307F806002E0EFBE20CE22F
:10CB9B000000ECE16211E301EC01FBE20CE20000AE
:10CBAB00E3E1FBE200E200000684E11AFBE204E2AF
:10CBBB000000F8E601FBE208E20000ECEF621FE385
:10CBCB00EF2E4805DE5700FBE210E200000680E185
:10CBDB0075516523337100F06601A08181098101D4
:10CBEB00E3013C0C01754418FB320532F0FF662261
:10CBFB0075411205CE8A0071001005A75700FBE2A4
:10CC0B0010E20000E3E13C0A00FBE2500DF0FFEC08
:10CC1B00EEFB12D00CF0FFA8190695E18BE7E18B28
:10CC2B00C5000A0BB28967046040FBE20B510000A0
:10CC3B00C4E002FBE20B510000F8E400C500020364
:10CC4B00B08967016040FBE20C510000C4E002FBBD
:10CC5B00E20C510000F8E400C5000203B089670143
:10CC6B006040FBE20A510000C4E002FBE20A510003
:10CC7B0000F8E400C5000203B08967016040FBE2E5
:10CC8B000D510000C4E002FBE20D510000F8E4007E
:10CC9B00C5000203B089670160403C0200FBE25013
:10CCAB000DF0FFECEE5AEE4306FC5AEE1904610E42
:10CCBB002019FBE2500DF0FFECEE5AEE4206FC5A47
:10CCCB00EE1C04610E143C0201C5000203B089671F
:10CCDB0001FB12D00CF0FFAF117E01FBE2500DF007
:10CCEB00FFECEE0691E18BE7E18BFBE2F4E1000058
:10CCFB00F8E600FBE2F8E10000F8E600FBE2FCE1FD
:10CD0B000000F8E600FBE209510000F8E400FBE24A
:10CD1B00500DF0FFECEEFB12D00CF0FFAF110695AF
:10CD2B00E18BE7E18B02FBEEFE0308F8E90BA5FBB9
:10CD3B00EE1FC108F0EFFBEE1FC108F0E602FBEEA1
:10CD4B001FC108F0EEFBEE1FC108F0E7FBEEFE0380
:10CD5B0008F8E900A5026040E3016101210CFB1A10
:10CD6B006021053A3F006701EC01EC1E614E290C76
:10CD7B00FB1A632105283F00670139ACFFFBEE145A
:10CD8B000008ECEF7AAFE3EFFBEE800C0AF8E4005F
:10CD9B00FBEE800C0AF0E0EC01581EFBFE800C0A47
:10CDAB0058F5FC5EE5A51C5B5EC3FEFB1E800C0A02
:10CDBB003C1401FB1E800C0A3C1802FBEE04C0085D
:10CDCB00754FFE51EF60C7EF60FBEE04C008754F67
:10CDDB00FE50EFC3EFFBEE40C108F9E42080FBEE01
:10CDEB0040C108F8E41E3958FF67016040FBEE8034
:10CDFB000C0AF0E73D01000803980962119009B88D
:10CE0B000975512123F4FBEE800C0AF0E1FBEE8057
:10CE1B000C0AF1E010FBEE60C00858EF780FC3EF7F
:10CE2B0067016040FBEE8C0C0AC4E002C5000203F4
:10CE3B00B0896701FBEE800C0A754FE750EFC3EF2B
:10CE4B00FBEE800C0AF1E810FBEE60C008754FFE9C
:10CE5B0050EFC3EFFBEE800C0AF0E9FBEE800C0AFF
:10CE6B00F0EF026040E3016101210CFB1A61210527
:10CE7B002D3E006701EC01EC1E614E290CFB1A6480
:10CE8B0021051B3E006701399FFEFBEE140008ECE9
:10CE9B00EF7AAFE3EFFBEEA00C0AF8E400FBEEA099
:10CEAB000C0AF0E0EC01581EFBFEA00C0A58F5FC36
:10CEBB005EE5A51C5B5EC3FEFB1EA00C0A3C1401C9
:10CECB00FB1EA00C0A3C1801FBEE04C008754FFDBD
:10CEDB0051EF60C7EF60FBEE04C008754FFD50EFDC
:10CEEB00C3EFFBEE41C108F9E42080FBEE41C10822
:10CEFB00F8E41E394BFE67016040392CFEFBEEA0B7
:10CF0B000C0AF0E73D01000803980962119009B87B
:10CF1B000975512123F4FBEEA00C0AF0E1FBEEA006
:10CF2B000C0AF1E010FBEE60C00858EF781FC3EF5E
:10CF3B00390EFE67016040FBEEAC0C0AC4E002C583
:10CF4B00000203B0896701FBEEA00C0A754FE75096
:10CF5B00EFC3EFFBEEA00C0AF1E810FBEE60C0088C
:10CF6B00754FFD50EFC3EFFBEEA00C0AF0E9FBEEA3
:10CF7B00A00C0AF0EF026080A0096101210CFB1AE2
:10CF8B004025051A3D006702A809EC1E611E1DF81D
:10CF9B0006000CF80601FB1E4480085802B01BFC6F
:10CFAB005E23E700801BA809A8196101210CFBEE89
:10CFBB00448008F1EF022E57FBEE100008ECEEFC5C
:10CFCB005AEE0904610E2115FBEE0094085CEEFC91
:10CFDB005AEE1104611E1DF806010CF80600EC0157
:10CFEB006101200CFB1A422505B43C002E19FBEE07
:10CFFB00100008ECEEFC5AEE0904611E19FB1A43F3
:10D00B0025059B3C00FBEE448008F1E702A809A82C
:10D01B009161111DF806000CF80601FBEE44800827
:10D02B00580158EFFC5E1FA5185BFFC3EF6702FBAF
:10D03B00EE100008FAE9F7010BA5FBEE1FC108F093
:10D04B00EFFBEE1FC108F0E6FBEE100008ECEF7BE8
:10D05B003FE3EFFBEE458008F8E400FB1E4580083C
:10D06B003C1100FB1E4580083C1400FBEE1FC10861
:10D07B00F0EEFBEE1FC108F0E7FBEE100008FAE93B
:10D08B00F70100A5026040E3016101210CFB1A418D
:10D09B0025050B3C006701EC01A899612120256156
:10D0AB0011201861012125FBEE408008F1E809FBF6
:10D0BB00EE408008F1E9092E13FBEE408008F1E009
:10D0CB000909FBEE408008F1E109EC01A91161218E
:10D0DB0020256111201861012125FBEE408008F10C
:10D0EB00EA09FBEE408008F1EB092E13FBEE4080C2
:10D0FB0008F1E20909FBEE408008F1E309FB1E4051
:10D10B0080083C141FFBEE408008F8E500FB1E4036
:10D11B0080083D1100EC01395FFE67016080A009BA
:10D12B00900AA8096121290CFB1A442505703B00C4
:10D13B006702A8096101B8091AFBEE408008D3E128
:10D14B006702FB2E408008902967026080A009E3EC
:10D15B0002A8096121290CFB1A452505413B0067F3
:10D16B0002EC016111201D61012130A80961011A36
:10D17B00FBEE448008F0E66702FBEE448008F0E724
:10D18B006702A80961011AFBEE448008F0EE670202
:10D19B00FBEE448008F0EF6702FB1A462505FF3AC9
:10D1AB00006702FB1E4080083C141FFBEE4080080A
:10D1BB00F8E500FB1E4080083D1100FBEE408008A7
:10D1CB00F1EF05FBEE408008F1EF06FB1E408008F7
:10D1DB003C1900026080A0096101210CFB1A0020A0
:10D1EB0005BC3A006702A809EC1E613E290CFB1A2C
:10D1FB00032005AA3A006702A809A81974010000C8
:10D20B000040230CFB1A042005943A006702A8097E
:10D21B00A891610110A809A89961011DF806010CDC
:10D22B00F80600EC016101200CFB1A0120056F3A96
:10D23B00006702670260C0A081A00AEF213997FF47
:10D24B00A88161013BAA00FBEE0F7208F0E8FBEE30
:10D25B00002008F1E81CA809AA196111210EA809E0
:10D26B00FBEE0F7208C91E20F101A809A9920695C1
:10D27B001207EC1E6C8E57E206951209FB1E00205E
:10D28B00089212A809A91206951205FB1E00200888
:10D29B009292FB1E0020083C9F00FB1E0020083CC6
:10D2AB009D00A809FBEE002008E11E02A809FBEE79
:10D2BB00002008E51E0301A809FBEE002008E51E6F
:10D2CB000102FB1E0020083E1600FBEE002008F1B9
:10D2DB00E413FBEE0F72085AEF690165CF762FFC52
:10D2EB0000CBEF6901FBEE002208F0E06703A88199
:10D2FB0061712B05384701B2016011E301FBE25468
:10D30B000DF0FFEC01FE61EEF1E81CA809AA196112
:10D31B00113BAD00A88161713A9A00612120256112
:10D32B00312051614120636151206D616120776132
:10D33B00113B8D00A809FBEE0F7208C91E20F501E9
:10D34B002E7EA809FBEE0F7208C91E20F901FBEE19
:10D35B00932008F0E4FB1E9320083C1C00FBEE0F0F
:10D36B0072085AEF6B01659F762FF900CBEF6B01BB
:10D37B002E4EA809FBEE0F7208C91E20FD01FBEE15
:10D38B00DF2008F8E4002E38A809FBEE0F7208C95D
:10D39B001E2001022E2AA809FBEE0F7208C91E20BF
:10D3AB0005022E1CA809FBEE0F7208C91E200902EC
:10D3BB002E0EA809FBEE0F7208C91E200D02FBE210
:10D3CB00540DF0FFEC01FE61E1A80AA92306952399
:10D3DB00059293FBE2540DF0FFEC01FE61E1A80A0C
:10D3EB00A9A306952307EC2E6C8E57E3069523090C
:10D3FB009213FBE2540DF0FFEC01FE61E13C9D004A
:10D40B00FBE2540DF0FFEC01FE61EEA809E11E02F8
:10D41B00FBE2540DF0FFEC01FE61EEA809E51E03E3
:10D42B0001FBE2540DF0FFEC01FE61EEA809E51ED5
:10D43B000102FBEE002208F0E06703FB1A05200552
:10D44B005D380067036080A00961011AFBEE1D20A7
:10D45B0008F0E06702A80961712A18B1016011E3B5
:10D46B0001FBE2540DF0FFEC01FE61EEF1E01D67F4
:10D47B0002FB1A06200527380067026080A00961AD
:10D48B00011AFBEE1D2008F0E86702A80961712A5A
:10D49B0018B1016011E301FBE2540DF0FFEC01FE4A
:10D4AB0061EEF1E81D6702FB1A072005F1370067F3
:10D4BB00026080A0096101211BFBEE787008F0E887
:10D4CB00FBEE787008F2E09701FBEE1C2008F0E011
:10D4DB006702A80961712A2FB1016011E301A80944
:10D4EB0061212113FBEE787008F1E802FBEE7870F6
:10D4FB0008F2E29701FBE2540DF0FFEC01FE61EE46
:10D50B00F1E01C6702FB1A082005933700670260E5
:10D51B0040E3016101211BFBEE787008F0E8FBEEA4
:10D52B00787008F2E89701FBEE1C2008F0E8670121
:10D53B00EC0161712A29EC0161212113FBEE78705A
:10D54B0008F1E802FBEE787008F2EA9701FBE2546F
:10D55B000DF0FFEC01FE61EEF1E81C6701FB1A090F
:10D56B0020053B370067016080A009E302610220C0
:10D57B004EA8096101211DFBEE1E200858EEFC5A36
:10D58B00EE1904610EEC0116F816016702F816008D
:10D59B006702A80961712A1DFBEE1E200858EEFCDC
:10D5AB005AEE1904610EEC0116F816016702F81613
:10D5BB00006702FB1A0A2005E536006702FB1A0218
:10D5CB002005DB360067026040FBEEC82008ECE16B
:10D5DB00E3016701FBEEFE0308F8E90BA5FBEE1F69
:10D5EB00C108F0EFFBEE1FC108F0E6FBEE0CE409FF
:10D5FB00F8E50002FBEE1FC108F0EEFBEE1FC108C1
:10D60B00F0E7FBEEFE0308F8E900A502FB1E92C152
:10D61B00083C170AFBEE6BC00858EF781FC3EFFBF3
:10D62B001E92C1083C180AFBEE6BC00858EF782F0E
:10D63B00C3EFFB1E92C1083C190AFBEE6BC00858E6
:10D64B00EF783FC3EFFBE2E32C000058EE610E21B5
:10D65B0016FBEE92C108F8E40AFBEE6AC00858EF1D
:10D66B00782FC3EF02027100ECA101A08AA0833CCA
:10D67B000601A889610116A88161011DF806010C3C
:10D68B00F80600EC016101200F3C0600FB1A90210B
:10D69B00050C36002E6DA9016101210F3C0600FB24
:10D6AB001A932105F935002E5AA88179B17421FFFF
:10D6BB00FFFF08FB2294DD0000A029A9016D01FBEF
:10D6CB002294DD0000A0A1A889621179B17421FF19
:10D6DB00FFFF08FBE2A0DD0000E3E1A90160116D93
:10D6EB0001FB22A0DD0000A0A1FBEE567108F0E0CB
:10D6FB00FBEE567108F1E001A889FBEEC3A008C050
:10D70B001EC5000607B1896705FBE2E32C00005834
:10D71B00EE610E201AFBEEC2A00858EFF8E400FBF6
:10D72B00EEC2A008754FF054EFC3EF2E18FBEEC2FC
:10D73B00A00858EFF8E400FBEEC2A008754FF254B6
:10D74B00EFC3EFFBEE100008ECEF7BCFE3EFFBEE4C
:10D75B00002408F8E408FBE294DD0000F8EEC5A015
:10D76B0008FBEE58FD01FBF294DD0000E3EFFBE25A
:10D77B00A0DD0000F9EE01C3A008FBEE5CFD01FB90
:10D78B00F2A0DD0000E3EFFB1E0024083C1801FBB8
:10D79B00EE002408F9EE0100FC01FB1E0024083CFE
:10D7AB001C0102FBEE100008ECEF7BCFE3EFFBEE6E
:10D7BB00002408F8E408FBE294DD0000F8E2C5A0C1
:10D7CB000840FBEE58FD01FBF294DD0000E3EFFB9C
:10D7DB001E0024083C1801FBEE002408F9EE0100A2
:10D7EB00FC01FB1E0024083C1C01FBEEC2A00858E8
:10D7FB00EFF8E4000260C09109A00AE30374330060
:10D80B000000187423FFFFFF18FB1294DD0000A02B
:10D81B001B99096D01FB2294DD0000A0A1FBEE56C4
:10D82B007108F0E0A809FBEEC3A008C01E670360F7
:10D83B00408089FBE2E32C0000C3E13999FDFBEE4C
:10D84B00140008ECEF7B9FE3EFFBEE5670085AEFEA
:10D85B00010365FFCBEF0103FBEE5670085AEF0097
:10D86B000365FFCBEF0003FB1EC0A0083C1200FBBF
:10D87B00EEC0A008F1E809B08961112148FB1EC078
:10D88B00A008B09278028092FB1EC0A0083C1D003D
:10D89B00FBEEC0A008F8E480FB1EC0A0083C1700FC
:10D8AB00FB1EC0A0083C110039FBFEFB1EC0A008EC
:10D8BB007542F05512028092FBE2E22C0000F8E474
:10D8CB00002E3AFB1EC0A008B09278128092FB1E6D
:10D8DB00C0A0083C1D05FBEEC0A008F8E480FBE2ED
:10D8EB00E22C0000F8E401FB1EC0A008B0927532D8
:10D8FB00728092FB1EC0A0083C13A5FB1EC0A008A3
:10D90B003C16723909FDFBEE567008F1E801FBEE8F
:10D91B00567008F2E7B401FBEE56700872EE1A0669
:10D92B00ECEF78CFE3EFFBEE567008F0E8FBEE562A
:10D93B007008F2E6B401FBEE56700872EE1A06ECB4
:10D94B00EF78DFE3EFB089611121206612FB1A0239
:10D95B000A057B0D006602FB1A020A05870B00669F
:10D96B0012FB1A020A05970D00398BFC6701710037
:10D97B00DCA201A18AA183928CC50028153C8300EF
:10D98B003E03003E02003C07003C06003C05223CE7
:10D99B0004A5AA016101210DFB1A812105003300A9
:10D9AB0038ED03A9896101210DFB1A832105EF32A3
:10D9BB000038DC03A9816101210DFB1A842105DEEE
:10D9CB00320038CB033C830105971100A08AA0815C
:10D9DB00FBE2E32C000058EE610E3AA5016602FB58
:10D9EB001A020A05190D00B509610115F806550C47
:10D9FB00F80622EC0181093C04A538D6006602FB2F
:10DA0B001A020A05F90C007103047102056611393B
:10DA1B00E6FD2E3DA88AA881BA8B05711100610124
:10DA2B00202B7100F06601A08181098101E3013C8B
:10DA3B000C0175441CFB322032F0FF663266110577
:10DA4B00827C007100103C83002E3005A04900FB46
:10DA5B001EC3A008B019FC5A1E1E04610E2113FB35
:10DA6B001294DD0000A8916901610115F806010C03
:10DA7B00F80600EC016101219D6612FB1A020A05F2
:10DA8B007D0C003C06000803B18162118181B181DC
:10DA9B007551FF21F4A88AA881BA8B05F01000619B
:10DAAB0001202B7100F06601A08181098101E30146
:10DABB003C0C01754417FB323D32F0FF66326611A8
:10DACB0005017C007100103C83002E21051F4900CD
:10DADB00B101755196200CB10175516915F806010C
:10DAEB000CF80600EC0161013B15FFB10175519675
:10DAFB001AB509610115F806010CF80600EC016175
:10DB0B00012126B1017551692117B509610115F87C
:10DB1B0006000CF80601EC01610115F806010CF882
:10DB2B000600EC01610115F806010CF80600EC018A
:10DB3B00610115050849006602FB1A020A05BF0BB5
:10DB4B0000381C01A88AA881BA8B0541100061011D
:10DB5B00202B7100F06601A08181098101E3013C5A
:10DB6B000C01754425FB325532F0FF663266110508
:10DB7B00527B007100103C83002E1205704800FB95
:10DB8B00E214E20000ECEE610E21BBFBE20E510051
:10DB9B0000F8E455B509610115F806690C3E0096CD
:10DBAB00EC01FBE20F510000C3E1FBE214E20000C9
:10DBBB00F8E6012E3DA88AA881BA8B05D00F00612B
:10DBCB0001202B7100F06601A08181098101E30125
:10DBDB003C0C01754422FB327B32F0FF663266113E
:10DBEB0005E17A007100103C83002E1E05FF4700F3
:10DBFB00FBE21051000058EE610E15F806000CF810
:10DC0B000601EC01610121AFFBE20E510000C4E003
:10DC1B0007B1897551221AB509610115F806010C76
:10DC2B00F80600EC0161012126B1897551552117C8
:10DC3B00B509610115F806000CF80601EC0161014C
:10DC4B0015F806010CF80600EC01610115F8060148
:10DC5B000CF80600EC0161011505E24700FBE2E25E
:10DC6B002C0000F8E400B48961013AE800AA0161D4
:10DC7B0021220538BC003993FAA983A98AAA013954
:10DC8B00E7F92E3DA88AA881BA8B05010F00610127
:10DC9B00202B7100F06601A08181098101E3013C19
:10DCAB000C01754418FB329E32F0FF66326611058B
:10DCBB00127A007100103C83002E4D05304700FB9B
:10DCCB0012A0DD0000A891690161012111FB1EC3A7
:10DCDB00A008B019FC5A1E1E04610E1DF806010C9B
:10DCEB00F80600EC0161012111FB1EC3A008B0195D
:10DCFB00FC5A1E1904610E1DF806010CF80600EC07
:10DD0B000161013B81FFFBE2E32C000058EE610E49
:10DD1B0015F806000CF80601EC0161012036FBEE4C
:10DD2B00567108F0E8FBEE567108F1E8012E25A9B3
:10DD3B0089FBEEC3A008C01EFB1EC3A008B019FCD4
:10DD4B005A1E1E04610E20F2A981FBEEC3A008C16E
:10DD5B00E102FBE2E32C000058EE610E200E66128E
:10DD6B00FB1A020A059809002E25FBE21051000050
:10DD7B00F8E400FBEEC3A008F8E4A5FBE214E20014
:10DD8B0000F8E600FBE2E22C0000F8E401C500130A
:10DD9B0014B50167096040FBE2E22C000058EE610C
:10DDAB000E2058FBE20E510000FBFEC3A008C1FE83
:10DDBB0002FBE214E20000ECEE612E202C611E202F
:10DDCB0010610E212EFBEEC3A008F8E4A52E2CFB50
:10DDDB00E214E20000F8E602FBEEC3A008FBF20F30
:10DDEB00510000C0FE2E14FBE210510000F8E401BC
:10DDFB0009FB1A862105A72E00FBEEC3A008C5E080
:10DE0B000103F10D037541C05501038089FBEEC37E
:10DE1B00A008C50E0301670160C0FB1258E40000A7
:10DE2B00A009FB128B61F1FFA081F806002E14EC08
:10DE3B0001A882FEC21EA80AFE021EEC016211E3BB
:10DE4B0001FBE20505000006840E24E5FBEEFE0354
:10DE5B0008F8E90BA5FBEE1FC108F0EFFBEE1FC1A5
:10DE6B0008F0E6FBEE96C208F8E401FBEEE4E07F77
:10DE7B00F8E9281EFBEE1FC108F0EEFBEE1FC108F0
:10DE8B00F0E7FBEEFE0308F8E900A56703FBEE8461
:10DE9B00E07FF8E980AAFBEE84E07FF9E902005508
:10DEAB000260403C0201FBE21CE20000ECEEF8E4F5
:10DEBB00B3FB1E10E07FAF11FC5A1E1104611E2133
:10DECB00F2FBEE10E07F58EEFC5AEE1C04610E20C4
:10DEDB000D3C0200FB1A8B2405C42D00C500020368
:10DEEB00B089670160803C0601FBEE10E07F5DEEC0
:10DEFB00587C0E2031FB1E10E07FAF11FC5A1E1414
:10DF0B0004610E2111FB1E10E07FAF11FC5A1E1392
:10DF1B0004610E15F806010CF80600EC0161011501
:10DF2B00F806010CF80600EC016101200F3C06001D
:10DF3B00FB1A8C2405682D002E59FBEE10E07F5D3B
:10DF4B00EE587C1E2031FB1E10E07FAF11FC5A1ED9
:10DF5B001404610E2111FB1E10E07FAF11FC5A1E41
:10DF6B001304610E15F806010CF80600EC016101B3
:10DF7B0015F806010CF80600EC013C0600610112D5
:10DF8B00FB1A8A2405182D0009FB1A8B24050F2D6B
:10DF9B0000FB1E10E07FAF11FC5A1E1204611E2104
:10DFAB0018FBEE10E07F58EEFC5AEE1D04611E18B4
:10DFBB00FBEE10E07FF0EBFB1E10E07FAF11FC5A85
:10DFCB001E1A04611E1E39DBFE8181C5000607B1D6
:10DFDB0089670260403C02012E21FBE2B0DD0000AC
:10DFEB00ECEF71F5FFE3E5610F211039B6FE3C0252
:10DFFB0000FB1A8D2405A72C00FB1E10E07FAF1130
:10E00B00FC5A1E1104611E21D3B08161112116FB34
:10E01B00EE10E07F58EEFC5AEE1C04610E1639C66A
:10E02B00FE8081C5000203B0896701FBEE10E07F23
:10E03B0058EEFC5AEE1D04611E18FBEE10E07FF04B
:10E04B00EB394CFE395DFEFBEE10E07FF9E93A004F
:10E05B00AAFBEE10E07F5DEE3A610E21F602604006
:10E06B003C0201FBE2B0DD0000F8EA80253966FFD7
:10E07B008081FBEE84E07FF8E900AAFBEE84E07F71
:10E08B005CEE610E21F7C5000203B0896701FBEE60
:10E09B00FE0308F8E90BA5FBEE1FC108F0EFFBEE42
:10E0AB001FC108F0E6FBEE96C208F8E401FBEEE4B4
:10E0BB00E07FF8E9281EFBEE1FC108F0EEFBEE1F18
:10E0CB00C108F0E7FBEEFE0308F8E900A5027100BA
:10E0DB00ECA101A08A3C0A01E5000401A809770123
:10E0EB00000010230BA80977010080102306F80607
:10E0FB00010CF80600EC01610120103C0A00FB1A30
:10E10B008024059A2B0038AE00A889610110A889DC
:10E11B007551412306F806010CF80600EC0161016C
:10E12B0020103C0A00FB1A872405732B003887004C
:10E13B00395DFDA88961512314A8896821761120C6
:10E14B001CFBE2B0DD0000E3E12E0CFBE2B0DD00D6
:10E15B0000F8EA201CFBEE30E07FF9E4A000FBEEB8
:10E16B0030E07FE10E01A809068901036011FB2E47
:10E17B0030E07FA029FBE21CE20000ECEEF8E4713A
:10E18B00FBE21CE20000ECEEF8E4D03948FE8281A1
:10E19B00B28161112111FBEE30E07F59EEA4611EBB
:10E1AB00183C0A000C3986FE39B6FE61011F397D19
:10E1BB00FE3C0A00C5000A0BB28967057100F0A08E
:10E1CB00893C0A01E5000301A8097701000010232F
:10E1DB000BA80977010080102306F806010CF8063E
:10E1EB0000EC016101200F3C0A00FB1A812405AEF3
:10E1FB002A002E6BFBE2B0DD0000F8E200F04902D2
:10E20B00398DFCFBEE30E07FF9E55801FBEE30E099
:10E21B007FE10E01FBE21CE20000ECEEF8E420FBD8
:10E22B00E21CE20000ECEEF8E4D039A9FD8281FBA0
:10E23B00EE30E07F5DEE2A755E80210EFBE2B0DDF5
:10E24B000000F8E200F04902B28161011C39DEFDE9
:10E25B00390EFE8281B28161011C39D1FDC5000AE4
:10E26B000BB28967047100E0A189A182A10B3C82EA
:10E27B0001E5000703E50005023E0100A9816101EC
:10E28B0021103C8200FB1A842405132A00383B0121
:10E29B00A8897701000010230BA889770100801053
:10E2AB002306F806010CF80600EC01610120103C76
:10E2BB008200FB1A822405E62900380E01A90961A8
:10E2CB00212309A9097551212306F806010CF8062B
:10E2DB0000EC01610120103C8200FB1A882405BE72
:10E2EB00290038E600A9097C0120103C8200FB1AAA
:10E2FB00892405AA290038D200A90AA8896C1239E9
:10E30B00CFFD610121103C8200FB1A8624058F2969
:10E31B000038B7003979FBA909FC5A1E1F78771E04
:10E32B00C03906FBF2B0DD0000E3FE388100FBEEE6
:10E33B0030E07FE10E03FBE21CE20000ECEEF8E4C0
:10E34B00E8FBE21CE20000ECEEF8E4022E36A981B9
:10E35B00FBE21CE20000ECEED01EFB1E30E07FADBA
:10E36B0011FC5A1E1604611E20F2A9816221A181A3
:10E37B00A8896221A089A8096211A009A88160114E
:10E38B00A081A809612123C83E0100FBE21CE20029
:10E39B0000ECEEF8E4D0393DFC8481B481610120BE
:10E3AB0014FBE2B0DD0000F8EEC03906A881610174
:10E3BB003B7EFFB48161011C3973FC39A3FC848162
:10E3CB00B48161011C3966FCC5001213B48967085E
:10E3DB007100E8A109A102A08B3C0901E500050130
:10E3EB00A9016101210F3C0900FB1A852405AF2807
:10E3FB00002E5BA8097701000010230BA8097701F9
:10E40B000080102306F806010CF80600EC016101F0
:10E41B00200F3C0900FB1A8324058328002E2FFBB9
:10E42B00EE84E07FF8E900AA3C0A002E19B281EFD6
:10E43B001E06890E014B1EDCEEA902FE112EB281C7
:10E44B0062118281B2810685010323E3C500090BAA
:10E45B00B289670660C0A081908AB88968810689F5
:10E46B000102E30167037100F0A089828A8283B203
:10E47B0089A88AFEC21EB281FC6BE115F806010C5D
:10E48B00F80600EC01A00967047100F0A089A082D6
:10E49B00C5000C039981FC5A122140FB1E80C00859
:10E4AB0039B4FFA009B08961412311A8096211A0F9
:10E4BB0009B08960416C1180810FB0896C1180812A
:10E4CB00A809581E663FB082FD622F7E0F53FEC314
:10E4DB001EA809581EB202B083FD6232572EC31E0E
:10E4EB0067047100F0A089A082A88968818081C52A
:10E4FB00000C03A88161A1250538C901FBE29C280A
:10E50B00F0FFFE51EE7F4EB08BB082FB12F904F0A0
:10E51B00FF3955FF6101210CFB1A80200580270074
:10E52B006704B982FB1EE0C008392BFFA009A809BC
:10E53B00581EB08AFC63E2C31E6704B08BB082FB2B
:10E54B0012F904F0FF3921FF6101210CFB1A812024
:10E55B00054C27006704B982FB1EE0C00839F7FEA3
:10E56B00A009A809581EB08AFC67E2C31E6704B055
:10E57B008BB082FB120D05F0FF39EDFE6101210C12
:10E58B00FB1A8220051827006704B982FB1E28C1DD
:10E59B000839C3FEA009A809581EB08AFC63E2C360
:10E5AB001E6704B08BB082FB120D05F0FF39B9FE6C
:10E5BB006101210CFB1A832005E426006704B98254
:10E5CB00FB1E28C108398FFEA009A809581EB08A66
:10E5DB00FC67E2C31E6704B982FB1E60C008397674
:10E5EB00FEA009A809581EB08AFC67E2C31E670487
:10E5FB00B982FB1E60C008395DFEA009A809581E30
:10E60B00B08AFC63E2C31E6704B08BB082FB12E5D9
:10E61B0004F0FF3953FE6101210CFB1A8420057EA7
:10E62B0026006704B982FB1EC0C0083929FEA00969
:10E63B00A809581EB08AFC67E2C31E6704B08BB0F2
:10E64B0082FB12E504F0FF391FFE6101210CFB1A5E
:10E65B008520054A26006704B982FB1EC0C0083915
:10E66B00F5FDA009A809581EB08AFC63E2C31E671A
:10E67B0004A88966023914FE6704B08BB082FB12C2
:10E68B00BD04F0FF39E2FD6101210CFB1A86200568
:10E69B000D26006704A889661239F0FD6704B08B5C
:10E6AB00B082FB12D104F0FF39BEFD6101210CFBDE
:10E6BB001A872005E925006704A889662239CCFD55
:10E6CB006704FB1A882005D62500670460C0A0816B
:10E6DB00A00AB902FB1E00C008397BFDE301A809A3
:10E6EB006101EC01210D581EB202FC67E2C31E67EB
:10E6FB0003581EB202FC63E2C31E670360C0A08115
:10E70B00A00AB902FB1E20C008394BFDE301A80982
:10E71B006101EC01210D581EB202FC67E2C31E67BA
:10E72B0003581EB202FC63E2C31E67037100F0A024
:10E73B0089B982FB1E40C008391CFDA009A80958E5
:10E74B001EB301FC6BE115F806010CF80600EC0199
:10E75B00A0816704FBEEFE0308F8E90BA5FBEE1F97
:10E76B00C108F0EFFBEE1FC108F0E602FBEE1FC184
:10E77B0008F0EEFBEE1FC108F0E7FBEEFE0308F816
:10E78B00E900A502FBEE100008ECEF7A7FE3EFFB4C
:10E79B00EE00E009F8E2000000E0FBEE00E009F912
:10E7AB00E52200FBEE00E009F9E64000FBEE00E09D
:10E7BB0009F9E5A200FBEE00E009F9E68000FBEEAB
:10E7CB0000E009FAE5220100FBEE00E009F9E6C0E2
:10E7DB0000FBEE00E009FAE5A20100FBEEB4C10874
:10E7EB00F8E414FBEE6EC00858EF784FC3EF02FB52
:10E7FB001224E20000A81AEC1E621EFD742200A077
:10E80B001AE31EFBE21151000058EF621FC3EFFB2E
:10E81B00E21151000058EE755E65230BFB1A3D208B
:10E82B00057C240002FBE21151000058EE755E647A
:10E83B002127FBE22051000058EE611E1D052C40E4
:10E84B0000FBE220E20000ECEF621FE3EFFBE211C2
:10E85B00510000F8E4000202FBEE00200CECEF7A12
:10E86B001FE3EFFB1E00200CA81A7802A01AFBEE88
:10E87B0000200CECEF781FE3EF02FBEE00200CEC1A
:10E88B00EF7A1FE3EFFB1E00200CAA9A7A02A29AE2
:10E89B00FBEE00200CECEF781FE3EF02FBEE002009
:10E8AB000CECEF7A1FE3EFFB1E00200CA89A78020A
:10E8BB00A09AFBEE00200CECEF781FE3EF02604018
:10E8CB00E3016101210CFB1A302005D22300670103
:10E8DB00EC01EC1E619E290CFB1A392005C02300AC
:10E8EB0067013972FEFBEE100008ECEF7A7FE3EF65
:10E8FB00FBEE00200CF8EE00A500FB1E00200C3EEA
:10E90B001C03FB1E00200CAB127A12A312EC01ECC1
:10E91B001EFBF2080EF0FFFE6EF17881FB2E00203D
:10E92B000CA2A9EC01FBEE00200CE51E0119FB1E4D
:10E93B0000200C3E9200FBEE00200CF9E2040000DC
:10E94B000080FBEE00200CF9E20500000080FBEEDE
:10E95B0000200CF9E20600000080FB1E00200C3E9C
:10E96B00900FEC01FBEE00200CE51E0213FBEE00FA
:10E97B00200CF9EA0D4601FBEE79C108F8E414FB13
:10E98B00EE67C00858EF781FC3EF39E2FD670171DE
:10E99B0000F0A0896101200CA88974010168890924
:10E9AB002306F806010CF80600EC016101200CFBB4
:10E9BB001A3E2005E922006704FBEE00200CF8EE5E
:10E9CB0000A500FB120068890906A1090103A081BB
:10E9DB00A8816811A009FBEE00200CE50E0219FBC3
:10E9EB00EE00200CE50E0113FBEEFE0308F8E90028
:10E9FB00A56704FBEEFD7008F0E8FBEEFD7008F276
:10EA0B00E52201FBEE00210CECEF7A1FE3EFFB1E7E
:10EA1B0000210CA81A7812A01AFBEE00210CECEFC7
:10EA2B00781FE3EF02FBEE1F7208F0EDFBEE002107
:10EA3B000CECEF7A1FE3EFFB1E00210CAA9A7A0273
:10EA4B00A29AFBEE00210CECEF781FE3EF02FBEE3A
:10EA5B0000210CECEF7A1FE3EFFB1E00210CA89AB0
:10EA6B007812A09AFBEE00210CECEF781FE3EF027B
:10EA7B006040E3016101210CFB1A312005202200CB
:10EA8B006701EC01EC1E619E290CFB1A3A20050E66
:10EA9B002200670139C0FCFBEE1F7208F0EDFBEEA4
:10EAAB00100008ECEF7A7FE3EFFBEE00210CF8EEA1
:10EABB0000A500FB1E00210C3E1C03FB1E00210CBD
:10EACB00AB127A12A312EC01EC1EFBF2080EF0FF54
:10EADB00FE6EF17881FB2E00210CA2A9EC01FBEE5E
:10EAEB0000210CE51E0119FB1E00210C3E9200FBC0
:10EAFB00EE00210CF9E20400000080FBEE00210C7B
:10EB0B00F9E20500000080FBEE00210CF9E20600A3
:10EB1B00000080FB1E00210C3E900FEC01FBEE0071
:10EB2B00210CE51E0213FBEE00210CF9E204400060
:10EB3B000080FB1E00210CAB927802A392FBEE1F10
:10EB4B007208FAE4DE0741FBEE1F72085AEFDE0192
:10EB5B00655F762FF500CBEFDE013912FC670160A4
:10EB6B0080FB1224E20000A81AEC11660466A305D0
:10EB7B002C7400A00AE30167026080FB1224E20000
:10EB8B0000A81AEC11A00AE30167027100DCA202D3
:10EB9B00A189A18339CBFFA102A089A901A88A066B
:10EBAB0081020706A1000108A081A00AA881A80A7A
:10EBBB00660E06850206FC03E12206F806000CF839
:10EBCB000601EC018589B58967097100DCA202A1F8
:10EBDB0089A18339A6FFA102A089A901A88A068170
:10EBEB00020706A1000108A081A00AA881A80A6655
:10EBFB000E06850206FC03E12206F806000CF80659
:10EC0B0001EC018589B58967097EA66080A009E3BF
:10EC1B0002A809610119FB1A342305822000EC01BB
:10EC2B00610119FB1A3F2305752000A80E3932FF2D
:10EC3B00A06AE361EC01A80AA0A13F66036040E370
:10EC4B0001610119FB1A352305542000EC013E111B
:10EC5B0000F81600EC013E120067017EA66040E34F
:10EC6B0001610119FB1A362305342000EC0639F13A
:10EC7B00FEA06AE361EC013E12003F66026080A0D9
:10EC8B00093C0200A809610119FB1A3723050F2063
:10EC9B0000A809A8916101143C0201C5000203B050
:10ECAB008967026080A009610119FB1A382305EE00
:10ECBB001F00A809A891610119FB1A402305DF1F4A
:10ECCB0000A80BA83AEC31A8B339C2FE8089B089F1
:10ECDB0067027EA66080A009E302A809610119FB07
:10ECEB001A412305B91F00EC01610119FB1A4223DC
:10ECFB0005AC1F00A80E05D43600E361EC01A80A91
:10ED0B00A0293F66036040E301610119FB1A43230D
:10ED1B00058C1F00EC01F81600EC013E1100670199
:10ED2B007EA66040E301610119FB1A4423056F1FA6
:10ED3B0000EC0605973600E361EC013E11003F66DF
:10ED4B00026080A0093C0200A809610119FB1A4569
:10ED5B0023054B1F00A809A8196101143C0201C52A
:10ED6B00000203B08967026080A0093C0200A80979
:10ED7B00610119FB1A462305251F00A809A8196173
:10ED8B000119FB1A472305161F0005403600A80A78
:10ED9B00068021A82AFD74920A472123053C020113
:10EDAB00C5000203B0896702FBEEF57008F0E8FBC3
:10EDBB00EEF57008F2E5290102FBEE1E7208F0ED8C
:10EDCB0002FBEE00290CECEF7A1FE3EFFB1E002990
:10EDDB000CA89A7892A09AFBEE00290CECEF781F06
:10EDEB00E3EF026040E3016101210CFB1A322005C5
:10EDFB00AD1E006701EC01EC1E619E290CFB1A3C59
:10EE0B0020059B1E006701394DF9397AF9FBEE1F7E
:10EE1B007208F0E8FBEE100008ECEF7A7FE3EFFBF3
:10EE2B00EE00290CF8EE00A500EC01EC1EFBF2083D
:10EE3B000EF0FFFE6EF17881FB2E00290CA2A9ECDF
:10EE4B0001FBEE00290CE51E0119FB1E00290C3EEF
:10EE5B009200FB1E00290C3E1902FBEE00290CF957
:10EE6B00E20401000080FBEE00290CF9E205020030
:10EE7B000080FBEE00290CF9E20602000080FB1E6D
:10EE8B0000290C3E9007FB1E00290C3E1D00FB1EAB
:10EE9B0000290C3E9401FB1E00290C3E9701FB1E22
:10EEAB0000290C3E9601FB1E00290C3E9801FB1E0F
:10EEBB0000290C3E1E01FBEE00290CF9E62A11EC91
:10EECB0001FBEE00290CE51E011AFBEE1F7208FA7E
:10EEDB00E4D60789FBEE1F72085AEFD601782F761E
:10EEEB002FF400CBEFD6013985F867016040FBEEBC
:10EEFB0048290CECE1E301670160803E0100FBEE69
:10EF0B00200008FAE9EF010BA5FBEE200008F2EE5A
:10EF1B0073C2FB1E200008B59164116111210FFB18
:10EF2B00EE200008FAE474C2012E1303FB1E20002E
:10EF3B0008B711FC5A1E1D04610E20F1FBEE2000D8
:10EF4B00085AEF73C2753F30CBEF73C2FBEE200054
:10EF5B0008F9E48253FB1E2000083C9200FB1E20A4
:10EF6B000008B49161011D032E0303FBEE20000882
:10EF7B00F5E01C20F7FB1E200008B9127722FCFFDE
:10EF8B00009112FB1E200008B9127722EFFF0091AF
:10EF9B0012FB1E2000089912763200277722FFE71A
:10EFAB00009112FB1E2000083C1A002E0303FB1ECF
:10EFBB00200008B711FC5A1E1E04610E20F1FBEE57
:10EFCB00200008FAE4FC0F01FBEE2000085AEEFCCF
:10EFDB000F611E210303A80979D1A009A809791192
:10EFEB00A009A8097971A009A80978C1A009A809E5
:10EFFB007891A009A8097811A009FBEE200008E17F
:10F00B000E01A809FBEE2000080684E12103033E54
:10F01B000100A809753111A009A809FB2E200008D1
:10F02B0090A1B881FBEE20000806C5E10221030385
:10F03B00F90A010004A809FB2E20000890A9B88149
:10F04B00FBEE20000806C5E103210303FBEE2000C5
:10F05B0008F1E8152E0303FB1E200008B711FC5A1C
:10F06B001E1C04611E21F1FB1E2000083C94013D77
:10F07B0001000F980962119009B8097601F4012378
:10F08B00F4FBEE200008FAE9EF0100A567026080AF
:10F09B00F80600FBEEC0000858EEFC5AEE1E0461A9
:10F0AB001E210FF80601FBEEC00008F0EA38B30092
:10F0BB00FBEE90C20858EEFC5AEE1904611E210CAF
:10F0CB0075416005D91B00389900FBEE90C20858BA
:10F0DB00EEFC5AEE1D04611E210C75416105BF1B30
:10F0EB0000387F00FBEE90C20858EEFC5AEE1E046F
:10F0FB00611E1A75416205A61B002E66FBEEC00051
:10F10B000858EEFC5AEE1F04611E1A754163058EFA
:10F11B001B002E4EFBEEC0000858EE641E611E2134
:10F12B000EF80602FBEEC00008F0E82E35FBEE9061
:10F13B00C20858EEFC5AEE1F04611E1A7541640595
:10F14B005D1B002E1DFBEE90C20858EE641E611E67
:10F15B00210DF80604FBEE90C208F0E80CF8060847
:10F16B00EC01A0096702FBEEFE03085CEFFB5222E9
:10F17B0007F0FF06D55F01773F00A500D3EFFBEE4D
:10F18B00C20008F8E901A5FBEEFE0308DCEF773FB0
:10F19B0000A500FB122207F0FF98197E01531FD325
:10F1AB00EF2E006040E301FBE22CE200000684E15D
:10F1BB002538FBE22CE20000E00EFBE22CE2000023
:10F1CB007100F0E4E0023C0C013C05003C0401F84A
:10F1DB000600754412FB32B832F0FF661266010569
:10F1EB00E2640071001067016701FBEE1FC108F0BC
:10F1FB00EFFBEE1FC108F0E6FBEE1FC108F9E46D53
:10F20B0001FBEE69C00858EF784FC3EFFBEE1FC14F
:10F21B0008F9E46A01FBEE69C00858EF781FC3EFE9
:10F22B00FBEE1FC108F0EEFBEE1FC108F0E702FB7F
:10F23B00EE1FC108F0EFFBEE1FC108F0E6FBEE1F5F
:10F24B00C108F9E43C02FBEE63C00858EF783FC3FA
:10F25B00EFFBEE1FC108F0EEFBEE1FC108F0E7025B
:10F26B00FBEE1FC108F0EFFBEE1FC108F0E6FBEE53
:10F27B001FC108F9E43B02FBEE63C00858EF782F7F
:10F28B00C3EFFBEE1FC108F0EEFBEE1FC108F0E76A
:10F29B0002FBEE1FC108F0EFFBEE1FC108F0E6FB0F
:10F2AB00EE1FC108F9E43101FBEE62C00858EF789C
:10F2BB000FC3EFFBEE1FC108F0EEFBEE1FC108F012
:10F2CB00E702FBEE80120CF0E002FBEE80120CF07A
:10F2DB00E102FBEE80120CF0E702FBEE801A0CF160
:10F2EB00E004FB1E101A0CB9126012D312FBEE8055
:10F2FB001A0CF1E804FBEE801A0CF0E602FBEE1E92
:10F30B007208F0E1FBEE1E7208F0E3FBEE801A0CC4
:10F31B00F0E7FBEE801A0CF1E00402FBEE80120C1E
:10F32B00F0E402FBEE80120CF0E802FBEE80120C14
:10F33B00F0E902FBEE80120CF0EF02FBEE801A0CF0
:10F34B00F0EE02FBEE1E7208F0E9FBEE1E7208F007
:10F35B00EBFBEE801A0CF0EFFBEE801A0CF1E804DD
:10F36B0002FBEE80120CF0EC02FBEE100008FAE947
:10F37B00F7010BA5FBEE100008ECEF7A9FE3EFFB18
:10F38B00EE80120CF0E8FBEE96120CF1E803FBEEAC
:10F39B0080120CF1E801FBEE96120CF9E46A04FB07
:10F3AB00EE96120CF9E49200FBEE96120CF9E5398D
:10F3BB0000FBEE100008FAE9F70100A502FBEE10C6
:10F3CB000008FAE9F7010BA5FBEE100008ECEF7A49
:10F3DB009FE3EFFBEE80120CF0E9FBEE96120CF1C3
:10F3EB00E803FBEE80120CF1E901FBEE96120CF92F
:10F3FB00E4EA05FBEE96120CF9E4FE00FBEE961226
:10F40B000CF9E57900FBEE100008FAE9F70100A50D
:10F41B00026080A0096101210DFB1A5020057F18A5
:10F42B0000381901FBEE100008FAE9F7010BA5FBF8
:10F43B00EE80120CF1E004A809EC1E616E290EA8F7
:10F44B0009A81961312A06F806010CF80600EC012F
:10F45B006101211EA809EC1E615E2A0EA809A819DC
:10F46B0061412906F806010CF80600EC0161011553
:10F47B00F806010CF80600EC0161013AB700FBEE4F
:10F48B00100008ECEF7A9FE3EFFBEE80120CF1E03B
:10F49B0004FBEE80120CF0EFFBEE80120CFAE4B0E2
:10F4AB000A00FBEE80120CFAE4B20A00FBEE8012AB
:10F4BB000CF1EF01A809EC1E616E2118FB1EFE1169
:10F4CB000C3C1320A809A819FBEEFE110CC7E14F49
:10F4DB002E18A809EC117851FB2EFE110C80A9FBFC
:10F4EB00EEFE110CF9E44F00FB1EFE110C3C1B80D1
:10F4FB00FB1EFE110C3C1800FB1EFE110C3C1900F0
:10F50B00FB1EFE110C3C1500A809FBEEFE110CD5E1
:10F51B001E040FFBEEFE110CF9E9107F3EFBEEFE15
:10F52B00110CF9E9157F3EFBEEFE110CF9E9167F84
:10F53B003E09FB1A542005661700FBEE80120CF1F6
:10F54B00E8046702FBEE100008FAE9F7010BA5FBD4
:10F55B00EE100008ECEF7A9FE3EFFBEE801A0CF154
:10F56B00E004FBEE801A0CF0EEFBEE001A0CF9E453
:10F57B005000FBEE801A0CFAE4B00200FBEE801A8E
:10F58B000CFAE4B20200FBEE801A0CF1EE01FBEE7A
:10F59B00001A0CF8E420FBEE001A0CF9E44C00FB0B
:10F5AB001E001A0C3C1880FB1E001A0C3C1202FBAE
:10F5BB001E001A0C3C1400FB1E001A0C3C1500FB21
:10F5CB00EE001A0CF9E90CFF7CFBEE001A0CF9E9C2
:10F5DB000DFFFFFBEE001A0CF9E912FFFFFBEE002B
:10F5EB001A0CF9E913FFFFFBEE801A0CF1E804FB90
:10F5FB00EE100008FAE9F70100A502FBEE10000877
:10F60B00FAE9F7010BA5FBEE0A1A0CF1E07AFBEE17
:10F61B00100008ECEF7A9FE3EFFBEE0A1A0CF1EF08
:10F62B0076FBEE0A1A0CFAE4260300FBEE0A1A0C20
:10F63B00FAE4280300FBEEF17308FAE4000623FB5F
:10F64B00EEF1730858EF65BF762FFB00C3EFFBEEAF
:10F65B00F17308FAE4020625FB1EF17308B09265FC
:10F66B00A27622FA008092FBEE0A1A0CF1EF77FBDE
:10F67B00EE0A1A0C754FD254EFC3EFFB1EFE190C9A
:10F68B003C1323FBEEFE190CF9E44F00FB1EFE1995
:10F69B000C3C1B05FB1EFE190C3C1502FB1EFE1938
:10F6AB000C3C1861FB1EFE190C3C1961FB1EFE196C
:10F6BB000C3D1F64FB1EFE190C3D9064FB1EFE19D6
:10F6CB000C3D9564FB1EFE190C3D9664391EFBFB2D
:10F6DB00EE0A1A0CF1E87AFBEE100008FAE9F701D2
:10F6EB0000A502FBEE100008FAE9F7010BA5FBEEF3
:10F6FB001FC108F0EFFBEE1FC108F0E6FBEE100098
:10F70B0008ECEF7A9FE3EFFBEE80120CF0ECFBEED4
:10F71B0080120CFAE4B00A00FBEE80120CFAE4B291
:10F72B000A00FBEE80120CF1EB01FBEE80150CF8DE
:10F73B00E420FBEE80150CF9E42800FB1E80150C71
:10F74B003C1400FBEE80150CF9E42400FB1E801525
:10F75B000C3C1102FB1E80150C3C1200FB1E80158D
:10F76B000C3C1352FB1E80150C3C1200FB1E80152B
:10F77B000C3C1352FBEE80150CF9E904401FFB1EE9
:10F78B0080150C3D154BFBEE80150CF9E906401F5F
:10F79B00FB1E80150C3D174BFB1E80150C3D904B33
:10F7AB00FB1E80150C3D914B39E9FAFBEE1000085E
:10F7BB00FAE9F70100A5026040F80500FBEE8012A4
:10F7CB000CF0E8FBE21251000058EE610E1AFBEE52
:10F7DB0006130CD0E02E0FF809FFFFFBE2125100CD
:10F7EB0000F8E400FBEE06130CF8E500FBEE8012CC
:10F7FB000CF0E0D40001B80967016040F80500FB8C
:10F80B00EE80120CF0E9FBE21351000058EE610E92
:10F81B001AFBEE86130CD0E02E0FF809FFFFFBE26C
:10F82B0013510000F8E400FBEE86130CF8E500FB27
:10F83B00EE80120CF0E1D40001B80967016080A0E2
:10F84B00096101210CFB1A5220055314006702FBBE
:10F85B00EEFE0308F8E90BA5FBEE801A0CF1E004B1
:10F86B00FBEE801A0CF0EEA809EC1E616E290EA8B7
:10F87B0009A81961312A06F806010CF80600EC01FB
:10F88B0061012018FBEE001A0CF8E420A809A81956
:10F89B00FBEE001A0CC7E14C2E3EA809EC1E615E74
:10F8AB002A0EA809A81961412906F806010CF806C9
:10F8BB0000EC0161012019A809EC1E785EFBFE002B
:10F8CB001A0CC3FEFBEE001A0CF9E44C0009FB1AF0
:10F8DB00562005CA1300FBEE801A0CF0E6FBEE80F7
:10F8EB001A0CF1E804FBEEFE0308F8E900A5670229
:10F8FB0060409009FBEEFE0308F8E90BA5FBEE1F39
:10F90B00C108F0EFFBEE1FC108F0E6B80976014025
:10F91B001F2117FBEE88150CF8E9401FFBEE88152D
:10F92B000CF9E902411F2E2CB80961012114FBEEE1
:10F93B0088150CF8E500FB1E88150C3D12002E14E3
:10F94B00FBEE88150CF8E9401FFBEE88150CD50E65
:10F95B000102FBEE1FC108F0EEFBEE1FC108F0E742
:10F96B00FBEEFE0308F8E900A5670160409009FB78
:10F97B00EE841A0CF0E0FBEE181A0CD10E01FBEE24
:10F98B00181A0CF9E901FFFFFBEE181A0CF9E9063E
:10F99B00FFFFFBEE181A0CF9E907FFFFFBEE841AC9
:10F9AB000CF0E8670160409009755165230CFB1A58
:10F9BB005A2005EA12006701FBEE1C1A0CF8E564ED
:10F9CB00FBEE1C1A0CD50E0101FB1E1C1A0C3D166E
:10F9DB0064FBEE1C1A0CD50E010767016040FBEEB1
:10F9EB008C150CD4E001B8096701FBEEFE0308F897
:10F9FB00E90BA5FBEE1FC108F0EFFBEE1FC108F0F2
:10FA0B00E602FBEEFE0308F8E900A5FBEE1FC108BA
:10FA1B00F0EFFBEE1FC108F0EEFBEE1FC108F0E7A5
:10FA2B0002FB1E93C1083C110DFBEE6AC008754F1B
:10FA3B00FE51EF2BC7EF2BFBEE6AC00858EF784F48
:10FA4B00C3EFFB1E93C1083C150DFBEE6BC0087595
:10FA5B004FFE51EF2BC7EF2BFBEE6BC00858EF7827
:10FA6B000FC3EFFB1E93C1083C120DFBEE6AC008DF
:10FA7B00754FFB51EF2BC7EF2BFBEE6AC00858EF0E
:10FA8B00785FC3EFFBEE93C108F8E40DFBEE6AC0A1
:10FA9B0008754FBF51EF2AC7EF2AFBEE6AC0085813
:10FAAB00EF783FC3EF023944FFFBEE140008ECEF95
:10FABB007B1FE3EFFBEE00010DF0EEFB1E00010DD3
:10FACB003C1100FB1E00010D3C1230FB1E00010D12
:10FADB003C1A07FB1E00010D3C1B40FB1E00010DD9
:10FAEB003C1C00FB1E00010D3C1D00FB1E00010D0C
:10FAFB003C1E00FB1E00010D3C1F00FB1E00010DF8
:10FB0B003C1800FBEE00010DF9E9080304FBEE00C5
:10FB1B00010DF9E42000FBEE00010DF8E4083903B8
:10FB2B00FF39E1FE027100ECA101918AA083FBEE8B
:10FB3B0000010DF0E6A901610116A88161011DF814
:10FB4B0006010CF80600EC01610111FB1A6020059F
:10FB5B004D11003D03002E44FB1E00010DB099FC1E
:10FB6B005A1E1B04610E20F2B889A902FEC211FBBA
:10FB7B002E00010D8121FB1E00010DB099FC5A1EB8
:10FB8B001904610E20F2A88106C90103FBEE0001E6
:10FB9B000DC1E104988962119089B88906C50107E6
:10FBAB0029B867056040FB32E42C00006622FB128B
:10FBBB00145100003971FFFBE216510000FBF2E417
:10FBCB002C0000C1FE01FBE216510000C4E003B0A3
:10FBDB00896701398D000260C0A081F80600A881F9
:10FBEB0061012B0CFB1A862305B410002E15A8827D
:10FBFB0075122CFB12B4DD00004B2105900000E3C5
:10FC0B0001EC01A00967037100ECA101A08AA0839C
:10FC1B00F80600A8896101210CFB1A8C23057F10C3
:10FC2B00002E39A90161012B0CFB1A8723056F10DC
:10FC3B00002E29A8816101210CFB1A9E23055F1060
:10FC4B00002E19A883A88AA90475142CFB12B4DD05
:10FC5B0000004B4105B00000E301EC01A009670572
:10FC6B006080FBE2E62C0000E30EF90A010020FBAA
:10FC7B004A0004FB32E64C0000FB2EB8C201FB121B
:10FC8B00B4DD0000058101006280027100ECA1016E
:10FC9B003E02003D0300A9016101210CFB1A9023D8
:10FCAB0005FC0F002E5AA901A99206851208220EF7
:10FCBB00AA11A90206812106A0812E44A902A991AD
:10FCCB00068521082518A901A89A06811206A0828B
:10FCDB00A901AA1106890102A0812E24B88961010C
:10FCEB0010A901B711610115F806010CF80600EC1B
:10FCFB0001610110A901E51003020C3E0200A8816D
:10FD0B00A08967057100E0A189A182A10B3E0300C8
:10FD1B003E02003E0100A9896101210DFB1A9123CE
:10FD2B00057C0F0038DB00A9816101210DFB1A92C4
:10FD3B0023056B0F0038CA00A9893951FFA009A808
:10FD4B0009068501052306E100050CE10001EC0124
:10FD5B00A08961013AAB00A8810685010323053810
:10FD6B009500A9893C9C00388D00A881A982FEC210
:10FD7B001EA989A992A891FE012EA989A9926212A6
:10FD8B00A192A989A992068512032307A9893E1678
:10FD9B0000A989A992068512082055FB1E03000DA8
:10FDAB00B019FC5A1E1904610E2115FB1E03000D20
:10FDBB00B019FC5A1E1E04610E1DF806010CF80644
:10FDCB0000EC01610121D6A989AA12A891FEC12ECE
:10FDDB00FBFE03000DC3FEA989AA126212A212A98F
:10FDEB0089AA12068512032307A9893E1800A88148
:10FDFB006211A081A881068501032205386EFFA838
:10FE0B0089A10167087100E8A109A102A08BA08458
:10FE1B00E5000701E10008A9096101210CFB1A9318
:10FE2B0023057B0E006706A8896101210CFB1A993B
:10FE3B0023056B0E006706A8096101210CFB1A9ABA
:10FE4B0023055B0E006706A9093E1500A9093E14A0
:10FE5B0000A9093E1800A9093E1600A909F91424A6
:10FE6B0000A9093E1A00A889A90AE321A881A90AB9
:10FE7B00A029A809A90AA0A1EC01A90AA0A9A9096E
:10FE8B003C9C01FBEE180008FAE9F3010BA5FBEE15
:10FE9B001FC108F0EFFBEE1FC108F0E6FBEE72731B
:10FEAB000858EF781F762FF200C3EFFB1E72730812
:10FEBB00B01A78027622F100801AFBEE180008ECDB
:10FECB00EF7B8FE3EFFB1E00000D3C1200FB1E00CF
:10FEDB00000D3C1200FBEE00000DF8E400FB1E00D1
:10FEEB00000D3C1672FB1E00000D3C1750FB1E0054
:10FEFB00000D3C1104FBEE1FC108F9E47F0BFBEE78
:10FF0B000BC00859EF60786FC7EF60FBEE1FC1089D
:10FF1B00F9E47E0BFBEE0BC00859EF20785FC7EFBF
:10FF2B0020FBEE0BC00858EF785FC3EFFBEE0BC066
:10FF3B000859EF60785FC7EF60FB1E00000D75423C
:10FF4B00F05512028092FBEE1FC108F0EEFBEE1F84
:10FF5B00C108F0E76706FBEE308008F9E9012233B0
:10FF6B00FB1E3080083C1680FB1E3080083C1800BE
:10FF7B00FBEEFE0308F8E90BA5FBEE350008F8E4F1
:10FF8B0000FBEEFE0308F8E900A5FBEE308008F855
:10FF9B00E400FBEE308008F8E4FF02FBEE30800853
:10FFAB00F8E400FBEE308008F8E4FF0275431C66B2
:10FFBB0002FB12E0DD000005F52C00FB12E0DD007A
:10FFCB00003E1696FB12E0DD00003C1D01FB12E02B
:10FFDB00DD00003C1C01FB12E0DD00003C91000247
:10FFEB006040E301610119FB1A0A4405B10C00ECF6
:10FFFB00013C1800EC01F91909FFFFEC013C91FFE2
:02000004FFF10A
:10000B00EC013D1AFFEC013C1C00EC013C1D00EC2B
:10001B00013E1600EC013C90FFEC013C1EFFEC0195
:10002B003C1FFF66013918016701FBE2E0DD0000B0
:10003B00F9E909FFFFFB12E0DD00003C9104FB1224
:10004B00E0DD00003D1A50FB12E0DD00003C1C001F
:10005B00FB12E0DD00003C1D00FB12E0DD00003E6A
:10006B001600FB12E0DD00003C90FFFB12E0DD0010
:10007B00003C1EFFFB12E0DD00003C1FFF02FBE219
:10008B00E0DD0000F9E909FFFF0260C03C0A003E19
:10009B00010039A602A009058A310006850101215C
:1000AB0012FBE2E0DD0000A8090684E11DF8060161
:1000BB000CF80600EC016101143C0A01C5000A0BA7
:1000CB00B289670360403C020039C4058009B0095E
:1000DB007100F0A0813C0C013C05003C0401F806CA
:1000EB0000754417FB32CC32F0FF6612660105D364
:1000FB005500710010FB12E0DD0000B2117100F031
:10010B00A0813C0C013C05003C0401F80600754441
:10011B0024FB32E432F0FF6612660105A65500712E
:10012B000010FBE2E0DD0000B00945E1081D3C02D8
:10013B00010C3C0200C5000203B0896701604080DE
:10014B0089FBE217510000C3E1670160803C0601A7
:10015B003C0500FB12E0DD0000BA197701FFFF0040
:10016B003A8401FB12E0DD0000B41939F00461019F
:10017B0021323C0600FB12E0DD0000B4197100F0E7
:10018B00A0813C0C013C05003C0401F806007544C1
:10019B0020FB320933F0FF661266B105265500715C
:1001AB000010FB12E0DD0000BA9139170461012148
:1001BB00323C0600FB12E0DD0000BA917100F0A0AA
:1001CB00813C0C013C05003C0401F8060075441E03
:1001DB00FB322A33F0FF661266B105E7540071005B
:1001EB0010FB12E0DD0000B391398B046101213269
:1001FB003C0600FB12E0DD0000B3917100F0A08122
:10020B003C0C013C05003C0401F80600754421FB45
:10021B00324933F0FF661266B105A8540071001025
:10022B00FB12E0DD0000B39939DE03610121323CA2
:10023B000600FB12E0DD0000B3997100F0A0813CD9
:10024B000C013C05003C0401F8060075441FFB3211
:10025B006B33F0FF661266B105695400710010FB39
:10026B0012E0DD0000B411398603610121323C0636
:10027B0000FB12E0DD0000B4117100F0A0813C0C1A
:10028B00013C05003C0401F80600754423FB328B4E
:10029B0033F0FF661266B1052A5400710010FB1291
:1002AB00E0DD0000B611710205396D028109B1095B
:1002BB00610121323C0600FBE2E0DD00007100F041
:1002CB00E5E006023C0C013C05003C0401F806008D
:1002DB00754422FB32AF33F0FF661266B105E4536F
:1002EB0000710010FBE21751000058EE610E15F87B
:1002FB0006000CF80601EC01610120293C06007197
:10030B0000F06601A08181098101E3013C0C0175BC
:10031B004416FB32D233F0FF661266B105A55300CB
:10032B00710010C5000607B18967026080390B00A8
:10033B00E301EC01A009670260C03E0100F8060072
:10034B00FB12E0DD000062416603664205CD03004F
:10035B00A009A80BFB12E0DD00006281661205BB51
:10036B000300A009FB12E0DD0000BA197701FFFFC3
:10037B00003AAC00A80BFB12E0DD00007111126615
:10038B002205980300A009A80BFB12E0DD00007109
:10039B001111661205850300A009A80BFB12E0DD05
:1003AB000000711114662205720300A009A80BFB53
:1003BB0012E0DD000062C1661205600300A009A80F
:1003CB000BFB12E0DD000062D16612054E0300A0AC
:1003DB0009A80BFB12E0DD000062E16612053C038D
:1003EB0000A009A80BFB12E0DD000062F16612050C
:1003FB002A0300A009A80BFB12E0DD00007111100D
:10040B00661205170300A009A80BFB12E0DD000024
:10041B00711118664205040300A0092E6EA80B6625
:10042B0022EF0105F60200A009A80B6612EF0105E9
:10043B00EA0200A009A80B6622EF0105DE0200A06C
:10044B0009A80B6612EF0105D20200A009A80B66E2
:10045B0012EF0105C60200A009A80B6612EF0105F9
:10046B00BA0200A009A80B6612EF0105AE0200A0AC
:10047B0009A80B6612EF0105A20200A009A80B66E2
:10048B0042EF0105960200A009A809A0816703FBB2
:10049B001EC001100528DDFF61012117FB1EC001E5
:1004AB0010051BDDFF61011AFB1A0B4405F0070059
:1004BB00020260803E010039D8FF397EFEFBE2E08C
:1004CB00DD0000E3E13E010EA80BFB22E0DD0000A6
:1004DB00FB1EC001100590DDFF610115F806000C35
:1004EB00F80601EC016101202DA80BFB22E0DD00D9
:1004FB0000FB1EC00110056FDDFF610115F8060042
:10050B000CF80601EC016101200CFB1A0C44058E62
:10051B000700670267027100F08389A082F806006A
:10052B00A881610119FB1A094405730700A881F81A
:10053B001401B38975519620157551692014610109
:10054B002114F80600A881F814002E0F3E00960A1D
:10055B00F806690EA881F81400EC01A00967046085
:10056B0040FB12E0DD0000E30167016040FB12E09D
:10057B00DD000062C1E30167016040F80600710114
:10058B0008E301EC0275431CFB12E0DD00000536AD
:10059B00260067016040FB12E0DD0000B419610129
:1005AB001E3C02032E15FB12E0DD0000B419761180
:1005BB00E803FD7891C8008081C5000203B089670C
:1005CB0001608090893C0400B88976012C012A0CCB
:1005DB00B88961012B06F806010CF80600EC0161E5
:1005EB0001143C0401C5000405B109670260408099
:1005FB00893C0100B08975511424053C0101C500EB
:10060B000102B0816701608081893C0500B189617D
:10061B0001200DB18975516E2406F806010CF80600
:10062B0000EC016101143C0501C5000506B18167B1
:10063B0002608081893C0500B18961A12A0CB189D6
:10064B0061212906F806010CF80600EC0161011482
:10065B003C0501C5000506B1816702604080893CFD
:10066B000100B0897551FF2A053C0101C50001024B
:10067B00B0816701604080893C0100B08975518071
:10068B0024053C0101C5000102B081670160403DBA
:10069B0000FFFBE21851000058EE610E11FBE296D1
:1006AB00AF0000D0E0C40003B0896701604090093F
:1006BB00FBE296AF0000D3E1FBE218510000F8E437
:1006CB0001670160C03E0100F80600F806002E2EFF
:1006DB00661EEC01FD621EFBF296AF0000EFE50615
:1006EB00D0F547E52112668E06800E6611FD62E19C
:1006FB0006950101A009EC016211E301EC01619186
:10070B0023D0A8097611C800A009A809FD7891FF8C
:10071B0000A009A809A08167037100E0A189A1824B
:10072B00A10B3E03003E02003E0100F80600A98922
:10073B00610119FB1A014005650500A9097E01A09D
:10074B00893E02002E30A881A98AFEC211A009A8F9
:10075B008906A10D01015B11E301FBE22C0EF0FFF9
:10076B00EC01FE61EEA8896881FF61E1A089A88197
:10077B006211A081A8810685010623CCA8897E0180
:10078B00A10167087100F0A089A082A00B3C0200B8
:10079B00A881610119FB1A02400503050005E01B46
:1007AB00006101A80BA882A889196604391600807C
:1007BB0081097544FF3977008081C5000203B08938
:1007CB0067047100E0A189A182A10B848C840CA920
:1007DB0081610119FB1A034005C4040066437102D1
:1007EB001CEF0105E12300A982668371010405D684
:1007FB0023003E03002E1DA88AEF0EFECE2EFF6EA9
:10080B00E1FBF22105F0FFFECFE18409A88962111B
:10081B00A089A909624106850103B40924DBFD7493
:10082B00D1558409C5001112B48167087100E0A18C
:10083B0089A182A10B848C840CA981610119FB1AFB
:10084B000440055A0400664371021CEF010577232F
:10085B0000A9826683710104056C23003E03002E00
:10086B001DA88AEF0EFECE2EFF6EE1FBF22106F0E5
:10087B00FFFECFE18409A8896211A089A909624111
:10088B0006850103B40924DB7E018409C50011121E
:10089B00B481670860C0A081908A3C0300F809FF0F
:1008AB00FFA88161012133FB1A054005F103002EDE
:1008BB0029A881581106600D018089A8816211A0B9
:1008CB00815C016881D301FBE22807F0FFB089FE50
:1008DB0051E106600D01D301B8897112FF908A6155
:1008EB000121D0D40002B88167037100F03D0700ED
:1008FB003D06003D0500058A2D00A009A8097621BB
:10090B00001076010010210CFB1A1041059003001A
:10091B006704A8097621004076010040210CFB1AE0
:10092B001141057A030067040523B4FF9189B98946
:10093B0005AE360005202E003D0600F90905FF0F18
:10094B00B98906C50106290AB98906C501052B0611
:10095B00F806010CF80600EC016101FBE230E20045
:10096B0000ECEE2035622EFBF230E20000E3FEFBE2
:10097B00E230E20000ECEE61AE233105021A0061B9
:10098B0001ED0E011F78CEE70E010E78EEE70E019A
:10099B00A809058036006704610E2010FBE230E2E7
:1009AB000000ECEF601FE3EF670467047100F03D9C
:1009BB0007003D06003D050005F83500A009A80914
:1009CB007621002076010020210CFB1A124105CE66
:1009DB0002006704A80977210080007701008000DE
:1009EB00210CFB1A134105B602006704056DB3FF1A
:1009FB009189B98905043600055C2D003D0600F987
:100A0B000905FF0FB98906C50106290AB98906C56B
:100A1B0001052B06F806010CF80600EC016101FB41
:100A2B00E234E20000ECEE2035622EFBF234E20001
:100A3B0000E3FEFBE234E20000ECEE61AE23310595
:100A4B003E19006101ED0E011F78DEE70E010E78F5
:100A5B00FEE70E01A80905D335006704610E2010CF
:100A6B00FBE234E20000ECEF601FE3EF6704670486
:100A7B00FBE21951000058EE610E211E05C3B2FFB7
:100A8B006101200D3966FE3925FF05DDB2FF02FB42
:100A9B001A14410509020002FBE219510000F8E4A7
:100AAB000005C6B2FF027100F06601A081810981C9
:100ABB0001E3013C0C01754415FB32EC33F0FF668E
:100ACB0012665105FE4B0071001039EC05FBE21B61
:100ADB0051000058EE610E20347100F06601A081C8
:100AEB0081098101E3013C0C01754416FB32023490
:100AFB00F0FF6612665105CB4B0071001005ED2916
:100B0B0000FBE2E7500000C3E12E2305680800FB61
:100B1B00E2E7500000C3E1FBE2E750000058E105BB
:100B2B00FB2900FBE21B510000F8E401FBE2E6505D
:100B3B000000F8E400FBE2FCDD0000F8E600FBE25D
:100B4B001C510000F8E4002E1BFBE21C5100005866
:100B5B00EFFB5200DE00006604FE2F5458EF621FBD
:100B6B00C3EFFBE21C51000058EE618E23DDFBE26C
:100B7B001C510000F8E400FBE21A510000F8E401FC
:100B8B00026080A0097100F03C0C01A0813C0500C3
:100B9B003C0401F80600754419FB321934F0FF666A
:100BAB00226651051E4B00710010A809610110A8A7
:100BBB00097551212906F806010CF80600EC0161B4
:100BCB000110FB1A804039D600050E06006101208A
:100BDB001C7FB8A8096011661EFD621EFBF2FCDDCE
:100BEB0000000694FEE3FE7FA8670267026080A008
:100BFB00097100F03C0C01A0813C05003C0401F89C
:100C0B000600754419FB321934F0FF662266510554
:100C1B00B24A00710010A809611112A809612115CF
:100C2B00F806010CF80600EC01610112A8096141FC
:100C3B0015F806010CF80600EC01610112A8096118
:100C4B003115F806010CF80600EC01610112A80938
:100C5B00615115F806010CF80600EC01610112A8B0
:100C6B0009616115F806010CF80600EC0161011031
:100C7B00FB1A9C40392800A8093908FF39CD0467B5
:100C8B000260403C0300055105008089B089610179
:100C9B00120586050039B404670167017100F0A0E5
:100CAB00893C0B003C0A003E0100A8897100F066EC
:100CBB00128302A081810A8102F80600754418FB99
:100CCB00323334F0FF6622665105F849007100108B
:100CDB007FB805B1440005A44500FBE21D5100009F
:100CEB0058EE610E15F806000CF80601EC016101D7
:100CFB003AA300FBE21D510000F8E40105DB040000
:100D0B008289B28961013A8D00FBE21B51000058C8
:100D1B00EE610E201005D52700FBE2E7500000C363
:100D2B00E12E0E05500600FBE2E7500000C3E1FB8D
:100D3B00E2E750000058EF622FC3EFFBE2E75000F1
:100D4B000058E1661205680600FBE2E75000005808
:100D5B00E105C92700FBE21A51000058EE610E2095
:100D6B0034FBE2FCDD0000E4E0013C0A002E19FB41
:100D7B00E200DE0000B281FE61E106950101A009EF
:100D8B00B28162118281B281618123E5A80AB981A6
:100D9B0039E60205A81600670460403C03007100A9
:100DAB00F06601A08181098101E3013C0C017544CE
:100DBB0024FB324C34F0FF66126651050649007174
:100DCB000010051504008089B08961012042051CC3
:100DDB002700FBE2E7500000C3E1FBE2E750000015
:100DEB0058EE610E202AFBE2E750000058EF601F1F
:100DFB00C3EFFBE2E750000058E1660205B10500C6
:100E0B00FBE2E750000058E105122700670167017C
:100E1B0060403C0200055E0500FBE2E7500000C3AA
:100E2B00E1FBE2E750000058EE616E23053C020146
:100E3B00C5000203B08967017100F06601A08181D2
:100E4B00098101E3013C0C01754432FB327134F032
:100E5B00FF66126651056C4800710010FBE21B51D6
:100E6B000000F8E400027EA67100A8A489A502A5E3
:100E7B000B610318FB1AFC403924FE05FE0C0073B2
:100E8B0011000002A481056C0D00D70123F9052286
:100E9B000038AF005D0423AC835D01226040F80491
:100EAB0000FB2E0000FE05F309006240A401AC0616
:100EBB006601059A0D004B617543FF66A205B70EDF
:100ECB00006101153E06000C3E0601A9816101215E
:100EDB007DDD0128064101230649012296099E0961
:100EEB00610127395D0428AC8BAD0ABE096040F85F
:100EFB00040105A709006240A289AA8E6611054E5E
:100F0B000D004B6105CE0A00A089A102A10BE500E3
:100F1B000308D5000812E500050A0A3E08003D82C9
:100F2B00003E0A00AC06660105240D00AA84AA0B3C
:100F3B00AA024B6105DA0800DD01226211D70122FA
:100F4B005D012206C501232805384BFF3E0D003DF0
:100F5B008C003E0F003D0F002E56DD01280641018F
:100F6B002360110641010F96095D0428AC8BAD0A75
:100F7B00BE096040F80401052209006240A289AA5B
:100F8B008E661105C90C004B6105490A00E301A0EF
:100F9B000AA083E40008D5000212E500020A7102E0
:100FAB0020710134056607009B8962119389DD016D
:100FBB0028064101239B8A471229A105C60C003F35
:100FCB0066176040052E0C006C119009B80967017B
:100FDB007100CC9489BC8968119481059E0B0073B8
:100FEB0011000002A201050C0C009389BB8CAA0313
:100FFB00BC816040F80400FB2E0000FE059D08003C
:10100B006240A181A9816603FB2E0000FE05250A23
:10101B0000BC897C0111A98172110001A181A981F8
:10102B0005B20900E301A00AA083E40003D5000286
:10103B0008E5000205E500030AD5000816E50005E2
:10104B000CAA81AA8AAB03670D7100E8052D0B0072
:10105B007311000002E301059B0B009081F90E0256
:10106B000000FEE40003D5000208E5000205A88994
:10107B00A902A90B67067100E89289A102BA8961DE
:10108B000111BA89760100552906F806010CF806FC
:10109B0000EC01610110FB1AF5403902FC05F62446
:1010AB0000A009D5000B04E50004036602710104DE
:1010BB00055A060067066080F9090312ABFBEE00C8
:1010CB0000FEB88906C4E12076FB1E0002FE054A2D
:1010DB000900660105040B00FB1E0000FE0571D51F
:1010EB000F610115F806000CF80601EC0161011007
:1010FB00FB1AEB4039A8FBFB1E0080FE0552D50FF7
:10110B00610115F806000CF80601EC01610110FBFA
:10111B001AEC403989FB6613710206FB1E0000FEB8
:10112B000518D60F610115F806000CF80601EC0145
:10113B0061012015FB1AED403964FB670205440B76
:10114B000005D40B0067026702FBE2FCDD0000EC3C
:10115B00EE610E205EFBE2FCDD0000ECEEFBF21C10
:10116B0051000058FFFB5200DE0000FE2F5EFBE239
:10117B001C51000058EF621F647FC3EFFBE2FCDDE4
:10118B000000F8E600FBE2E650000058EF622FC3C8
:10119B00EFFBE2E650000058E105082300FBE2E616
:1011AB0050000058EE61AE232FFB1A814039EFFA45
:1011BB0002FBE2E650000058EE610E201BFBE2E65C
:1011CB0050000058EF601FC3EFFBE2E650000058E1
:1011DB00E105D0220002027100F03E02003C070044
:1011EB0005282400A081A8816141290CFB1A9F408E
:1011FB0005ACFAFF2E1BA881612116A88161311D58
:10120B00F806010CF80600EC0161011C3C0701C556
:10121B0000070FB389670460403C03003C020005E4
:10122B009B22008089FBE2E6500000B08944E12A52
:10123B00053890007100F06601A08181098101E3FE
:10124B00013C0C01754426FB32A434F0FF66226688
:10125B005105704400710010FBE2E650000058E1AC
:10126B007100F0A0813C0C013C05003C0401F80628
:10127B0000754418FB32CB34F0FF662266510543F0
:10128B004400710010B0897100F0A0813C0C013C4E
:10129B0005003C0401F80600754419FB32E434F0F8
:1012AB00FF66226651051C4400710010FBE2E650FC
:1012BB000000C10E03FBE2E650000058E105E421FB
:1012CB000005292200FBE2E7500000C3E10566227E
:1012DB00008081FBE2E7500000B08144E12A053831
:1012EB0092007100F06601A08181098101E3013C4C
:1012FB000C01754424FB32FE34F0FF662266510567
:10130B00C24300710010FBE2E750000058E171008E
:10131B00F0A0813C0C013C05003C0401F806007573
:10132B004417FB322335F0FF6622665105954300C7
:10133B00710010B0817100F0A0813C0C013C0500E4
:10134B003C0401F80600754418FB323B35F0FF6690
:10135B00226651056E4300710010FBE2E75000005E
:10136B00C10E02FBE2E750000058E105AF21006718
:10137B0001670160403C02003C0100F8040071036E
:10138B0001710202FB1E002110396B02B081610159
:10139B0016C100012E12F804005801660239100024
:1013AB00580105782100C40003B08967017100DC86
:1013BB00C70123C702223E07003E0600FBE254355D
:1013CB00F0FFD4E008D5E00109D5E0020AD5E0032F
:1013DB000B3E03003E02003C07003C0600F90908E7
:1013EB005555590123920966036642710110052B6D
:1013FB00F3FFA189D5000E0AA98969019289FBE245
:10140B0020DE0000E4E00666036642710118050B5E
:10141B00F3FFA189FB1220DE0000A8190685010746
:10142B00200CFB1E00211039A602A181590122615B
:10143B00013ABE003E0310A981068501032236A99D
:10144B00817311002110A081A881664371021005E0
:10145B0016CEFF8189B189610115F806000CF806DB
:10146B0001EC0161013A3F01FB1A8B400530F8FF9B
:10147B003834017100F06601A08181098101E3011B
:10148B003C0C01754425FB325C35F0FF661266514E
:10149B0005314200710010FB1E0021100520CDFF0D
:1014AB008181B181610115F806000CF80601EC0190
:1014BB00610111FB1A914005E5F7FF3E0600F90E9D
:1014CB0002002110A8816643710210059ACDFF819D
:1014DB0089B189610115F806000CF80601EC016170
:1014EB00013AC300FB1A8C4005B4F7FF38B8003E35
:1014FB000338A981068501032435A98173110021C5
:10150B0010A081A8816643710210055BCDFF818914
:10151B00B189610115F806000CF80601EC016101B7
:10152B003A8400FB1A8D400575F7FF2E797100F098
:10153B006601A08181098101E3013C0C0175442501
:10154B00FB328235F0FF6612665105774100710060
:10155B0010FB1E0021100566CCFF8181B18161015A
:10156B0015F806000CF80601EC01610111FB1A924B
:10157B0040052BF7FF3E0600F90E02002110A88153
:10158B00664371021005E0CCFF8189B189610115B9
:10159B00F806000CF80601EC01610111FB1A8E40F4
:1015AB0005FCF6FF5901237100F0A0813C0C013CB6
:1015BB0005003C0401F80600754415FB32A835F014
:1015CB00FF6612665105FC4000710010A981628113
:1015DB00A181660366427101180540F1FFA189FBE9
:1015EB00E220DE0000E10E06FBE220DE0000E50E4D
:1015FB00070167097100E0A189A182A10B3E0400DC
:10160B003E03003E02003E0100A909610119FB1ACD
:10161B008440058AF6FFA981610119FB1A854005F3
:10162B007DF6FFA989770100211011FB1A86400571
:10163B006DF6FFA989399800A0896603664271018E
:10164B000C05D8F0FFA009A98977010021102116FC
:10165B00FBE220DE0000E10E03FBE220DE0000E5F2
:10166B000E010109FB1A87400534F6FFE500030262
:10167B00A981F81400F90E040021102E36A8816000
:10168B0081A081A9010689010266036642058CF0DF
:10169B00FFA009A88106890104A81906850101216B
:1016AB0012A88106890104A90AC11202A981F814A2
:1016BB0001A8816181230DA981581E610E1DF806B9
:1016CB00010CF80600EC01610121B4670860C0A0B1
:1016DB0081F80600A88177010000FE201977010030
:1016EB0080FE201277010021102113A88139760882
:1016FB00E3012E12A881391B07E30109FB1A88406D
:10170B00059CF5FFEC01A00967037EA67100E8A11B
:10171B0009A102F9090312AB396104A089A9096176
:10172B00012014A88E39AE06A90AA8A4A82BEC2276
:10173B004B6139DC00A90161012016A88E660139C5
:10174B000D05A902A8A4A82BEC224B6139C200A855
:10175B00897701007EFE11A889770100FEFE1DF836
:10176B0006010CF80600EC016101A8893A8A0077A2
:10177B0001FF7FFE2409F90E020080FE0FF90E0215
:10178B000000FEA88105C9CE0F610115F806000CFB
:10179B00F80601EC01610111FB1AF4400500F5FF9D
:1017AB007100F06601A08181098101E3013C0C010C
:1017BB00754426FB32BE35F0FF6612665105043FB9
:1017CB0000710010A8816613710206056DCF0F61C1
:1017DB000115F806000CF80601EC01610111FB1A6A
:1017EB00EE4005BAF4FFA88172110002A089754181
:1017FB003F39E7032E1272110002A08939F60362FA
:10180B00115F1139D503A8893910023F66077100A2
:10181B00E0A10AA183A18CA10177010000F0230BA9
:10182B00A90177010000FF2306F806010CF806005A
:10183B00EC0161011EA9017C0115F806010CF806EB
:10184B0000EC01610111FB1AFD400552F4FF6643E8
:10185B00710214710106056E130066237102187173
:10186B00010A05621300664371021C71010C0556D7
:10187B001300A901665371020605BFCE0F61011556
:10188B00F806000CF80601EC016101200CFB1AF3C1
:10189B0040050BF4FF670867087100DC9409A18A07
:1018AB00A183928CC5002815BC0906C5010B29051F
:1018BB00381401A9817601FF7FFCDBE5B5096101D5
:1018CB003A8A00610E2012E5000703ED0E0772EE57
:1018DB000005E70E012E23ED0E06770EFFFF002409
:1018EB0011ED0E0772EE0005E70E03E50007010987
:1018FB00FB1AF94005A8F3FFED0E06688E63AE06E2
:10190B00890E0706810E0371EEECFD749E14D70E43
:10191B00055D0E1106C50E05281C5D0E11751E14F6
:10192B0071EE14A981688163A10689010743E1E384
:10193B0001388900ED0E0172EEEC04BC0906C10101
:10194B0005751114431EE30E2E72610E2011E50076
:10195B000703A9897311008000A0092E21A98177A3
:10196B0001FFFF002410A9897311008000A089E5F5
:10197B0000070109FB1AFA400524F3FFA989068920
:10198B00010606810103721100FE68919109BC09E1
:10199B0006C501052814A98906890106BC0A62122D
:1019AB006C924321E3012E14A8097211007EBC0A2C
:1019BB0006C102056C924321E301B50BA98AEC0128
:1019CB0039720009FB1AFB4005D4F2FFEC01A101AF
:1019DB0067097100DCEF12A10A6643EF0105E711FD
:1019EB0000E40002A90A6242662371010605D711C1
:1019FB0000D5000306A90A62626643EF0105C71111
:101A0B0000E40004E5000206D500060EE50004081C
:101A1B00A981A98AAA0367096040E301FBE228DEDA
:101A2B000000E3E1EC017E01FB2228DE0000A0298F
:101A3B0067017100F0A089A082818B6103A881A846
:101A4B008A3A9B0071111447122312A8817211EC70
:101A5B0004068501032306F806010CF80600EC01C9
:101A6B0061012126A8817211140506850103241238
:101A7B00A8817211EC09068501032306F806010CF7
:101A8B00F80600EC01610115F806010CF80600ECF4
:101A9B0001610115F806000CF80601EC016101115A
:101AAB00FB1AF14005F8F1FFA881721E0005A88A08
:101ABB0047E222144312EF2EFD749E14751E14433D
:101ACB00E2908238A400721100054312EF2EFD74D0
:101ADB009E14751E1443E29082388E007211000220
:101AEB0047122312A8817211007E0685010323067B
:101AFB00F806010CF80600EC0161012128A881739E
:101B0B0011008200068501032413A881731100FEC6
:101B1B0000068501032306F806010CF80600EC010C
:101B2B00610115F806010CF80600EC01610115F8CE
:101B3B0006000CF80601EC01610111FB1AF14005DE
:101B4B005DF1FFA881731E008000A88A47E2220C7A
:101B5B0043127622FF0190822E0F731100800043F7
:101B6B00127622FF019082B8816101200CFB1AF2E0
:101B7B0040052BF1FF670467046080F80600FBE269
:101B8B0028DE0000E0E0FB1228DE0000A81906A00A
:101B9B000D017501FF203139EA00FBE228DE000060
:101BAB00E0E07100F06601A08181098101E3013C55
:101BBB000C0175442BFB32E535F0FF6622665105AF
:101BCB00023B00710010EC016603FB2E0000FE3996
:101BDB0063FEEC01A009670260409009FB2228DE3E
:101BEB000000912198097E01FB2228DE000091293B
:101BFB0067016040F80500FBE228DE0000D1E0043D
:101C0B00FB1228DE0000991906600D015F1E770E8E
:101C1B00FFFF002032390001FBE228DE0000D1E09B
:101C2B00047100F06601A08181098101E3013C0C84
:101C3B000175442BFB321136F0FF6622665105838A
:101C4B003A00710010D40001B809670160808189E6
:101C5B00052D07006111201761012117B189610161
:101C6B00163D010A2E15F9090100012E0E3D01004A
:101C7B0009FB1AF8400527F0FFD5000102B8816770
:101C8B00027100F0FB1E007EFE3970018189FB1E84
:101C9B0000FEFE3966018181B189610115F80600EC
:101CAB000CF80601EC0161012017B181610115F8F7
:101CBB0006000CF80601EC01610115F806010CF8A1
:101CCB000600EC016101200CFB1AEF4005D0EFFF81
:101CDB002E2AB18961012014F90E030000FEFB1EB0
:101CEB000000FE39EAF9A0812E12F90E030080FEE6
:101CFB00FB1E0080FE39D8F9A081A8817601FF7FF9
:101D0B00250AFB1AF0400596EFFFA8890689010208
:101D1B003908FD67047100EC3961FEA101A9017757
:101D2B0001FF7FFE2410F90E030000FEF90E0200E6
:101D3B0080FE2E0EF90E030080FEF90E020000FE4F
:101D4B00A90106810103721100FE68919089A88197
:101D5B007211000239A500610115F806000CF80696
:101D6B0001EC01610110B88971113F9089B8893973
:101D7B0069FE67057100ECA101A08A828B3C03010F
:101D8B00A901610119FB1AF6400513EFFF3E010093
:101D9B002E19A809A902FEC21EB28947E1163C03FF
:101DAB00002E10A8096211A009A8090685010323BA
:101DBB00E3C500030AB28167057100F0A089A08218
:101DCB00068502032506E100020CE10003EC01A0ED
:101DDB00096704604005A805006111126101210C1F
:101DEB00F805002E0FF809000109FB1AF74005AEA4
:101DFB00EEFFD40001B80967016080A0097543FFAD
:101E0B00FB2A00023970FF8081C5000203B089678D
:101E1B00027100C8A3093E0B003E0A00F90427001B
:101E2B003E08003D0F003D0E003E06003E05003E05
:101E3B0004003E03003E02003E0100F90A0B0002C3
:101E4B003E0A3F3D0F013D0E00F90A040020F90A3E
:101E5B00030040F90A020060E5000D01A809EF1E1E
:101E6B0006890E035CEE770EFFFF00212306890126
:101E7B00045C1E770EFFFF0018BB89A201388E0091
:101E8B00BB8AAA8168213933FFA2013880000689F9
:101E9B0001025C1E770EFFFF00AA81210DBB8A6831
:101EAB00113918FFA2012E65BB8A63316821390BEA
:101EBB00FFA2012E58AA01068D010B068901015CB8
:101ECB001E770EFFFF00213BAA01068D010BA10916
:101EDB00F90427013E06002E21AA01068D010B06EF
:101EEB00890106A80AFEC21E755EFF17F9042700BA
:101EFB002E15A9816211A181A9810685010B23DB16
:101F0B000DF9042700AA016211A201FBEE0080006B
:101F1B0006C10E0EAA016211068D010B47E12418B2
:101F2B00590127610115F806000CF80601EC016157
:101F3B000115F806010CF80600EC0161013B78FF76
:101F4B0059012761011FF90E05008000A9097701CE
:101F5B00018000230AFB1A89400543EDFFA909A361
:101F6B0001670E7100E0A1893E05003C83003E0332
:101F7B00003E02003E01003E0508E50007012E3D34
:101F8B00A889068D01050689010766820542C1FFF6
:101F9B006101A889068D010510A0813C83012E17D4
:101FAB00755140210FA9890515C2FF3E02003C83E4
:101FBB00010C3C8300A8896211A089A889068D01B8
:101FCB00057551402417B489610115F806000CF80A
:101FDB000601EC01610115F806010CF80600EC0195
:101FEB006101219EB48961011C3E0240A88175519B
:101FFB0041230AFB1A894005A5ECFFA881A1816743
:10200B0008052ED2FF055BD2FF0560D3FF05B5D2C5
:10201B00FF05ACD3FF05B5D2FF027100E43D0D0007
:10202B003E05003E04003E03003E02003E0100FB65
:10203B00E21E51000058EE610E3BE20005A72300A3
:10204B00E301EC0164116111211E053303006101F1
:10205B00210CFB1A29010546ECFF6707FB1A30011F
:10206B00053CECFF670705069DFF9309BB0977014C
:10207B00FFFF00212BFBE238E20000ECEF622FE3C5
:10208B00EFFBE238E20000ECEE61AE220538AD006A
:10209B00EC017801E301EC0105B625006707FBE2D3
:1020AB0040E20000ECEF06C90F0DE3EFFBE23CE270
:1020BB000000ECEF621FE3EFFBE23CE20000ECEE12
:1020CB0061AE217805B5CAFFA102A089A889FBE200
:1020DB0044E200000680E1A0093E0200FBE240E280
:1020EB000000ECE1751164A884A80B660205AE3EF6
:1020FB0000A109FB1244E20000A902A88BA01AE37D
:10210B0013A90905342500FBE240E20000F8E600C4
:10211B00FBE23CE20000F8E6006707FBE21E510021
:10212B0000F8E40005489CFF9309054FCAFFFB32FA
:10213B0044E20000A03AE331670767077100E43D12
:10214B000D003E05003E04003E03003E02003E0132
:10215B0000FBE21F51000058EE610E3BE2000585CB
:10216B002200E301EC0164216121211E0511020013
:10217B006101210CFB1A29010524EBFF6707FB1AF0
:10218B003001051AEBFF670705F69BFF9309BB09A7
:10219B007701FFFF00212BFBE24CE20000ECEF622A
:1021AB002FE3EFFBE24CE20000ECEE61AE220538D0
:1021BB00AD00EC017811E301EC01059424006707F5
:1021CB00FBE254E20000ECEF06C90F0DE3EFFBE27C
:1021DB0050E20000ECEF621FE3EFFBE250E2000085
:1021EB00ECEE61AE21780593C9FFA102A089A88905
:1021FB00FBE258E200000680E1A0093E0200FBE290
:10220B0054E20000ECE1751164A884A80B6602058A
:10221B008C3D00A109FB1258E20000A902A88BA07B
:10222B001AE313A90905FB2300FBE254E20000F8B3
:10223B00E600FBE250E20000F8E6006707FBE21F56
:10224B00510000F8E40005389BFF9309052DC9FFE9
:10225B00FB3258E20000A03AE3316707670760C022
:10226B003E02003E0100FBE208100000F8E22153A1
:10227B004342FBE204000000F8E221534342FBE23D
:10228B000C100000F8E221534342FBE21013000054
:10229B00F8E221534342FBE234DE0000F8E600FB98
:1022AB00E238DE0000F8E600FBE23CDE0000F8E678
:1022BB0000FBE2E8500000F8E4007543106602FBF7
:1022CB001240DE000005E70900FBE250DE0000F8DB
:1022DB00EE000210FB1260E200000596C7FF051529
:1022EB00C7FFFB126CE2000005D6C5FF056CC5FFEE
:1022FB0005B6D7FF055D99FF05D9240005B0DCFFB6
:10230B00055FC8FFA082A0092E1D05CE2400610128
:10231B0015F806000CF80601EC016101110542C825
:10232B00FFA082A009A882A809754332055FC8FFE8
:10233B00610115F806000CF80601EC01610121CCD6
:10234B00660105FC98FF397C053934007100F03CBF
:10235B000C01A0813C05003C0401F80600754414F7
:10236B00FB324036F0FF661266B105573300710041
:10237B00106703FBE220510000F8E4010260C03E4D
:10238B0001023C0300FB1A030E05A3C3FF8089B0B7
:10239B00896101153E01000C3E0101A809A081676E
:1023AB00036040FBE234DE0000FBF220E20000E0C1
:1023BB00FEFBE234DE0000ECE1E3016701FBE238F7
:1023CB00DE0000ECEF621FE3EF026040FBE238DE61
:1023DB000000ECE1E301670105C3DBFF0583C7FFE9
:1023EB00FB3278E20000A03AE3310260800572C74D
:1023FB00FFA00AE301FB1278E20000A81AEC1E060C
:10240B00840E06A10002012232FBE278E20000A852
:10241B0009EC020680E206A100E101660E7552642A
:10242B00FC03E12316FB1278E20000A80AEC03A0E0
:10243B001AE3130568DBFF67026702052BCDFF026A
:10244B00FBE204000000ECEE740E2153434211FB3F
:10245B001A8E410549E8FFFBE208100000ECEE7410
:10246B000E2153434211FB1A79410532E8FFFBE27F
:10247B000C100000ECEE740E2153434211FB1A8F2B
:10248B0041051BE8FFFBE210130000ECEE740E217C
:10249B0053434212FB1A80410504E8FF02026040DD
:1024AB0039DDFE6111202C6101213505E81000FB9F
:1024BB00E240DE00000684E1202E05D91000FBE28D
:1024CB0040DE0000E3E1FBE2E8500000F8E4012EFF
:1024DB0017FBE240DE0000ECE105E8100009FB1AF7
:1024EB008A4105BAE7FFFBE2E850000058EE610EA7
:1024FB00200E39D8FE7551152306F806010CF80687
:10250B0000EC0161013AE100FBE240DE0000ECE18E
:10251B007100F06351A0813C0C013C05003C0401AF
:10252B00F806006684FB325536F0FF661266B1057D
:10253B00923100710010FB1240DE0000B891710067
:10254B00F0A0813C0C013C05003C0401F806006640
:10255B00E4FB325E36F0FF661266B1056631007140
:10256B000010FB1240DE0000B8997100F0A0813C16
:10257B000C013C05003C0401F8060066E4FB326DDF
:10258B0036F0FF661266B1053A3100710010FB128E
:10259B0040DE0000B9117100F0A0813C0C013C053C
:1025AB00003C0401F8060066E4FB327C36F0FF6663
:1025BB001266B1050E3100710010FB1240DE0000F7
:1025CB00B9197100F0A0813C0C013C05003C0401E1
:1025DB00F8060066E4FB328B36F0FF661266B10537
:1025EB00E23000710010FBE22151000058EE610E49
:1025FB00200E39A904FBE221510000F8E400FBE2B4
:10260B00E850000058EE610E1839C1FD7551141DCC
:10261B00F806010CF80600EC0161012019393B04A6
:10262B00FBE221510000F8E401FBE2E8500000F866
:10263B00E40067016701055944FF662105240A0080
:10264B00027100E88589A102838B3E02003C0700E2
:10265B0005FBDAFF610112B58961011DF806010C5A
:10266B00F80600EC016101207005CFDCFFA081A80A
:10267B00817100F066128302A081810A8102F80643
:10268B0000754441FB329A36F0FF66B105353000D8
:10269B00710010A90105970600A881068501042089
:1026AB00277100F06601A08181098101E3013C0CD7
:1026BB0001754413FB32DC36F0FF661266B105037D
:1026CB0030007100100805ECDDFF3C0701B38AA850
:1026DB0081059A5AFF2E267100F06601A0818109AF
:1026EB008101E3013C0C0175445CFB32F036F0FFD9
:1026FB00661266B105CD2F00710010B1896101150D
:10270B00F806000CF80601EC016101150583DDFFED
:10271B00392BFD67067EA660C091093C09013C0878
:10272B00003C0700B90E050A090061111DF80600EF
:10273B000CF80601EC016040E30171030B71020C14
:10274B006611EF64052AB2FF62408209B20961018A
:10275B001F39EAFC3F66043F66046040FBE240DE43
:10276B000000D5E00201B809670160409009FB2227
:10277B0040DE000090A1B809053E120067016040E1
:10278B00FBE240DE0000D5E00401B80967016040C0
:10279B009009FB2240DE00009121B809050C1300C3
:1027AB0067016040FBE240DE0000D5E00301B809A1
:1027BB00670160409009FB2240DE000090A9B80938
:1027CB00056F120067016040FBE240DE0000D5E0C0
:1027DB000501B809670160409009FB2240DE00004B
:1027EB009129B809053D13006701FBE240DE0000AB
:1027FB00F8E600FB1240DE00003D1200FB1240DE4B
:10280B0000003D1300FB1240DE00003D1400FB12E4
:10281B0040DE00003D1500FB1240DE00003E1300C1
:10282B00397901FBE240DE0000ECE105960D00FB7F
:10283B001240DE0000B8913933FFFB1240DE00007E
:10284B00B8993970FFFB1240DE0000B9113941FF16
:10285B00FB1240DE0000B919397EFF0205BCB5FF43
:10286B00052EB8FF056FD3FF02FBE234DE0000EC50
:10287B00EF621FE3EFFBE23CDE0000ECEF621FE3D5
:10288B00EF39FCFA6111213BFBE23CDE0000ECEE80
:10289B00760E3075232DFBE240DE0000ECEF621F5D
:1028AB00E3EFFBE23CDE0000F8E600FBE2E8500061
:1028BB0000F8E401FBE240DE0000ECE105050D0051
:1028CB000202FBE250DE0000F8EE00021039B0FA13
:1028DB006111210E394502FBE250DE0000E3E102FB
:1028EB000260803C07003C0600FBE250DE00006605
:1028FB00FF06A00CEF11FB1A904105A2E3FFFBE2D0
:10290B0050DE0000ECEE770E01211022053884001A
:10291B00FB1A8B410588E3FF2E79FBE250DE0000AA
:10292B00ECEF71FF10E3EFFBE250DE0000ECEE7713
:10293B000E002110230DFBE250DE0000F8EE00022A
:10294B0010FBE250DE0000ECE17542100582B7FF90
:10295B0061111E3C06012E3BFBE250DE0000754F61
:10296B003F06A00CEF212CFBE250DE0000ECE10552
:10297B004DB8FF8189B189610115F806000CF80685
:10298B0001EC01610111FB1A8D410512E3FF3C06BD
:10299B0001B18161012085670260C03C0B0039DF0A
:1029AB00F961113BB300FBE250DE0000ECE1668302
:1029BB00FB2240DE0000051ABAFF8289B289610151
:1029CB0015F806000CF80601EC01610111FB1A81E8
:1029DB004105CBE2FFFB32A5A5A5A566C2FB1240C4
:1029EB00DE00000536DDFFA009FBE250DE0000EC47
:1029FB00E175421005DAB6FF6111200FFBE240DEF4
:102A0B000000A8090685E10315F806010CF806007D
:102A1B00EC01610120427543106602FB1240DE009F
:102A2B0000058B0200FBE250DE0000F8EE002110E7
:102A3B007100F06601A08181098101E3013C0C0169
:102A4B0075441AFB324D37F0FF661266B105742CD4
:102A5B00007100106703670360803C07003920F9A1
:102A6B0061112137397DFEFBE250DE0000ECE1669F
:102A7B0063FB2240DE000005EEB7FF8189B189615F
:102A8B000115F806000CF80601EC016101200CFBA6
:102A9B001A82410509E2FF6702670260C03C0B0026
:102AAB003E010039DAF86111216FFB32A5A5A5A50E
:102ABB0066C2FB1240DE00000561DCFFA009FBE2F1
:102ACB0050DE0000ECE162C166237102040598B789
:102ADB00FF8289B289610115F806000CF80601EC3A
:102AEB0001610111FB1A834105B4E1FFFBE250DEEA
:102AFB0000007100F066128302E4E002810A810299
:102B0B00F80600754414FB326837F0FF660105B315
:102B1B002B00710010670367037100D43E05003E64
:102B2B000400F90E030002103C0B00F90E05000225
:102B3B0010388100A90966837102180595B8FF82C8
:102B4B0089B289610115F806000CF80601EC0161E8
:102B5B0001200CFB1A8C410545E1FF2E50FB32A5E1
:102B6B00A5A5A566C271011805B1DBFFA009A909CE
:102B7B00754210055BB5FF6101210EA98106850128
:102B8B00042306F806010CF80600EC016101200D88
:102B9B00A809068501091DF806010CF80600EC01D1
:102BAB00610111E5000604E5000503A90971111087
:102BBB00A109A909770100211022053879FFA889FD
:102BCB00A281670B7100F0A089A082A00BA889617C
:102BDB0001210CFB1A844105C5E0FF6704A8816144
:102BEB0001210CFB1A854105B5E0FF6704A881069E
:102BFB008501032212A8810689010106850103259F
:102C0B0006F806010CF80600EC0161012024FB1A02
:102C1B008641058AE0FF6704A881A88AC012A889AB
:102C2B006211A089A8816211A081A8096011A00975
:102C3B00A809610121E467047100E0A189A182A1C7
:102C4B000B3C8201E5000703E5000602E5000501E8
:102C5B00A989610119FB1A87410543E0FFA981612D
:102C6B0001212CFB1A88410535E0FF2E22A889583B
:102C7B001EA881441E163C82002E14A8096011A0C8
:102C8B0009A8896211A089A8816211A081B4816110
:102C9B000112A809610115F806010CF80600EC01F8
:102CAB00610121CBC5001213B489670860C0A081F4
:102CBB00818AE303A8816101211EFB1A894105DE8C
:102CCB00DFFF2E14B189A882C321A8816211A081D4
:102CDB00EC016011E301EC01610121EA670339A307
:102CEB0005FBE254DE0000F8E600027EA66040EF32
:102CFB0016E306058B1500C361EC0605F81500906D
:102D0B0069EC060520160090E9EC060548160090C4
:102D1B00E1EC06057016009161EC06059816009122
:102D2B0069EC0605A0150092613F66026040E30165
:102D3B00FBE258DE0000E3E167017EA660C0A081E4
:102D4B00051FD8FFE301EC01610119FB1AA0410536
:102D5B004DDFFFA881610119FB1AA2410540DFFF7E
:102D6B00EC01A882E012A8860525D9FF90E13C076B
:102D7B00002E0EB18A4B218192B18962118189B1EA
:102D8B008961C1A88123EE3C9200A881660375423C
:102D9B00140588D9FFFBE254DE0000E3E1FBE254AB
:102DAB00DE0000ECE1050E0E003F66046080A0091A
:102DBB0005AFD7FFE301EC01610119FB1AA1410536
:102DCB00DDDEFFA809610119FB1AA34105D0DEFF67
:102DDB00EC01A80AE012A8093D12FFA8096261667E
:102DEB00C3660205C9FEFFA8093C9200A809660349
:102DFB007542140526D9FFFBE254DE0000E3E1FB2C
:102E0B00E254DE0000ECE105AC0D0067026040F817
:102E1B0006006603754214FB1258DE000005FCD851
:102E2B00FFE301FBE254DE0000ECEE06840E200C07
:102E3B00FB1A0D420568DEFF6701670160C0A081C8
:102E4B003C0601A881610119FB1A0C420550DEFFFB
:102E5B0039BDFF0571D2FF610115F806000CF806AC
:102E6B0001EC01610120283C06007100F06601A015
:102E7B008181098101E3013C0C0166F4FB3280374F
:102E8B00F0FF66326651053B280071001005FDD13D
:102E9B00FF610115F806000CF80601EC0161012039
:102EAB00293C06007100F06601A08181098101E3D4
:102EBB00013C0C01754412FB329037F0FF66326611
:102ECB0051050028007100100583D2FF610115F830
:102EDB0006000CF80601EC01610120293C0600718B
:102EEB0000F06601A08181098101E3013C0C0175B1
:102EFB004417FB32A337F0FF6632665105C5270036
:102F0B00710010C5000607B18967036080A009E353
:102F1B0002A809610119FB1AA5410582DDFFEC012D
:102F2B00610119FB1AA6410575DDFFA80AFB1258B2
:102F3B00DE0000393004EC01EC1139F2FD6603754B
:102F4B004214FB1258DE000005D1D7FFFBE254DE22
:102F5B000000E3E1FBE254DE0000ECE105570C005E
:102F6B0067026080A009E302A809610119FB1AA797
:102F7B0041052BDDFFEC01610119FB1AA841051E70
:102F8B00DDFFA80AFB1258DE000039D903EC01FB68
:102F9B00E258DE0000D51E0202EC026262FB125800
:102FAB00DE0000626166C3051DFCFFEC01EC11390C
:102FBB007DFD6603754214FB1258DE0000055CD7DD
:102FCB00FFFBE254DE0000E3E1FBE254DE0000EC29
:102FDB00E105E20B0067026040E301610119FB1A96
:102FEB000A4205BADCFFEC01FB226CDE0000712209
:102FFB0030399F0367016040E301610119FB1A0B34
:10300B0042059BDCFFEC02FB126CDE00007211E050
:10301B0000397F03EC02FB120CE000007211E000A0
:10302B00397003FBE26CDE0000FAE49E01016701DC
:10303B006040FBE26CDE0000EDEE64FBF20CE000A6
:10304B00000685FE64200E05F1DDFFFB1A504205DC
:10305B004DDCFFFBE26CDE0000EDE164E301670198
:10306B006040E3016151290AFB1A0E420530DCFF77
:10307B00FBE20CE00000E40E64FBE26CDE0000E41B
:10308B000E6467016040FBE26CDE00005AEE9401B7
:10309B00FBF20CE0000046FE9401200E059CDDFFC8
:1030AB00FB1A514205F8DBFFFBE26CDE0000C6E0C9
:1030BB00940103B089670160408089FBE26CDE00FC
:1030CB0000CBE19401FBE20CE00000C90E0394017C
:1030DB006701604080893C0180F80400B089610180
:1030EB0019FB1AA24205B7DBFFF804002E18661E67
:1030FB005801FD621EB08A532E472E1D80092E0CDF
:10310B006211C3015801617123E6B0097551801931
:10311B00FB1AA1420588DBFFB009FBE26CDE000065
:10312B004B1E5AEE9501FBF20CE000004B1F46FEC6
:10313B009501200E0504DDFFFB1AA0420560DBFFA5
:10314B00FBE26CDE0000490E01C6E0950102B08186
:10315B0067016040808980823C0180F80400B0895F
:10316B00610119FB1AA4420535DBFFF804002E1888
:10317B00661E5801FD621EB08A532E472E1D800914
:10318B002E0C6211C3015801617123E6B009755110
:10319B008019FB1AA3420506DBFFFBE26CDE000085
:1031AB00490E01C90E029501FBE20CE00000490E2D
:1031BB0001C90E029501670160408089FBE26CDE5C
:1031CB000000CBE19C01FBE20CE00000C90E039C6C
:1031DB000167016040FBE26CDE00005AEE9D01FBD3
:1031EB00F20CE0000046FE9D01200E054DDCFFFBBE
:1031FB001A534205A9DAFFFBE26CDE0000C6E09D24
:10320B000103B089670160408089FBE26CDE00003E
:10321B00CBE19D01FBE20CE00000C90E039D0167B1
:10322B00016040FBE258DE0000ECE1E30167016066
:10323B0040FBE258DE0000C5E00403B08967016083
:10324B00408089FB1258DE0000B08A9092670160C3
:10325B0080A009E302A809610119FB1A5C42053E33
:10326B00DAFFEC0161C111FB1A5D420531DAFFECAB
:10327B0003A809FB2258DE000062620549F9FF67CB
:10328B0002FBE26CDE0000F9E66400FBE20CE000FE
:10329B0000F9E66400FBE26CDE0000FAE494010046
:1032AB00FBE20CE00000FAE4940100FBE26CDE00B0
:1032BB0000FAE49C0100FBE20CE00000FAE49C0144
:1032CB0000FBE26CDE0000FAE49D0100FBE20CE087
:1032DB000000FAE49D0100FBE26CDE0000FAE49EC4
:1032EB000100FBE20CE00000FAE49E0100FB126C13
:1032FB00DE0000711130392A00FB126CDE00007207
:10330B0011E000391D00FB120CE000007111303987
:10331B001100FB120CE000007211E00039040002F6
:10332B006040E301610119FB1A0F420571D9FFECF3
:10333B00013E9000EC013D1700EC013C1300EC0149
:10334B003C1400EC013E1500EC013D1300EC013D7B
:10335B001400EC013D1500EC013D1600EC013E1490
:10336B000067016080A009E302A809610119FB1A3B
:10337B001442052AD9FFEC01610119FB1A1342050E
:10338B001DD9FFEC02A809754314053AF8FF670233
:10339B006080A009E302A809610119FB1A1242051A
:1033AB00FDD8FFEC01610119FB1A114205F0D8FFA2
:1033BB00EC02A8097543B0050DF8FF670260808128
:1033CB00898182B18961011AB18161011DF8060100
:1033DB000CF80600EC0161012118B189610112B1F1
:1033EB0081610115F806010CF80600EC016101156D
:1033FB00F806010CF80600EC01610115F806010C4A
:10340B00F80600EC018109B10967026080818981AE
:10341B0082B18961011AB181610115F806010CF8BD
:10342B000600EC0161012118B189610112B18161C2
:10343B00011DF806010CF80600EC01610115F806F8
:10344B00010CF80600EC01610115F806010CF806F9
:10345B0000EC018109B109670260808189B1896142
:10346B00011DF806010CF80600EC018181B18167A2
:10347B00026040FBE26CDE000059EE33FBF20CE025
:10348B00000045FE33200E05B1D9FFFB1A1F420584
:10349B000DD8FFFBE26CDE0000C5E03303B089679B
:1034AB000160408089FBE20CE00000C7E133FBE2E6
:1034BB006CDE0000C50E033367016040FBE26CDE7F
:1034CB00000059EEE3FBF20CE0000045FEE3200E9A
:1034DB000568D9FFFB1A204205C4D7FFFBE26CDE5F
:1034EB000000C5E0E303B08967016040FBE26CDEDE
:1034FB00000059EE34FBF20CE0000045FE34200EC8
:10350B000538D9FFFB1A21420594D7FFFBE26CDE8D
:10351B000000C5E03403B089670160408089FBE29D
:10352B000CE00000C7E134FBE26CDE0000C50E03CB
:10353B003467016040FBE26CDE000059EEE4FBF205
:10354B000CE0000045FEE4200E05EFD8FFFB1A222D
:10355B0042054BD7FFFBE26CDE0000C5E0E403B095
:10356B008967016040FBE26CDE0000EDEE46FBF28A
:10357B000CE000000685FE46200E05BED8FFFB1AA8
:10358B001842051AD7FFFBE26CDE0000EDE146E3C3
:10359B000167016040FB126CDE0000AC19FBE20C12
:1035AB00E000000685E111200E058FD8FFFB1A25E0
:1035BB004205EBD6FFFB126CDE0000AC19E3016792
:1035CB00016040E301FB220CE00000A429FBE26C4C
:1035DB00DE0000E40E1167016040FBE26CDE0000D0
:1035EB00EDEE3DFBF20CE000000685FE3D200E05E6
:1035FB0049D8FFFB1A264205A5D6FFFBE26CDE007D
:10360B0000EDE13DE30167016040FBE26CDE000091
:10361B00EDEE20FBF20CE000000685FE20200E05EF
:10362B0019D8FFFB1A19420575D6FFFBE26CDE00B9
:10363B0000EDE120E30167016040E301FBE20CE0F8
:10364B000000E7E120FBE26CDE0000E40E206701E6
:10365B006040FBE26CDE0000EDEE4CFBF20CE00098
:10366B00000685FE4C200E05D1D7FFFB1A1A42052A
:10367B002DD6FFFBE26CDE0000EDE14CE3016701B0
:10368B006040FB126CDE0000AF11FBE20CE00000AF
:10369B000685E11C200E05A2D7FFFB1A294205FE69
:1036AB00D5FFFB126CDE0000AF11E3016701604038
:1036BB00E301FB220CE00000A721FBE26CDE000023
:1036CB00E40E1C67016040FBE26CDE0000EDEE488F
:1036DB00FBF20CE000000685FE48200E055CD7FFD0
:1036EB00FB1A2A4205B8D5FFFBE26CDE0000EDE1C8
:1036FB0048E30167016040E301FB220CE00000A5F9
:10370B00A1FBE26CDE0000E40E1667016040FB12C9
:10371B006CDE0000BF99FBE20CE0000006C5E11F68
:10372B00200E0516D7FFFB1A2B420572D5FFFBE2C5
:10373B006CDE0000D5E01F01B809670160409009FD
:10374B00FB220CE0000097A9FBE26CDE0000D50E1B
:10375B00011F670160806601395D06610115F8067E
:10376B00000CF80601EC016101200E05CDD6FFFB24
:10377B001A2E420529D5FFFB126CDE000072118454
:10378B0000A00967026040E301610119FB1A304296
:10379B00050CD5FFEC02FB120CE00000721184004B
:1037AB0075435C0521F4FFEC02FB126CDE0000722A
:1037BB0011840075435C050EF4FF67016080661190
:1037CB0039F505610115F806000CF80601EC0161ED
:1037DB0001200E0565D6FFFB1A324205C1D4FFFB53
:1037EB00126CDE000072113401A009670260408088
:1037FB0089FBE26CDE0000C7E18FFBE20CE000000E
:10380B00C50E038F67016080FBE20CE0000059E2FC
:10381B008FFBE26CDE000059E18F39A3FB610115D0
:10382B00F806000CF80601EC016101200E050BD621
:10383B00FFFB1AAF420567D4FFFBE26CDE0000C54D
:10384B00E08F07B189670260408089FBE26CDE0084
:10385B0000C7E18EFBE20CE00000C50E038E670192
:10386B006080A00AE301FBE26CDE0000E7E229E7DF
:10387B00E128FBE20CE00000A809EC02E7E129E7F4
:10388B00E228670260409009FBE26CDE0000D7E1A2
:10389B0049FBE20CE00000D50E0149670160408056
:1038AB0089FBE26CDE0000C7E190FBE20CE000005C
:1038BB00C50E0390670160408089FBE26CDE00005F
:1038CB00C7E184FBE20CE00000C50E0384670160D6
:1038DB0040E301FBE26CDE0000E7E12AFBE20CE0D7
:1038EB000000E40E2A670160C0FBE20CE000005907
:1038FB00E2A0FBE26CDE000059E1A039C2FA6101E3
:10390B0015F806000CF80601EC016101200E052AE2
:10391B00D5FFFB1AB0420586D3FFFBE26CDE00003D
:10392B00EDE229EDE128A082A00967036080FBE2AC
:10393B000CE0000059E285FBE26CDE000059E185EA
:10394B00397DFA610115F806000CF80601EC0161EE
:10395B0001200E05E5D4FFFB1AAB420541D3FFFB5B
:10396B00E26CDE0000C5E08507B18967026040802C
:10397B0089FBE26CDE0000C7E185FBE20CE0000096
:10398B00C50E038567016040FB126CDE0000BE991B
:10399B00FBE20CE0000006C5E11B200E059CD4FFEA
:1039AB00FB1A484205F8D2FFFBE26CDE0000D5E0C3
:1039BB001B01B809670160409009FB220CE0000075
:1039CB0096A9FBE26CDE0000D50E011B670160407F
:1039DB00FBE26CDE00005DEE73FBF20CE000000618
:1039EB00C5FE73200E0553D4FFFB1A494205AFD217
:1039FB00FFFBE26CDE0000D5E07301B809670160E4
:103A0B0040FB126CDE0000BF11FBE20CE000000675
:103A1B00C5E11C200E0523D4FFFB1A4A42057FD2B9
:103A2B00FFFBE26CDE0000D5E01C01B8096701600A
:103A3B00409009FB220CE000009721FBE26CDE00BA
:103A4B0000D50E011C67016040FBE26CDE00005DDF
:103A5B00EE74FBF20CE0000006C5FE74200E05DAD6
:103A6B00D3FFFB1A4B420536D2FFFBE26CDE0000A4
:103A7B00D5E07401B80967016040FB126CDE0000F1
:103A8B00BF19FBE20CE0000006C5E11D200E05AAE4
:103A9B00D3FFFB1A4C420506D2FFFBE26CDE0000A3
:103AAB00D5E01D01B809670160409009FB220CE0CD
:103ABB0000009729FBE26CDE0000D50E011D6701AB
:103ACB006040FBE26CDE00005DEE75FBF20CE0008B
:103ADB000006C5FE75200E0561D3FFFB1A4D42058E
:103AEB00BDD1FFFBE26CDE0000D5E07501B80967C4
:103AFB00016040FB126CDE0000BF91FBE20CE000AA
:103B0B000006C5E11E200E0531D3FFFB1A4E420500
:103B1B008DD1FFFBE26CDE0000D5E01E01B809671A
:103B2B000160409009FB220CE0000097A1FBE26CC6
:103B3B00DE0000D50E011E67016040FBE26CDE006B
:103B4B00005DEE76FBF20CE0000006C5FE76200E63
:103B5B0005E8D2FFFB1A4F420544D1FFFBE26CDEB6
:103B6B000000D5E07601B80967016040FBE26CDE2E
:103B7B00000059EE32FBF20CE0000045FE32200E45
:103B8B0005B8D2FFFB1A33420514D1FFFBE26CDE02
:103B9B000000C5E03203B089670160408089FBE219
:103BAB000CE00000C7E132FBE26CDE0000C50E0347
:103BBB003267016040E301FB220CE00000A421FB13
:103BCB00E26CDE0000E40E1067016040FB126CDE5D
:103BDB000000AD99FBE20CE000000685E117200E1A
:103BEB000558D2FFFB1A354205B4D0FFFB126CDE31
:103BFB000000AD99E30167016040E301FB220CE09B
:103C0B000000A5A9FBE26CDE0000E40E1767016063
:103C1B0040FB126CDE0000AE11FBE20CE000000674
:103C2B0085E118200E0513D2FFFB1A3642056FD023
:103C3B00FFFB126CDE0000AE11E30167016040E395
:103C4B0001FB220CE00000A621FBE26CDE0000E48D
:103C5B000E1867016040FB126CDE0000AE19FBE230
:103C6B000CE000000685E119200E05CED1FFFB1AF2
:103C7B003742052AD0FFFB126CDE0000AE19E301C0
:103C8B0067016040E301FB220CE00000A629FBE288
:103C9B006CDE0000E40E1967016040FB126CDE0065
:103CAB0000AE91FBE20CE000000685E11A200E0548
:103CBB0089D1FFFB1A174205E5CFFFFB126CDE0023
:103CCB0000AE91E30167016040E301FB220CE000D1
:103CDB0000A6A1FBE26CDE0000E40E1A6701604057
:103CEB00FB126CDE0000AE99FBE20CE000000685D7
:103CFB00E11B200E0544D1FFFB1A384205A0CFFF74
:103D0B00FB126CDE0000AE99E30167016040E3013A
:103D1B00FB220CE00000A6A9FBE26CDE0000E40E27
:103D2B001B67016040FBE26CDE000059EE30FBF2DA
:103D3B000CE0000045FE30200E05FFD0FFFB1A3AC9
:103D4B0042055BCFFFFBE26CDE0000C5E03003B049
:103D5B0089670160408089FBE20CE00000C7E1301D
:103D6B00FBE26CDE0000C50E033067016040FBE236
:103D7B006CDE000059EE31FBF20CE0000045FE3129
:103D8B00200E05B6D0FFFB1A3B420512CFFFFBE21C
:103D9B006CDE0000C5E03103B089670160408089AB
:103DAB00FBE20CE00000C7E131FBE26CDE0000C57A
:103DBB000E033167017100F083893C0D013E020057
:103DCB003E0100B3896101201CFB126CDE00007206
:103DDB00113401A081FB120CE0000072113401A020
:103DEB00092E1AFB126CDE000072118400A081FBFD
:103DFB00120CE0000072118400A009A8095812A847
:103E0B0081581139BAF5610115F806000CF8060155
:103E1B00EC016101173C0D00386201A881B091A83B
:103E2B000A452102173C0D00385201A881B099A810
:103E3B000A452103173C0D00384201A881B111A896
:103E4B000A452104173C0D00383201A881B119A88D
:103E5B000A452105173C0D00382201A881B191A814
:103E6B000A452106173C0D00381201A881B199A80B
:103E7B000A452107173C0D00380201A881B211A891
:103E8B000A452108173C0D0038F200A881B219A889
:103E9B000A452109173C0D0038E200A881B291A810
:103EAB000A45210A173C0D0038D200A881B299A807
:103EBB000A45210B173C0D0038C200A881B311A88D
:103ECB000A45210C173C0D0038B200A881BA91A805
:103EDB000A06C5210A173C0D0038A100A881B99923
:103EEB00A80A06C52107173C0D00389000A881BA17
:103EFB0011A80A06C52108173C0D00387F00A881C0
:103F0B00BA19A80A06C52109163C0D002E6EA88108
:103F1B00A991A80A06852106163C0D002E5EA881E4
:103F2B00AA19A80A06852109163C0D002E4EA88158
:103F3B00AC91A80A06852112163C0D002E3EA881D5
:103F4B00AC99A80A06852113163C0D002E2EA881CC
:103F5B00AD12A80B06813214AD190681311557121B
:103F6B006102163C0D002E14A881AD91A80A06859E
:103F7B002116153C0D000C3C0D01C5000D0EB38137
:103F8B0067046040FB126CDE0000AD11FBE20CE03D
:103F9B0000000685E114200E05A0CEFFFB1AAE42F1
:103FAB0005FCCCFFFB126CDE0000AD11E3016701D9
:103FBB006040FB126CDE0000AD19FBE20CE0000070
:103FCB000685E115200E0572CEFFFB1AAE4205CE1B
:103FDB00CCFFFB126CDE0000AD19E3016701604002
:103FEB009009FB120CE00000B80AA492B809FB225E
:103FFB006CDE0000A4A1670160409009FB120CE08D
:10400B000000B80AA49AB809FB226CDE0000A4A930
:10401B0067016040E301FB220CE00000A521FBE2FD
:10402B006CDE0000E40E1467016040E301FB220C20
:10403B00E00000A529FBE26CDE0000E40E15670131
:10404B007EA660803C07003C0600FB1EC07F10056F
:10405B006DA1FF8181B181610115F806000CF80695
:10406B0001EC016101200DFB1A93400531CCFF3FA0
:10407B006603FB626CDE0000FB32A5A5A5A57542AD
:10408B0014EF610596C6FFA16966C3FB226CDE00C7
:10409B0000FB1EC07F1005CFA1FF8189B189610193
:1040AB0015F806000CF80601EC016101200DFB1A56
:1040BB008F4005EACBFF3F66033F66037100F03C80
:1040CB000F003C0E003C0700754218FB1EC07F1012
:1040DB0005FE9FFF8381B381610115F806000CF883
:1040EB000601EC0161013A7F00754318FB226CDE7F
:1040FB000000FB1EC07F1005D9A2FF8389B3896125
:10410B000115F806000CF80601EC01610111FB1A10
:10411B00AD41058ACBFFFB32A5A5A5A5754214FBC6
:10412B00126CDE000005F4C5FFA081FBE26CDE0023
:10413B000058EE755E29240FFB126CDE0000BA11DD
:10414B0075511F2306F806010CF80600EC016101FE
:10415B00143C0701FBE26CDE0000A8810685E1053B
:10416B00103C07010C3C0701B18961112163FBE293
:10417B006CDE0000F9E905F023FB126CDE00003D5C
:10418B001100FB126CDE00003D1300FBE26CDE0045
:10419B0000F9E902FFFFFBE26CDE0000F9E904FF26
:1041AB00FF05DCE1FF61012116FBE26CDE0000F88C
:1041BB00E40CFB126CDE00003D18002E14FBE26CCD
:1041CB00DE0000F8E420FB126CDE00003D1800FB63
:1041DB00E20CE00000FBF26CDE0000C0FEFBE20C28
:1041EB00E00000FBF26CDE0000D5FE0101FBE20CEF
:1041FB00E00000FBF26CDE0000D5FE0303FBE20CDB
:10420B00E00000FBF26CDE0000D5FE0202FBE20CCC
:10421B00E00000FBF26CDE0000D5FE0404FBE20CB8
:10422B00E00000FBF26CDE0000D5FE0505FBE20CA6
:10423B00E00000FBF26CDE0000D5FE0808FBE26C30
:10424B00DE000058E105E304FF0546A7FFFB126CF7
:10425B00DE0000B411053E04FFFB126CDE0000B95A
:10426B0019056105FF670460408089FBE20CE000E3
:10427B0000C3E1FBE26CDE0000C10E03670160408E
:10428B00FBE26CDE000058EEFBF20CE0000044FE9B
:10429B00200E05A6CBFFFB1AAA410502CAFFFBE2C3
:1042AB006CDE0000C4E003B089670160409009FB3D
:1042BB00220CE000009221FBE26CDE0000D50E0127
:1042CB000867016040FB126CDE0000BA11FBE20CC8
:1042DB00E0000006C5E108200E055FCBFFFB1AAC22
:1042EB004105BBC9FFFBE26CDE0000D5E00801B85D
:1042FB000967016040FB126CDE0000B819FBE20C91
:10430B00E0000006C5E101200E052FCBFFFB1AAE26
:10431B0041058BC9FFFBE26CDE0000D5E00101B863
:10432B000967016040FB126CDE0000B899FBE20CE0
:10433B00E0000006C5E103200E05FFCAFFFB1AAE25
:10434B0041055BC9FFFBE26CDE0000D5E00301B861
:10435B000967016040FB126CDE0000B891FBE20CB8
:10436B00E0000006C5E102200E05CFCAFFFB1AAF25
:10437B0041052BC9FFFBE26CDE0000D5E00201B862
:10438B000967016040FB126CDE0000B911FBE20C07
:10439B00E0000006C5E104200E059FCAFFFB1AAF23
:1043AB004105FBC8FFFBE26CDE0000D5E00401B861
:1043BB000967016040FB126CDE0000B919FBE20CCF
:1043CB00E0000006C5E105200E056FCAFFFB1AB021
:1043DB004105CBC8FFFBE26CDE0000D5E00501B860
:1043EB000967016040FB126CDE0000AF19FBE20CA9
:1043FB00E000000685E11D200E053FCAFFFB1AA950
:10440B0041059BC8FFFB126CDE0000AF19E301678F
:10441B00016040FB126CDE0000B611FBE20CE00009
:10442B000045E118200E0512CAFFFB1AAB41056EC1
:10443B00C8FFFBE26CDE0000C5E01803B089670122
:10444B006040FB126CDE0000BD11FBE20CE00000D3
:10445B0006C5E114200E05E2C9FFFB1AAC41053E6F
:10446B00C8FFFBE26CDE0000D5E01401B809670160
:10447B0060408089FB226CDE00008621FBE20CE0B1
:10448B000000C50E0318670160409009FB226CDE2B
:10449B0000009521FBE20CE00000D50E0114670132
:1044AB0060409009FB226CDE00009329FBE20CE0DC
:1044BB000000D50E010D670160409009FB226CDEF8
:1044CB00000093A9FBE20CE00000D50E010F670181
:1044DB0060409009FB226CDE00009029FBE20CE0AF
:1044EB000000D50E0101670160409009FB226CDED4
:1044FB00000090A9FBE20CE00000D50E0103670160
:10450B0060409009FB226CDE000091A1FBE20CE005
:10451B000000D50E0106670160409009FB226CDE9E
:10452B00000091A9FBE20CE00000D50E010767012A
:10453B006040FB126CDE0000B991FBE20CE0000066
:10454B0006C5E106200E05F2C8FFFB1AB241054E67
:10455B00C7FFFBE26CDE0000D5E00601B80967017E
:10456B006040FB126CDE0000B999FBE20CE000002E
:10457B0006C5E107200E05C2C8FFFB1AB341051E95
:10458B00C7FFFBE26CDE0000D5E00701B80967014D
:10459B0060409009FB226CDE000093A1FBE20CE073
:1045AB000000D50E010E670160409009FB226CDE06
:1045BB0000009421FBE20CE00000D50E0110670116
:1045CB0060409009FB226CDE000090A1FBE20CE046
:1045DB000000D50E0102670160409009FB226CDEE2
:1045EB0000009121FBE20CE00000D50E01046701F5
:1045FB0060409009FB226CDE00009429FBE20CE08A
:10460B000000D50E0111670160409009FB226CDEA2
:10461B0000009129FBE20CE00000D50E01056701BB
:10462B006040E301FB220CE00000A7A9FBE26CDE7B
:10463B000000E40E1F67016040E301FB220CE00069
:10464B0000A7A1FBE26CDE0000E40E1E67016040D8
:10465B00E301FB220CE00000A729FBE26CDE00006B
:10466B00E40E1D670160C03C0A010516F0FFA009AE
:10467B00FBE22251000058EE610E3BD100A80976F7
:10468B002100047601000419FB1A00410510C6FF36
:10469B00A809762100087601000819FB1A014105CB
:1046AB00FDC5FFFBE280E20000ECEE755E7D2A0F9C
:1046BB00FBE280E20000ECEE750EC82A06F806015C
:1046CB000CF80600EC016101203DFBE284E20000E6
:1046DB00ECEE619E240EFBE284E20000ECEF622F15
:1046EB00E3EFFBE284E20000ECEE61AE2314058FF6
:1046FB00DCFF6101A8091E78A1A0090D78B1A00902
:10470B003C0A002E41FBE280E20000ECEE755E7786
:10471B002913FBE280E20000ECEE755E792A06F8C5
:10472B0006010CF80600EC016101201AFBE284E2A1
:10473B000000ECEE610E200EFBE284E20000ECEFD9
:10474B00601FE3EFA8090568EFFF0AFBE2225100A7
:10475B0000F8E40005200000FBE280E20000E3E14A
:10476B00FBE280E20000ECE1058DEFFFC5000A0BD8
:10477B00B289670360803C06003D02003D01006684
:10478B0031059774FF9081B88176010010230CFBE3
:10479B001A02410509C5FF2E30B8817551A72407B0
:1047AB003D02A82E0FB8817601C80F2307F9090225
:1047BB00C70FB881721158FF9009B809FBE223515A
:1047CB000000FECE118181C5000607B189CF1167AC
:1047DB000266110565EEFF027100EC3C82003E02A1
:1047EB0000059FEEFFA0096611396A018409661165
:1047FB0039B2058401B409610112B401610115F8E4
:10480B0006010CF80600EC016101143C820105E67F
:10481B0074FFA081A88176014706230AA88176013F
:10482B005F082306F806010CF80600EC0161012075
:10483B0020FBE288E20000F8E60A0543DBFF61118A
:10484B00A8091F7841A0092E5B7851A0092E55A805
:10485B008176018806230EA881760108082406F8C4
:10486B0006010CF80600EC0161012038FBE288E23E
:10487B000000ECEE610E200EFBE288E20000ECEF94
:10488B00601FE3EFFBE288E20000ECEE610E211407
:10489B0005EDDAFF6111A8091E7A41A0090D7A51C5
:1048AB00A009A88176014F03240A6621058CEDFF30
:1048BB002E2B0556EDFF6111200EA881760170039A
:1048CB002406F806010CF80600EC016101106631B4
:1048DB000568EDFF0F66110561EDFF052C74FF8375
:1048EB0089B38961012113FBE28CE20000F8E60A2F
:1048FB00A8097881A0092E1AFBE28CE20000ECEEED
:10490B00610E200EFBE28CE20000ECEF601FE3EF88
:10491B00051374FF8381B38161012113FBE290E2E4
:10492B000000F8E60AA8097891A0092E1AFBE2907C
:10493B00E20000ECEE610E200EFBE290E20000ECD8
:10494B00EF601FE3EFA8090567EDFFC5001213B475
:10495B008967057100EC84893C81013E03003E02AE
:10496B0000051FEDFFA009B489610112FBE2436052
:10497B000000F8E401FBE24360000058EE610E21F9
:10498B0010FBEA300306A10C0E011DF806010CF812
:10499B000600EC0161013A3601A809641161111995
:1049AB00FB1AE04205F8C2FFA8096421612119FB3B
:1049BB001AE14205E9C2FF0513F2FFA089A8897627
:1049CB00018D06240AA8897601EE052406F8060156
:1049DB000CF80600EC0161012031FBE294E20000CF
:1049EB00ECEE619E240EFBE294E20000ECEF622FF2
:1049FB00E3EFFBE294E20000ECEE61AE2308A809C2
:104A0B007801A0093C81002E37A88976012C06235A
:104A1B000EA889760149062406F806010CF8060053
:104A2B00EC016101201AFBE294E20000ECEE610E56
:104A3B00200EFBE294E20000ECEF601FE3EF05D1E8
:104A4B00F1FFA081A88176018D06240AA881760149
:104A5B00EE052406F806010CF80600EC01610120B6
:104A6B0031FBE298E20000ECEE619E240EFBE29833
:104A7B00E20000ECEF622FE3EFFBE298E20000ECC8
:104A8B00EE61AE2308A8097811A0093C81002E37EE
:104A9B00A88176012C06230EA881760149062406EF
:104AAB00F806010CF80600EC016101201AFBE298F4
:104ABB00E20000ECEE610E200EFBE298E20000EC4F
:104ACB00EF601FE3EFA80905E7EBFF0AFBE243608A
:104ADB000000F8E40005B371FFA08905D071FFA0B9
:104AEB0081A8890515F1FFA8810554F1FFC50011B7
:104AFB0012B48167056E697100F083893C0D013E2C
:104B0B000200057EEBFFA009B389610112FBE244B1
:104B1B00600000F8E401FBE24460000058EE610E17
:104B2B002110FBEA300306A10C0E011DF806010C47
:104B3B00F80600EC0161013A3901A80975214075AD
:104B4B00514019FB1AE4420555C1FFA80976218093
:104B5B000075518019FB1AE5420543C1FF0581F130
:104B6B00FFA081058572FFEF16057F72FF6351FD74
:104B7B007491644B1606850602231A056D72FFEFBE
:104B8B0016056772FF6351FD749164431606850623
:104B9B00022506F806010CF80600EC016101203E27
:104BAB00FBE29CE20000ECEE619E240EFBE29CE239
:104BBB000000ECEF622FE3EFFBE29CE20000ECEE77
:104BCB0061AE231405B9D7FF6111A8091E7861A046
:104BDB00090D7871A0093C0D00389000A886050AD4
:104BEB0072FFEF17050472FFEF1805FE71FFEF1947
:104BFB0005F871FF6358FD74986443876351FD7426
:104C0B00916443196C29FD7499644B974767223A59
:104C1B00A88605D671FFEF1905D071FFEF1805CAED
:104C2B0071FFEF1705C471FF6358FD7498644B89CE
:104C3B006351FD7491644B176C27FD749764437932
:104C4B0047692506F806010CF80600EC0161012006
:104C5B001AFBE29CE20000ECEE610E200EFBE29CE4
:104C6B00E20000ECEF601FE3EFA8090543EAFF0A3F
:104C7B00FBE244600000F8E400056870FFA081A827
:104C8B0081058BF0FFC5000D0EB3813F690860C035
:104C9B0082893C090105EBE9FFE301B2896101124D
:104CAB00FBE245600000F8E401FBE24560000058C0
:104CBB00EE610E3BC600EC0176210001760100018E
:104CCB0019FB1AE64205D7BFFFEC017621000276ED
:104CDB0001000219FB1AE74205C4BFFF0547F0FFAD
:104CEB008201B2016101FBE2A0E20000ECEE21299E
:104CFB00619E240EFBE2A0E20000ECEF622FE3EFDB
:104D0B00FBE2A0E20000ECEE61AE2308EC0E788E25
:104D1B00E30E3C09002E12610E200EFBE2A0E20016
:104D2B0000ECEF601FE3EF0545F0FF8189B189616E
:104D3B0001FBE2A4E20000ECEE2129619E240EFBB4
:104D4B00E2A4E20000ECEF622FE3EFFBE2A4E2004F
:104D5B0000ECEE61AE2308EC0E789EE30E3C0900EE
:104D6B002E12610E200EFBE2A4E20000ECEF601F9E
:104D7B00E3EFEC01053AE9FF0AFBE245600000F8BE
:104D8B00E40005856FFF8201059B6FFF8189B201EE
:104D9B0005C3EFFFB1890506F0FFC500090AB28113
:104DAB0067037100F083893C0D013E020005D3E8D7
:104DBB00FFA009B389610112FBE247600000F8E430
:104DCB0001FBE24760000058EE610E2110FBEA3058
:104DDB000306A10C0E011DF806010CF80600EC01F0
:104DEB0061013ABB00A8096441614119FB1AE24217
:104DFB0005ACBEFFA8096481618119FB1AE342056A
:104E0B009DBEFF0551EEFFA081A8817601EE09241E
:104E1B000AA8817601FB082406F806010CF80600A7
:104E2B00EC0161012043FBE24660000058EE619EFD
:104E3B00240EFBE24660000058EF622FC3EFFBE24B
:104E4B004660000058EE61AE231A0533D5FF6111A1
:104E5B00A8091E7821A0090D7831A009A8090550D1
:104E6B00E8FF3C0D002E41A88176015909230EA8BD
:104E7B0081760188092406F806010CF80600EC017E
:104E8B0061012024FBE24660000058EE610E201801
:104E9B00FBE24660000058EF601FC3EF0AFBE247DE
:104EAB00600000F8E40005286EFFA081A88105D4FE
:104EBB00EDFFC5000D0EB38167047100EC84893CD6
:104ECB0081013E0300059EE6FFA08105B5E7FFA02B
:104EDB0009B489610112FBE248600000F8E401FBB0
:104EEB00E24860000058EE610E2110FBEA00030659
:104EFB00A10C0E011DF806010CF80600EC01610176
:104F0B003ABD000596EDFFA089A8897601470623D7
:104F1B000AA88976015F082306F806010CF806003B
:104F2B00EC016101201CFBE2A8E20000ECEE619EAB
:104F3B002445FBE2A8E20000ECEF622FE3EF2E37F3
:104F4B00A88976018806230EA8897601080824060D
:104F5B00F806010CF80600EC016101201AFBE2A82F
:104F6B00E20000ECEE610E200EFBE2A8E20000EC8A
:104F7B00EF601FE3EFFBE2A8E20000ECEE61AE2373
:104F8B001905FCD3FF6111A8091E7841A0090D7802
:104F9B0051A0093C81002E20FBE2A8E20000ECEEC0
:104FAB00610E211405D9D3FF6111A8091E7A41A006
:104FBB00090D7A51A009A80905F6E6FF0AFBE2489C
:104FCB00600000F8E400A8890689010276019F06BB
:104FDB00240A66210564E6FF2E2F052EE6FF6111DC
:104FEB002012A889068901027601E1062406F8063B
:104FFB00010CF80600EC016101106631053CE6FF7F
:10500B000F66110535E6FF05ED6CFFA089A8890534
:10501B00B8ECFFC5001112B48167057EA660803E17
:10502B000100055EE6FFE30105471CFFFBE2ACE276
:10503B0000000688E1E3E1FBE2B0E20000ECEF6286
:10504B001FE3EFFBE2B0E20000ECEE760EE803218B
:10505B0061FBE2ACE20000ECE1FBE2B0E200000637
:10506B00A009E1A009A80E05ECF2FF4761241C057D
:10507B000ED3FF6101EC011E7901E3010D7921E3F0
:10508B0001EC01052BE6FF2E1405F4D2FF6101ECB8
:10509B00011E7B01E3010D7B21E301FBE2ACE2008E
:1050AB0000F8E600FBE2B0E20000F8E6003F660322
:1050BB003F66037EA660803E010005C6E5FFE30167
:1050CB0005BE1BFFFBE2B4E200000688E1E3E1FB57
:1050DB00E2B8E20000ECEF621FE3EFFBE2B8E200A4
:1050EB0000ECEE760EE803214DFBE2B4E20000EC9F
:1050FB00E1FBE2B8E2000006A009E1A009A80E0559
:10510B0084F2FF4761241A0576D2FF6101EC011E80
:10511B007911E3010D7931E301EC010593E5FFFB17
:10512B00E2B4E20000F8E600FBE2B8E20000F8E6C9
:10513B00003F66033F660305A365FF0509A4FF0255
:10514B007100D4A281F90E022090083E0580F90A65
:10515B00070020E5000A033E04003E0132F8060278
:10516B003E0600F90420803E0901EF02660105C7E7
:10517B0080FF670B05BF66FF6601053783FF055C84
:10518B00A1FF0205EC66FF05B4A1FF660105828352
:10519B00FF0260403C0200FBEE082008ECEE610EC3
:1051AB001C3C0201C5000203B08967017EA6710099
:1051BB00CC3E02003E01013E0B003E0C013E0801BD
:1051CB003E09003E0A013E06003E07023E03013E39
:1051DB0004003E0501F8060305577EFFEF01057835
:1051EB007BFFEF01057F7CFFFB12BCE2000005F5A6
:1051FB009BFF05B69BFF710120058C7EFF71010C97
:10520B0005857EFFA881660205437FFFA80966021C
:10521B00053B7FFFA886050DF1FF5F12EF6105FED1
:10522B007EFFA80E05CFF0FF5F12EF6105F07EFF4A
:10523B0005BB7BFF05C47CFF3F660E7100D4A281CA
:10524B00F90E024C290C3E0580F90A070020E500F7
:10525B000A033E04003E01C8F806023E0600F904AC
:10526B0020F53E0901EF02663105CC7FFF670B0588
:10527B00399BFF6631053C82FF02053F9BFF663180
:10528B00058F82FF0260403C0200FBEEDE200858D7
:10529B00EEFC5AEE1904610E1C3C0201C500020320
:1052AB00B0896701604005EA6AFF7542C84312E3A3
:1052BB0002EF2167010546A3FF027100B005C0D0C4
:1052CB00FF61012126FB122809F0FFA301FBE22C51
:1052DB0012F0FFE4E00BFB122809F0FFA081FBE2C8
:1052EB002C12F0FFE4E0012E24FB12F009F0FFA3D7
:1052FB0001FBE23012F0FFE4E00BFB12F009F0FFD0
:10530B00A081FBE23012F0FFE4E0013E0F00F90A4E
:10531B00110020F90E0D1E1A0CF90E0E0080003E26
:10532B000A013E8000F90448F13E830171022866B0
:10533B001105047FFF6611057A81FF3E0500F90A0E
:10534B00070020F90E032A1A0CF90E04008000F84E
:10535B0006013E0600F90420F33E0901EF02662127
:10536B0005D57EFF6621054B81FF05939FFF6714D3
:10537B007100E8A109A102A08B3E0100FBE29AAFEC
:10538B0000005CEE610E2110A88BA9026601057965
:10539B00A8FFA0092E4BA809A902FEC21EFBFE0303
:1053AB00000DC3FEA8096211A009FB1E03000DB07E
:1053BB0019FC5A1E1904610E2115FB1E03000DB0BA
:1053CB0019FC5A1E1E04610E1DF806010CF806008E
:1053DB00EC01610121D603A8090685010323B9A8B5
:1053EB0009A08167062E0303660105EDA7FF760171
:1053FB00002021F50260C0A081F806000D6211E3C8
:10540B0001EC01A882FEC21E610E21F3A009670305
:10541B007100F0A0893E0100A88939DBFF5B1160A8
:10542B0011E3012E2CA809A88AFEC2118289A88932
:10543B00EC02FEC12EA80AFE012EB289EC02A88B4B
:10544B00FE0321A8096211A009EC016011E301A878
:10545B000906840123D167047100F0A089A082F8AA
:10546B000600A889EF1EFD749E0A63AE43E17531F9
:10547B0030EC02A883FE0321EC016211E301A88941
:10548B00FD74910AA089A889610121D8660EEC01EF
:10549B00A882FE021EA8813979FFEC01A0096704DE
:1054AB007100ECA101A08A3E01003C0300A901613F
:1054BB0001260D3C0301A9017E016211A101A90185
:1054CB00EF1EFD749E0A63AE43E1753130A80AA846
:1054DB008BFE0321A8096211A009A901FD74910A91
:1054EB00A101A90161012AD8B08961012012754E71
:1054FB002DA809A88AFE021EA8096211A009660E32
:10550B00A809A88AFE021EA8893907FFA809A0814D
:10551B0067057100E8A109A1023E02003D03003CB2
:10552B000500754E30A881A902FE021EA8816211EA
:10553B00A081754E78A881A902FE021EA881621176
:10554B00A0813D031C2E35A909988AFD602164F1C9
:10555B008109B10961912408711130E3010E7111B8
:10556B0037E30158018109A882A903FE0321A88111
:10557B006211A0819889604190899889610126C93F
:10558B00660EA881A902FE021EA881A0896706717A
:10559B0000F0A089A082A00BF806002E14EC01A845
:1055AB0082FEC21EA88AFE021EEC016211E301EC10
:1055BB00010685010123E867047100E4A181A10ABA
:1055CB00A1033E020066AEA881A902FE021EA881BD
:1055DB006211A081A982751214FB12C8E200004B64
:1055EB002162813912FEA009A90106890102A98451
:1055FB00A80B751414FB22C8E200004B42628239DF
:10560B0090FFA88106890101A081E100012E14758C
:10561B004E20FE012EA8816211A081EC016211E3E4
:10562B0001EC0161A1A881A90223E6754E2CFE01B4
:10563B002EA8816211A081A9096111210E754E4915
:10564B00A881A902FE021E2E18A9096121A881A911
:10565B000218754E57FE012E0F754E45FE012EA8F2
:10566B00816211A081754E2CA881A902FE021EA891
:10567B00816211A08105EA94FFA902068902023911
:10568B00D9FD06890102A081754E2CA881A902FEC5
:10569B00021EA8816211A0810532CDFFA9020689E5
:1056AB00020239B6FD06890102A081754E2CA88134
:1056BB00A902FE021EA8816211A081A881A08967A0
:1056CB00077100B0A489A482A40BA404E500150FF4
:1056DB00C500583BC500593AE500170DC5006033AE
:1056EB003E0B003E0A003E0100AC89751114FBE233
:1056FB00C8E20000FECE1E610E201BAC8975111492
:10570B00FB22C8E200004B12A829068501122A06CB
:10571B00F806010CF80600EC0161013A360159015B
:10572B003361012046AC82AC89710308398DFEA22E
:10573B0089A809AA8B43137102084B1266013932EF
:10574B00FC06890101A009AA8906810101610120DA
:10575B0011FBE298AF00005CEE610E1DF806010C28
:10576B00F80600EC01610121CAAC016101203E3E4B
:10577B000100A809EF1206890211AC03431366015D
:10578B0039F0FB06890101A009AC01068101016119
:10579B00012011FBE298AF00005CEE610E1DF806D4
:1057AB00010CF80600EC01610121C959013B6101B3
:1057BB00205859013A6101AB09127102083955FDA4
:1057CB00A2890971020839DAFCA2893E0100A809F5
:1057DB00AA8B43137102084B1266013995FB06899C
:1057EB000101A009AA890681010161012011FBE2D7
:1057FB0098AF00005CEE610E1DF806010CF8060078
:10580B00EC01610121CA2E4BAB8961012045AB89AB
:10581B0039E5FBA2813E0100A809EF120689020FB0
:10582B00AA8343136601394AFB06890101A009AA21
:10583B00810681010161012011FBE298AF00005C40
:10584B00EE610E1DF806010CF80600EC016101215A
:10585B00C967147100E88589A102838B3E02003C65
:10586B000700B38961012012754E20A881A902FEA1
:10587B00021EA8816211A0813D02042E33B58998C6
:10588B0082FD602164F18189B1896191A882A903AC
:10589B002408711130E3010E711137E301EC01FEA5
:1058AB000231A8816211A081988160419081988119
:1058BB00610126CB67067100B8A409A402A38BA3D0
:1058CB0084E500130DE500140CC500542F3E0200B7
:1058DB003E0100AC09751114FBE2C8E20000FECEDC
:1058EB001E610E201BAC09751114FB22C8E20000CF
:1058FB004B12A829068501102A06F806010CF8069A
:10590B0000EC0161013AEC0059012F61012049AC17
:10591B0002AC0971030F39A3FCA0813E0100A80959
:10592B00A883431371020F4B1266013945FA06899E
:10593B000101A009A8810681010161012011FBE28F
:10594B0098AF00005CEE610E1DF806010CF8060026
:10595B00EC01610121CAAB816101203E3E0100A82F
:10596B0009EF120689020FAB83431366013903FA61
:10597B0006890101A009AB8106810101610120119A
:10598B00FBE298AF00005CEE610E1DF806010CF80F
:10599B000600EC01610121C93E02002E4EA881AB2D
:1059AB000AFEC211661371020F39AAFE3E0100A84E
:1059BB00096633431371020F4B12660139B4F906B2
:1059CB00890101A009A80961312011FBE298AF0000
:1059DB00005CEE610E1DF806010CF80600EC01618F
:1059EB000121CEA8816211A081A8810685010C231B
:1059FB00AE67127100ECA101A08A2E1A610E1E3E39
:105A0B0001002E2DED0E04621EE70E04ED0E036257
:105A1B001EE70E03ED0E0458EEA889441E20DFA8E6
:105A2B0089441E2806F806FF0CF80601E40001A8BD
:105A3B0009A08167057100E8A109A102A08B2E388E
:105A4B00A909581EA901441E2014A901441E2806A9
:105A5B00F806FF0CF80601E400012E25610E1E3E30
:105A6B0001002E1DA9096211A109A9016211A10151
:105A7B00A8896011A089A889610121C63E0100A8EF
:105A8B0009A08167067100F0A0893E0114F8060099
:105A9B002E23EC03A88A751314FB12C8E200004BEB
:105AAB003162813950FF6101EC011DA0092E0D629D
:105ABB0011E301EC0175511423DAA809A0816704E5
:105ACB007100E0A189A182C42013A9816211A18177
:105ADB00B489610115F806000CF80601EC016101AF
:105AEB0017E50007012E44A981390CF9A089A98972
:105AFB00C4100BA9896211A189B289610115F8063D
:105B0B00000CF80601EC016101163E01002E1CB2DF
:105B1B008945011321DAA88BA982A9893919FF615B
:105B2B000121CDA9896011A009A809A109670871F4
:105B3B0000CCA3013E0B003E0A003E0100AB01FB73
:105B4B0022BC37F0FF397BFFA289AA890681010CA1
:105B5B00A281AA896101200DAA8175511E2406F824
:105B6B0006010CF80600EC0161013A5401AA83AB63
:105B7B0002710108391BFAAA81710E08660FFE0E1D
:105B8B001F7101083901FFA009A8097551132505DB
:105B9B00380601AA896211A289A809751114FBE2C2
:105BAB00C8E200004B1EAA89581F755F311DF8E42F
:105BBB00010CF8E400AA896221A289AA89581E75F2
:105BCB005E572114A809751114FB22C8E200004B83
:105BDB00123E21022E39AA89581E755E452114A842
:105BEB0009751114FB22C8E200004B123E21032E53
:105BFB001EA809751114FB22C8E200004B12AA89DA
:105C0B00581E755E491D3E21010C3E21007100F0AE
:105C1B006601A08181098101710E18E30E3C0C0114
:105C2B0075441FFB32BE37F0FF661266313994FAAA
:105C3B00710010A809751114FBE2C8E20000FECE3A
:105C4B00117100F066028302A081810AE3023C0419
:105C5B00016674FB32DE37F0FF661266313964FA87
:105C6B00710010A809751114FBE2C8E200004B1E6D
:105C7B007100F066018301E5E001028109E3013C5B
:105C8B00040166B4FB32E637F0FF66126631393336
:105C9B00FA710010670D7100F06601A08181098116
:105CAB0001710E18E30E3C0C01754418FB32F237F0
:105CBB00F0FF6631EF12390BFA710010670D670DAB
:105CCB007100B8A409A4023E02003E0100A8817134
:105CDB000E0E66AFFE0E1FA8816211A08171020E1F
:105CEB0006890202AC093972F706890102A081A864
:105CFB0081710E0E754F2CFE0E1FA8816211A081B3
:105D0B0071020E06890202AC01394FF706890102B6
:105D1B00A081A809A883431371020E4B12660139A7
:105D2B0051F606890101A009A881068101016101D3
:105D3B002011FBE298AF00005CEE610E1DF806012E
:105D4B000CF80600EC01610121CA67127100B4A4C2
:105D5B0081A40AA4033E02003E0100A881710E0E2D
:105D6B0066AFFE0E1FA8816211A08171020E06891B
:105D7B000202AC8139E4F606890102A081A8817187
:105D8B000E0E754F2CFE0E1FA8816211A0817102A1
:105D9B000E06890202AC0939C1F606890102A081FF
:105DAB00A881710E0E754F2CFE0E1FA8816211A0DB
:105DBB008171020E06890202AC01399EF606890139
:105DCB0002A081A809A883431371020E4B1266012E
:105DDB0039A0F506890101A009A88106810101619D
:105DEB00012011FBE298AF00005CEE610E1DF8067E
:105DFB00010CF80600EC01610121CA67137100B0B8
:105E0B00A489A482A40BA4043E02003E0100A88135
:105E1B00710E0E66AFFE0E1FA8816211A08171027A
:105E2B000E06890202AC893931F606890102A0817E
:105E3B00A881710E0E754F2CFE0E1FA8816211A04A
:105E4B008171020E06890202AC81390EF6068901B8
:105E5B0002A081A881710E0E754F2CFE0E1FA8811A
:105E6B006211A08171020E06890202AC0939EBF5B1
:105E7B0006890102A081A881710E0E754F2CFE0EB2
:105E8B001FA8816211A08171020E06890202AC016A
:105E9B0039C8F506890102A081A809A883431371AB
:105EAB00020E4B12660139CAF406890101A009A83A
:105EBB00810681010161012011FBE298AF00005CBA
:105ECB00EE610E1DF806010CF80600EC01610121D4
:105EDB00CA6714660E7DF2200C651E7E027E11FDD4
:105EEB007422007DF4200EFD74DE017E047E13FD12
:105EFB00742400FD260EFD7CC40000FF20346605D3
:105F0B00660F660E4742250A62156C137E5426F601
:105F1B004331FC034222094B31FC0B427FB07E5EC6
:105F2B007E5F68147E43601526E8EFF2EFE12E5E8C
:105F3B00610420106D04FD903E57E46D0375451010
:105F4B002EC0FD7CC30000FF12EF346603754520A5
:105F5B002EB061021F610121322E33EF24EF15FCAD
:105F6B002734EF4E4F3443426D0269055725EF52EC
:105F7B00FC2735EF5F4F3543526D025F115721FC04
:105F8B0027316D0F57F1EFE20CFC2731FD2A0E6123
:105F9B000E117E027E11FD74220002FD7CC40000F6
:105FAB00FF20376605660F660E7DF4220E474225ED
:105FBB000A62156C137E5426F64331FC0342220908
:105FCB004B31FC0B427FB07E5E7E5F68147E43607C
:105FDB001526E8EFF2EFE102610420106D04FD904D
:105FEB003E57E46D037545102EBDFD7CC30000FFCD
:105FFB0012EF3466037545202EAD61021E6101213F
:10600B003102EF24EF15FC2734EF4E4F3443426D32
:10601B000269055725EF52FC2735EF5F4F35435289
:10602B006D025F115721FC27316D0F57F1EFE20223
:10603B00FC2731026E15FB425812F0FFFB52701217
:10604B00F0FF66022E10FD2A41FD2A434713250659
:10605B0043137F88474524F0FB423412F0FFFB5279
:10606B005812F0FF2E13FD2A42FD2A43FD2A414709
:0E607B0023250643237F8F474524ED6F150232
:1060890060C03E02003E0100F8060005CD9EFF05F6
:106099000190FFA08105C9C7FF05C0E8FEA881716D
:1060A90000F066128302A081810A8102F806006667
:1060B900E4FB324329F0FF6601050AF6FF7100107F
:1060C900A8810530E9FE05BFEAFE0564EDFE05334A
:1060D900EAFE058F8AFFA00AE301A809EC027222F1
:1060E900F401FD742100A009E30205DBA5FFA80A5C
:1060F900EC034B13FD742200A00AE3030D05F0C263
:10610900FF05608AFF06840106A100020123F0054C
:10611900F4BEFF056CF1FEFB1A701705FCC5FF05FF
:1061290056C2FF05C709FF052620FF0507CFFF61F6
:10613900311D056B20FF05FCCEFF6121212505924C
:1061490020FF05EA9EFF2E1B05FCF0FE2E15052AF1
:10615900F1FE2E0F66110548ABFF0F66210541AB15
:10616900FF0579C2FF055AC2FF053D9AFF05C5CE55
:10617900FF610120E1711EFE612E23CE614120D015
:026189002EDB0B
:10618B00FBEE84E07FF8E901AAFBEE84E07FF9E9FE
:10619B000201550260403C0201FBE218E20000ECF8
:1061AB00EEF8E4B3FB1E10E07FAF11FC5A1E110496
:1061BB00611E21F2FBEE10E07F58EEFC5AEE1C0440
:1061CB00610E200D3C0200FB1A0824050428F0C5C3
:1061DB00000203B089670160803C0601FBEE10E012
:1061EB007F5DEE587C0E2031FB1E10E07FAF11FC63
:1061FB005A1E1404610E2111FB1E10E07FAF11FC1F
:10620B005A1E1304610E15F806010CF80600EC017A
:10621B00610115F806010CF80600EC016101200F75
:10622B003C0600FB1A092405A827F02E59FBEE109B
:10623B00E07F5DEE587C1E2031FB1E10E07FAF111E
:10624B00FC5A1E1404610E2111FB1E10E07FAF11CE
:10625B00FC5A1E1304610E15F806010CF80600EC2F
:10626B0001610115F806010CF80600EC013C060073
:10627B00610112FB1A0724055827F009FB1A0824A1
:10628B00054F27F0FB1E10E07FAF11FC5A1E1204C6
:10629B00611E2118FBEE10E07F58EEFC5AEE19043C
:1062AB00611E18FBEE10E07FF0EFFB1E10E07FAFDE
:1062BB0011FC5A1E1A04611E1E39DBFE8181C500BA
:1062CB000607B189670260403C02012E21FBE2AC5C
:1062DB00DD0000ECEF71F5FFE3E5610F211039B63E
:1062EB00FE3C0200FB1A0A2405E726F0FB1E10E019
:1062FB007FAF11FC5A1E1104611E21D3B0816111B5
:10630B002116FBEE10E07F58EEFC5AEE1C04610EDA
:10631B001639C6FE8081C5000203B0896701FBEE0A
:10632B0010E07F58EEFC5AEE1904611E18FBEE10BC
:10633B00E07FF0EF394CFE395DFEFBEE10E07FF9AC
:10634B00E93A00AAFBEE10E07F5DEE3A610E21F612
:10635B000260403C0201FBE2ACDD0000F8EA802564
:10636B003966FF8081FBEE84E07FF8E900AAFBEE43
:10637B0084E07F5CEE610E21F7C5000203B08967F4
:10638B000160C0A0813C0500E100027FB83C060023
:10639B002E1AB181FBE2700DF0FFFE61EE06840E4A
:1063AB001C3C0501B18162118181B181755126239C
:1063BB00E3B1096101210DFB1A0224051426F03803
:1063CB00A200EC01FBE2700DF0FF0685E11E23102D
:1063DB00FBE2ACDD0000F8E20074B7012E0EFBE22D
:1063EB00ACDD0000F8E200D0DD063996FDFBEE30A7
:1063FB00E07FF9E55801FBEE30E07FE00EFBE218A1
:10640B00E20000ECEEF8E420FBE218E20000ECEE18
:10641B00F8E4D039B3FE8109FBEE30E07F5DEE2A64
:10642B00611E212AEC01FBE2700DF0FF0685E11ED7
:10643B002410FBE2ACDD0000F8E200D0DD062E0EEE
:10644B00FBE2ACDD0000F8E20074B701B1096101B9
:10645B001C39CDFE39FDFE8109B10961011C39C022
:10646B00FE7FA8C5000507B18967037100E4A18110
:10647B00A10AA1033C0E01E50006023E01007FB814
:10648B00A909610121103C0E00FB1A0324054225CA
:10649B00F0383501A881FBE2700DF0FF0684E12393
:1064AB0010A881FBE2700DF0FF0685E1252506F8AB
:1064BB0006010CF80600EC01610120103C0E00FBFC
:1064CB001A0024050C25F038FF00B20161012010E1
:1064DB003C0E00FB1A002405F824F038EB00A90150
:1064EB0075518123103C0E00FB1A052405E324F0A3
:1064FB0038D600398DFCFBE2ACDD0000F8EE00F97C
:10650B0015FBEE30E07FE10E02FBE218E20000EC3F
:10651B00EEF8E4E8FBE218E20000ECEEF8E4803E73
:10652B0001002E18A809A90AFE512EFBF27CAE0021
:10653B0000FE11FEA8096211A009A8090685010435
:10654B0023E4E50004012E16A809FBE27CAE000053
:10655B00FBF6FFFE11EFA8096211A009A8097551FE
:10656B008023E73E01002E28FBF27CAE0000A80939
:10657B00FE51FFD3EFFBEE30E07FEDEE14FC5AEE55
:10658B001604611E20F1ED0E01621EE70E01ED0EE9
:10659B0001755E80FBE218E20000ECEE23CCF8E420
:1065AB00D03925FD8381FBE2ACDD0000F8EE00F96C
:1065BB0015B38161011C3968FD3998FD8381B38165
:1065CB0061011C395BFD7FA8C5000E0FB3896707FE
:1065DB007100E8A109A102A08B3C0901E5000501AE
:1065EB00A901610121103C0900FB1A042405E223D7
:1065FB00F0388C00A809FBE2700DF0FF0684E12354
:10660B0010A809FBE2700DF0FF0685E1252506F8C1
:10661B0006010CF80600EC016101200F3C0900FBA0
:10662B001A012405AC23F02E56B1016101200F3C59
:10663B000900FB1A0124059923F02E43A8897551F3
:10664B0081230F3C0900FB1A0624058523F02E2F0E
:10665B00FBEE84E07FF8E900AA3C0A002E19B28118
:10666B00EF1E06890E014B1EDCEEA902FE112EB2A7
:10667B008162118281B2810685010323E3C5000982
:05668B000BB289670657
:04000005FFF0048084
:00000001FF
