:10000000c194cd3f8b081e9b085540764a8a936366
:10001000b7d545cc0957159ac0bbef5911bd296515
:10002000ba6411733d2a49245e72c7a47a83d02e24
:10003000b0625e47b44f3bee8acda913ef03220aac
:100040009a0fbdbd42cdb96871115bf1ffdd7c74c3
:100050000ae81a3d33460d2c52c0609fa088b38e2b
:10006000e0da08849f63cc95aeb12aac384a858427
:10007000772140724b08765560cc1d71481749bcfa
:100080003cea90f137eea137677365ecc775962fa0
:10009000b0e988cafb64d023a600dc19a444a5e813
:1000a000bbf82d0d88c1b79ac73fa44a18f1b58493
:1000b0005a8d5469a4a7757b76da320d6cd69bc530
:1000c000c6ccfb5be232ae3dd493b663dbe35705af
:1000d0001dead47e81ba06b74f15e8a7443eecc3ab
:1000e00043a059e92f7dfdf2984f7cc211173323ad
:1000f000aefd0c4d57a2f42be0abc6f1b29c7d5780
:100100009bbf896e3b74d7d2ff8b40339c5d338a93
:10011000f7f413c4b29589de0dd8da2abde55b2960
:10012000569ea8972ec6463cdcf82e24714bfe0442
:10013000c4df27720ac8073bc2dcfcd14d1466c776
:10014000443b219e79f31746556ed9d53655eb873a
:100150006f9282e077de6fe415da81944c54d0859b
:100160007b04493398bf7a5267ecb45667ecb456b7
:1001700067ecb45667ecb45667ecb45667ecb4560b
:1001800067ecb45667ecb45667ecb45667ecb456fb
:1001900067ecb45667ecb45667ecb45667ecb456eb
:1001a00067ecb45667ecb45667ecb45667ecb456db
:1001b00067ecb45667ecb45667ecb45667ecb456cb
:1001c00067ecb45667ecb45667ecb45667ecb456bb
:1001d00067ecb45667ecb45667ecb45667ecb456ab
:1001e00067ecb45667ecb45667ecb45667ecb4569b
:1001f00067ecb45667ecb45667ecb45667ecb4568b
:1002000067ecb45667ecb45667ecb45667ecb4567a
:1002100067ecb45667ecb45667ecb45667ecb4566a
:1002200067ecb45667ecb45667ecb45667ecb4565a
:1002300067ecb45667ecb45667ecb45667ecb4564a
:1002400067ecb45667ecb45667ecb45667ecb4563a
:1002500067ecb45667ecb45667ecb45667ecb4562a
:1002600067ecb45667ecb45667ecb45667ecb4561a
:1002700067ecb45667ecb45667ecb45667ecb4560a
:1002800067ecb45667ecb45667ecb45667ecb456fa
:1002900067ecb45667ecb45667ecb45667ecb456ea
:1002a00067ecb45667ecb45667ecb45667ecb456da
:1002b00067ecb45667ecb45667ecb45667ecb456ca
:1002c00067ecb45667ecb45667ecb45667ecb456ba
:1002d00067ecb45667ecb45667ecb45667ecb456aa
:1002e00067ecb45667ecb45667ecb45667ecb4569a
:1002f00067ecb45667ecb45667ecb45667ecb4568a
:1003000067ecb45667ecb45667ecb45667ecb45679
:1003100067ecb45667ecb45667ecb45667ecb45669
:1003200067ecb45667ecb45667ecb45667ecb45659
:1003300067ecb45667ecb45667ecb45667ecb45649
:1003400067ecb45667ecb45667ecb45667ecb45639
:1003500067ecb45667ecb45667ecb45667ecb45629
:1003600067ecb45667ecb45667ecb45667ecb45619
:1003700067ecb45667ecb45667ecb45667ecb45609
:1003800067ecb45667ecb45667ecb45667ecb456f9
:1003900067ecb45667ecb45667ecb45667ecb456e9
:1003a00067ecb45667ecb45667ecb45667ecb456d9
:1003b00067ecb45667ecb45667ecb45667ecb456c9
:1003c00067ecb45667ecb45667ecb45667ecb456b9
:1003d00067ecb45667ecb45667ecb45667ecb456a9
:1003e00067ecb45667ecb45667ecb45667ecb45699
:1003f00067ecb45667ecb45667ecb45667ecb45689
:100400006538f0ff6538f0ff6538f0ff6538f0ffbc
:100410006538f0ff6538f0ff6538f0ff6538f0ffac
:100420006538f0ff6538f0ff6538f0ff6538f0ff9c
:100430006538f0ff6538f0ff6538f0ff6538f0ff8c
:100440006538f0ff6538f0ff6538f0ff6538f0ff7c
:100450000b38f0ff1d38f0ff6538f0ff2f38f0ff44
:100460006538f0ff4138f0ff6538f0ff6538f0ff80
:100470006538f0ff6538f0ff5338f0ff8004f0ff77
:10048000fd730208100000fd730a10130000fbe268
:100490000004f0fffd68edfbe27012f0fffd68ec78
:1004a000fbea0001fd68e3055dea0005945b01fbe2
:1004b000ee000001fd68e005d25b01000203ffffd2
:1004c000ff883f3f7f077fffff7fff7b0f07ee0027
:1004d0000700000000000000000000000000000015
:1004e000000000000003ffffff883f3f7f077fff02
:1004f000ff7fff7b0f07ee000703ffff3f000000b9
:100500007f077fffff7fff7b0f07000007000000d2
:10051000000000007e023f002000080000000000f4
:100520000000070e091c1b1215383f363124232a00
:100530002d70777e796c6b6265484f464154535af3
:100540005de0e7eee9fcfbf2f5d8dfd6d1c4c3ca23
:10055000cd90979e998c8b8285a8afa6a1b4b3ba93
:10056000bdc7c0c9cedbdcd5d2fff8f1f6e3e4edc0
:10057000eab7b0b9beabaca5a28f88818693949d33
:100580009a2720292e3b3c35321f18111603040de3
:100590000a5750595e4b4c45426f68616673747dd3
:1005a0007a898e878095929b9cb1b6bfb8adaaa37d
:1005b000a4f9fef7f0e5e2ebecc1c6cfc8dddad373
:1005c000d4696e676075727b7c51565f584d4a43a3
:1005d00044191e171005020b0c21262f283d3a3313
:1005e000344e49404752555c5b7671787f6a6d6442
:1005f000633e39303722252c2b0601080f1a1d14b3
:1006000013aea9a0a7b2b5bcbb9691989f8a8d8462
:1006100083ded9d0d7c2c5cccbe6e1e8effafdf452
:10062000f3001d3a2774694e53e8f5d2cf9c81a69a
:10063000bbcdd0f7eab9a4839e25381f02514c6b7d
:1006400076879abda0f3eec9d46f7255481b062178
:100650003c4a57706d3e230419a2bf9885d6cbec57
:10066000f1130e2934677a5d40fbe6c1dc8f92b549
:10067000a8dec3e4f9aab7908d362b0c11425f783f
:10068000659489aeb3e0fddac77c61465b0815323c
:100690002f5944637e2d30170ab1ac8b96c5d8ff15
:1006a000e2263b1c01524f6875ced3f4e9baa7800d
:1006b0009debf6d1cc9f82a5b8031e3924776a4df5
:1006c00050a1bc9b86d5c8eff24954736e3d2007fc
:1006d0001a6c71564b1805223f8499bea3f0edcadf
:1006e000d735280f12415c7b66ddc0e7faa9b493c9
:1006f0008ef8e5c2df8c91b6ab100d2a3764795eb7
:1007000043b2af8895c6dbfce15a47607d2e3314b7
:10071000097f6245580b16312c978aadb0e3fed99c
:10072000c4ff0100020008000000c1c081c14001f7
:1007300001c3c003800241c201c6c006800741c791
:100740000005c1c581c4400401ccc00c800d41cd61
:10075000000fc1cf81ce400e000ac1ca81cb400b31
:1007600001c9c009800841c801d8c018801941d901
:10077000001bc1db81da401a001ec1de81df401f91
:1007800001ddc01d801c41dc0014c1d481d54015a1
:1007900001d7c017801641d601d2c012801341d3b1
:1007a0000011c1d181d0401001f0c030803141f141
:1007b0000033c1f381f240320036c1f681f7403791
:1007c00001f5c035803441f4003cc1fc81fd403d61
:1007d00001ffc03f803e41fe01fac03a803b41fb31
:1007e0000039c1f981f840380028c1e881e9402981
:1007f00001ebc02b802a41ea01eec02e802f41ef91
:10080000002dc1ed81ec402c01e4c024802541e5a0
:100810000027c1e781e640260022c1e281e34023b0
:1008200001e1c021802041e001a0c060806141a1c0
:100830000063c1a381a240620066c1a681a7406790
:1008400001a5c065806441a4006cc1ac81ad406d60
:1008500001afc06f806e41ae01aac06a806b41ab30
:100860000069c1a981a840680078c1b881b9407900
:1008700001bbc07b807a41ba01bec07e807f41bf90
:10088000007dc1bd81bc407c01b4c074807541b5a0
:100890000077c1b781b640760072c1b281b34073b0
:1008a00001b1c071807041b00050c1908191405140
:1008b0000193c053805241920196c0568057419790
:1008c0000055c19581944054019cc05c805d419d60
:1008d000005fc19f819e405e005ac19a819b405b30
:1008e0000199c059805841980188c0488049418980
:1008f000004bc18b818a404a004ec18e818f404f90
:10090000018dc04d804c418c0044c184818540459f
:100910000187c047804641860182c04280434183af
:100920000041c18181804040640064006400640033
:10093000640064006400640064006300630063009a
:100940006200620062006100600060005f005d00a4
:100950005c005b0059005700540051004f004b00f1
:100960004800440040003c00380034002f002b00b9
:10097000260022001e001a00160012000f000c00b4
:10098000090007000500030002000100010001004a
:10099000020003000400060009000b000e00120014
:1009a000150019001d00210026002a002f00330029
:1009b00037003c004000440048004b004e0051000e
:1009c0005400560059005a005c005d005e005f0054
:1009d0006000610061006200620063006300630008
:1009e00064006400640064006400640064006400e7
:1009f00064006400640064006400640064006400d7
:100a000064006400640064006400640064006400c6
:100a100064006400640064006400640064006400b6
:100a200064006400640064006400640064006400a6
:100a3000640064006300630063006200620062009f
:100a40006100600060005f005d005c005b005900b9
:100a50005700540051004f004b0048004400400034
:100a60003c00380034002f002b00260022001e001e
:100a70001a00160012000f000c0009000700050004
:100a80000300020001000100010002000300040055
:100a9000060009000b000e001200150019001d00d1
:100aa000210026002a002f00330037003c004000c0
:100ab000440048004b004e005100540056005900bd
:100ac0005a005c005d005e005f0060006100610034
:100ad00062006200630063006300640064006400fd
:100ae00064006400640064006400ffffbd04f0ff64
:100af0002207f0ffec0af0ff9c28f0ff9c28f0ff93
:100b00009c28f0ffb428f0ff080000003412f0ff2a
:100b10005812f0ff7012f0ff7016f0ff7012f0ff25
:100b2000cfbc0b0053cb0b00fcd90b00c8e80b006b
:100b3000baf70b00d2060c0010160c0074250c003e
:100b400001350c00b5440c0091540c0097640c0066
:100b5000c7740c0021850c00a7950c0058a60c004a
:100b600036b70c0041c80c007ad90c00e1ea0c0041
:100b700078fc0c003f0e0d0038200d0061320d0096
:100b8000be440d00e1cb0e00fae20e005cfa0e004e
:100b900007120f00fd290f0041420f00d25a0f002b
:100ba000b3730f00e58c0f006aa60f0043c00f005f
:100bb00072da0f00f8f40f00d80f1000132b10009a
:100bc000ab461000a26210001a00000000000000f6
:100bd0000000000000000000010000000100000013
:100be00000000000010000000100000009000000fa
:100bf00000000000090000000100000004000000e7
:100c000000000000040000000100000005000000da
:100c100000000000050000000100000006000000c8
:100c200000000000060000000100000003000000ba
:100c300000000000030000000100000007000000a9
:100c40000000000007000000010000000800000094
:100c50000000000008000000010000000a00000081
:100c6000000000000a000000010000000200000077
:100c70000000000002000000010000000b00000066
:100c8000000000000b000000010000000c0000004c
:100c9000000000000c00000001000000209008008f
:100ca0002290080020920800229208002094080058
:100cb0002294080024940800269408002c9408002c
:100cc0002e94080036940800000000000000000088
:100cd0000100000002000000040000000800000005
:100ce0001000000020000000400000008000000014
:100cf00000010000000200000004000000080000e5
:100d000000100000002000000040000000800000f3
:100d100000000100000002000000040000000800c4
:100d200000001000000020000000400000008000d3
:100d300000000001000000020000000400000008a4
:100d400000000010000000200000004000000080b3
:100d5000000209004020080080200800c020080090
:100d6000002108004021080080210800c02108005f
:100d70000000f0ff0080f0ff0000f1ff0080f1ffb5
:100d80000000f2ff0080f2ff0000f3ff0080f3ff9d
:100d90000000f4ff0080f4ff0000f5ff0080f5ff85
:100da0000000f6ff0080f6ff0000f7ff0080f7ff6d
:100db0000000f8ff0080f8ff0000f9ff0080f9ff55
:100dc0000000faff0080faff0000fbff0080fbff3d
:100dd0000000fcff0080fcff0000fdff0080fdff25
:100de0000000feff0080feff0000ffff0020ffff6d
:100df0000040ffff0060ffff0080ffff00a0ffff3b
:100e000000c0ffff00e0ffff0000000000008000c6
:100e100000000001000080010000000200008002cc
:100e200000000003000000040000000500000000b6
:100e300003836bf2f7703be1f4f350131f979ac7eb
:100e40001c14f135e8e7a126eb64cad4cf58d98a3f
:100e5000ccdbb2783828e26b3bab8999d0cf434ddd
:100e6000d34c28bf27bf78ac243c135e6fc75e10fd
:100e70006c4435e298b765f19b340e037050c4d7cb
:100e800073d3af258720ff3684a394c4a09f879a8d
:100e9000a31cec6857efbc7b546cd789bf081d5d61
:100ea000bc8b76af487826bc4bfb4d4ede8ebd200a
:100eb000dd0dd6d229fe86c12a7ded33c11927e783
:100ec000c29a4c1536691c0635ea77f411d664aa25
:100ed00012550f58e6a65f4be52534b90e41fe6d5d
:100ee0000dc2959ff931c58cfab2ae7eb149e3309f
:100ef000b2ca88c24639d8d145bab323aede79f733
:100f0000ad5d120559ae42165a2d29e47e113aba4a
:100f10007d9251488961015b8ae26aa96186a07d60
:100f20006205cb8f96f69b9c9575f06ebc1d7b4140
:100f3000bf9e10b34b6d40a048ee2b52a38ae186b2
:100f4000a0098a7454fada675779b1957345a2cb30
:100f500070c6c9398435992a87b6f2d86cd2380c54
:100f60006f5153fe9ba203ed9821681fd3da2551e0
:100f7000d0594ea324aa1eb027297542cc4dbf9646
:100f8000cfced4643b3d847738beef851c82fcdb3a
:100f90001f019729ebf2c73ae871acc80315661c2c
:100fa00000960deef4655dfdf7e6360f6293c661bf
:100fb0006110ad9395e3fd80966096727d045ca60a
:100fc0007e8737548a74674789f70cb5adcb1feb22
:100fd000ae4874195abb240a59384ff8b25c852cb4
:100fe000b1dfeede452cbecd46afd53f0d54987136
:100ff0000ed7f383fa24a390f9a7c86212c302b6ee
:1010000011406944e5b33957e63052a5c20c41fba3
:10101000c18f2a09357c7a1a36ff11e8dd9bdb3c4b
:10102000de18b0ce2aebe0dd29688b2f783bf68204
:101030007bb89d708f4bcd638cc8a69167ac6c4517
:10104000642f07b790dc57a4935f3c56b7632f0813
:10105000b4e044fa401314e943907f1ba8f4b5cfe1
:10106000ab77de3d5f848e2e5c07e5dc17fca89233
:10107000147fc360e08c9373e30ff881086b3255e3
:101080000be859a7ff1b09b4fc986246d8a4711855
:10109000db271aea2fd44af92c57210bc733ebdf91
:1010a000c4b0802d3043d03e33c0bbcca6b54ba2dc
:1010b000a536205051c5704352461bb1b922d165a7
:1010c000baa1ba974e52ea844dd1817669ed922841
:1010d0006a6ef9da9e9da9c99d1ec23b767a08ef19
:1010e00075f9631d810a330e828958fcc97215b2e5
:1010f000caf17e403e022e533d8145a1d6e58f7553
:10110000d566e4872195b4942216df66062acc388a
:1011100005a9a7caf15af7d9f2d99c2b19bd56ffd8
:101120001a3e3d0deecd6d1eed4e06ecc4268dc370
:10113000c7a5e6313356b62230d5ddd0dbb1170472
:10114000d8327cf62cc12ce52f4247170b7e544930
:1011500008fd3fbbfc0e6fa8ff8d045a14e9ce8e2c
:10116000176aa57ce399f56fe01a9e9dabe1d3d396
:10117000a862b8215c91e8325f1283c0b47649144a
:10118000b7f522e6430672f54085190764b90a5996
:10119000673a61ab93c931b8904a5a4a7b2e909e08
:1011a00078adfb6c8c5eab7f8fddc08d1aa830e311
:1011b000192b5b11edd80b02ee5b60f0053faa2402
:1011c00006bcc1d6f24f91c5f1ccfa37d5f0e9692a
:1011d000d673829b2280d2882103b97aca6773ae04
:1011e000c9e4185c3d17484f3e9423bd756f6ef3fc
:1011f00076ec0501821f5512819c3ee06af8f434ba
:10120000697b9fc69d88cfd59e0ba427ba37b77937
:10121000b9b4dc8b4d478c984ec4e76aa5a02dbeaf
:10122000a623464c52d0165f51537dad640000009a
:101230007d0000007016f0ff1c19f0fface100000b
:101240007c28f0ff9c28f0ff7caf00001c19f0ff09
:101250007c28f0ffe95000009caf0000ace10000ea
:101260004a6000007caf0000cc220000e950000082
:101270007738f0ff000000000000000000000000d0
:10128000000000000000000000000000000000005e
:10129000000000000000000000000000000000004e
:1012a000000000000000000000000000000000003e
:1012b0007b38f0ff000000008d38f0ff00000000d8
:1012c000000000009f38f0ff00000000b138f0ff80
:1012d0000000000000000000c338f0ffd538f0ff28
:1012e000e738f0fff938f0ff0b39f0ff1d39f0ff58
:1012f00000000000000000002f39f0ff4139f0ff2e
:1013000000000000000000005339f0ff6539f0ffd5
:1013100000000000000000000000000000000000cd
:1013200000000000000000000000000000000000bd
:1013300000000000000000000000000000000000ad
:101340007739f0ff8939f0ff00000000000000004d
:10135000000000000000000000000000000000008d
:101360009b39f0ffad39f0ff0000000000000000e5
:10137000bf39f0ffd139f0ffe339f0fff539f0ff65
:10138000073af0ff193af0ff2b3af0ff3d3af0ff31
:101390004f3af0ff613af0ff733af0ff853af0ff01
:1013a000973af0ffa93af0ffbb3af0ffcd3af0ffd1
:1013b000000000000000000000000000000000002d
:1013c000df3af0fff13af0ff033bf0ff113bf0ff93
:1013d000133bf0ff253bf0ff373bf0ff0000000020
:1013e000000000000000000000000000493bf0ff8a
:1013f0005b3bf0ff00000000000000000000000068
:101400006d3bf0ff7f3bf0ff913bf0ffa33bf0ff14
:101410000000000000000000b53bf0ff00000000ed
:101420000000000000000000c33bf0ffd53bf0ffd0
:10143000e73bf0ff00000000f93bf0ff0b3cf0ff42
:101440001d3cf0ff2f3cf0ff0000000000000000fa
:10145000413cf0ff4f3cf0ff613cf0ff6f3cf0ff80
:10146000813cf0ff933cf0ff000000000000000012
:10147000a53cf0ffb73cf0ffc93cf0ff00000000c6
:10148000db3cf0ffed3cf0ffff3cf0ff0000000014
:10149000113df0ff233df0ff353df0ff000000005f
:1014a000000000000000000000000000000000003c
:1014b0000000000000000000473df0ff593df0ff34
:1014c0006b3df0ff7d3df0ff8f3df0ffa13df0ff54
:1014d000b33df0ffc53df0ffd73df0ffe93df0ff24
:1014e000fb3df0ff0d3ef0ff1f3ef0ff313ef0fff1
:1014f000433ef0ff553ef0ff673ef0ff793ef0ffc0
:101500008b3ef0ff9d3ef0ffaf3ef0ffc13ef0ff8f
:10151000d33ef0ffe53ef0fff73ef0ff053ff0ff62
:10152000173ff0ff293ff0ff373ff0ff493ff0ff43
:101530005b3ff0ff6d3ff0ff7f3ff0ff913ff0ff1b
:10154000a33ff0ffb53ff0ffc73ff0ffd93ff0ffeb
:10155000eb3ff0fffd3ff0ff000000000000000047
:10156000000000000000000000000000000000007b
:10157000000000000000000000000000000000006b
:10158000000000000000000000000000000000005b
:10159000000000000000000000000000000000004b
:1015a000000000000000000000000000000000003b
:1015b0000f40f0ff2140f0ff3340f0ff4540f0ffc7
:1015c0005740f0ff6940f0ff7b40f0ff8d40f0ff97
:1015d0009f40f0ffb140f0ffc340f0ffd540f0ff67
:1015e000e740f0fff940f0ff0b41f0ff1d41f0ff35
:1015f0002f41f0ff4141f0ff5341f0ff6541f0ff03
:101600007741f0ff8941f0ff9b41f0ffad41f0ffd2
:10161000bf41f0ffd141f0ffe341f0fff541f0ffa2
:101620000742f0ff1942f0ff2b42f0ff3d42f0ff6e
:101630004f42f0ff6142f0ff7342f0ff8542f0ff3e
:101640009742f0ffa942f0ffbb42f0ffcd42f0ff0e
:10165000df42f0fff142f0ff0343f0ff1543f0ffdc
:101660002743f0ff3943f0ff4743f0ff5943f0ffb2
:101670009caf00000000000000000000000000001f
:10168000000000000000000000000000000000005a
:10169000000000000000000014130000dc13000034
:1016a000a41400006c1500008c180000ac1b000096
:1016b000000000000000000000000000000000002a
:1016c000000000000000000000000000000000001a
:1016d00000000000000000000000000000007e008c
:1016e00000007e000000000000000000000000007c
:1016f00000000000000000000000000000000000ea
:1017000000000000000000000000000000000000d9
:1017100000000000000000000000000000000000c9
:1017200000000000000000007f3e00006400000098
:1017300000000000a40000005200000000000000b3
:101740000000000000000000000000000000000099
:101750000000000000000000000000000000000089
:101760000000000000000000000000000000000079
:101770000000000000000000000000000000000069
:1017800000000000feffffff00000000010000005d
:10179000010000004d61696e4c6f6f700000000029
:1017a00001000000010000004472697665720000cb
:1017b0000000000001000000010000004472697692
:1017c000657242616c000000010000000100000031
:1017d00054726163696e6700000000000100000040
:1017e00001000000436d6449660000000000000035
:1017f0000100000001000000506c666d4661756cd0
:101800007400000001000000010000004170704100
:101810006363000000000000010000000100000000
:10182000436f6d58636f6d00000000000100000001
:1018300001000000506c666d446c696e6b00000026
:101840000100000001000000506c666d4c656400f2
:10185000000000000100000001000000506c666df7
:101860005379736462000000010000000100000071
:10187000506c666d53797374656d00000100000053
:1018800001000000506c666d566d6f6e0000000028
:101890000100000001000000417070416370000011
:1018a00000000000010000000100000041707041d4
:1018b0006363000000000000010000000100000060
:1018c00041707044737300000000000001000000cc
:1018d0000100000043666745715264720000000019
:1018e0000100000001000000436667416472526419
:1018f000720000000100000001000000436f6d4312
:10190000616e000000000000010000000100000006
:1019100054657374427574746f6e000000000101a9
:10192000000000010100000000000000002001078d
:1019300002000000000000000100000000000000a4
:101940000000000000000080000001000100000015
:101950000001010000017d7c7c7c7c7b7b7b7b7ab1
:101960007a7a7a7a797979797878787877777777ef
:101970007776767676767575757575747474747415
:101980007373737373727272727271717171717039
:1019900070707070706f6f6f6f6f6e6e6e6e6e6e58
:1019a0006d6d6d6d6d6d6c6c6c6c6c6c6b6b6b6b75
:1019b0006b6b6a6a6a6a6a6a6a696969696969688d
:1019c00068686868686867676767676767666666a4
:1019d00066666666656565656565656564646464b7
:1019e00064646463636363636363636262626262c9
:1019f00062626261616161616161616060606060d9
:101a0000606060605f5f5f5f5f5f5f5f5f5e5e5ee5
:101a10005e5e5e5e5e5e5d5d5d5d5d5d5d5d5d5cf1
:101a20005c5c5c5c5c5c5c5c5c5b5b5b5b5b5b5bfd
:101a30005b5b5b5a5a5a5a5a5a5a5a5a5a59595906
:101a4000595959595959595958585858585858580e
:101a50005858585757575757575757575757565615
:101a6000565656565656565656555555555555551d
:101a70005555555555545454545454545454545421
:101a80005453535353535353535353535353525227
:101a9000525252525252525252525151515151512c
:101aa000515151515151515150505050505050502e
:101ab00050505050504f4f4f4f4f4f4f4f4f4f4f31
:101ac0004f4f4f4e4e4e4e4e4e4e4e4e4e4e4e4e33
:101ad0004e4d4d4d4d4d4d4d4d4d4d4d4d4d4d4d35
:101ae0004c4c4c4c4c4c4c4c4c4c4c4c4c4c4c4b37
:101af0004b4b4b4b4b4b4b4b4b4b4b4b4b4b4b4a37
:101b00004a4a4a4a4a4a4a4a4a4a4a4a4a4a4a4936
:101b10004949494949494949494949494949494836
:101b20004848484848484848484848484848484736
:101b30004747474747474747474747474747474735
:101b40004746464646464646464646464646464634
:101b50004646454545454545454545454545454533
:101b60004545454544444444444444444444444431
:101b7000444444444444444343434343434343432e
:101b8000434343434343434343434242424242422b
:101b90004242424242424242424242424241414128
:101ba0004141414141414141414141414141414125
:101bb0004140404040404040404040404040404024
:101bc0004040404040403f3f3f3f3f3f3f3f3f3f1f
:101bd0003f3f3f3f3f3f3f3f3f3f3f3e3e3e3e3e1a
:101be0003e3e3e3e3e3e3e3e3e3e3e3e3e3e3e3e15
:101bf0003e3d3d3d3d3d3d3d3d3d3d3d3d3d3d3d14
:101c00003d3d3d3d3d3d3d3c3c3c3c3c3c3c3c3c0d
:101c10003c3c3c3c3c3c3c3c3c3c3c3c3c3c3b3b06
:101c20003b3b3b3b3b3b3b3b3b3b3b3b3b3b3b3b04
:101c30003b3b3b3b3b3b3a3a3a3a3a3a3a3a3a3afe
:101c40003a3a3a3a3a3a3a3a3a3a3a3a3a3a3939f6
:101c500039393939393939393939393939393939f4
:101c600039393939393939383838383838383838ed
:101c700038383838383838383838383838383838e4
:101c800037373737373737373737373737373737e4
:101c900037373737373737373737363636363636da
:101ca00036363636363636363636363636363636d4
:101cb00036363636363535353535353535353535cf
:101cc00035353535353535353535353535353535c4
:101cd00035343434343434343434343434343434c3
:101ce00034343434343434343434343434333333b7
:101cf00033333333333333333333333333333333b4
:101d000033333333333333333332323232323232aa
:101d100032323232323232323232323232323232a3
:101d2000323232323232313131313131313131319d
:101d30003131313131313131313131313131313193
:101d4000313131313030303030303030303030308f
:101d50003030303030303030303030303030303083
:101d600030302f2f2f2f2f2f2f2f2f2f2f2f2f2f81
:101d70002f2f2f2f2f2f2f2f2f2f2f2f2f2f2f2f73
:101d80002f2e2e2e2e2e2e2e2e2e2e2e2e2e2e2e72
:101d90002e2e2e2e2e2e2e2e2e2e2e2e2e2e2e2e63
:101da0002d2d2d2d2d2d2d2d2d2d2d2d2d2d2d2d63
:101db0002d2d2d2d2d2d2d2d2d2d2d2d2d2d2d2d53
:101dc0002c2c2c2c2c2c2c2c2c2c2c2c2c2c2c2c53
:101dd0002c2c2c2c2c2c2c2c2c2c2c2c2c2c2c2c43
:101de0002b2b2b2b2b2b2b2b2b2b2b2b2b2b2b2b43
:101df0002b2b2b2b2b2b2b2b2b2b2b2b2b2b2b2b33
:101e00002b2a2a2a2a2a2a2a2a2a2a2a2a2a2a2a31
:101e10002a2a2a2a2a2a2a2a2a2a2a2a2a2a2a2a22
:101e20002a2a292929292929292929292929292920
:101e30002929292929292929292929292929292912
:101e4000292929282828282828282828282828280f
:101e50002828282828282828282828282828282802
:101e600028282828282727272727272727272727fd
:101e700027272727272727272727272727272727f2
:101e800027272727272727272626262626262626ea
:101e900026262626262626262626262626262626e2
:101ea00026262626262626262626262525252525d7
:101eb00025252525252525252525252525252525d2
:101ec00025252525252525252525252525252524c3
:101ed00024242424242424242424242424242424c2
:101ee00024242424242424242424242424242424b2
:101ef00024242423232323232323232323232323af
:101f000023232323232323232323232323232323a1
:101f10002323232323232323222222222222222299
:101f20002222222222222222222222222222222291
:101f30002222222222222222222222222222212183
:101f40002121212121212121212121212121212181
:101f50002121212121212121212121212121212171
:101f6000212121212020202020202020202020206d
:101f70002020202020202020202020202020202061
:101f800020202020202020202020201f1f1f1f1f56
:101f90001f1f1f1f1f1f1f1f1f1f1f1f1f1f1f1f51
:101fa0001f1f1f1f1f1f1f1f1f1f1f1f1f1f1f1f41
:101fb0001f1f1f1e1e1e1e1e1e1e1e1e1e1e1e1e3e
:101fc0001e1e1e1e1e1e1e1e1e1e1e1e1e1e1e1e31
:101fd0001e1e1e1e1e1e1e1e1e1e1e1e1d1d1d1d25
:101fe0001d1d1d1d1d1d1d1d1d1d1d1d1d1d1d1d21
:101ff0001d1d1d1d1d1d1d1d1d1d1d1d1d1d1d1d11
:102000001d1d1d1d1d1d1c1c1c1c1c1c1c1c1c1c0a
:102010001c1c1c1c1c1c1c1c1c1c1c1c1c1c1c1c00
:102020001c1c1c1c1c1c1c1c1c1c1c1c1c1c1c1cf0
:102030001b1b1b1b1b1b1b1b1b1b1b1b1b1b1b1bf0
:102040001b1b1b1b1b1b1b1b1b1b1b1b1b1b1b1be0
:102050001b1b1b1b1b1b1b1b1b1b1b1a1a1a1a1ad5
:102060001a1a1a1a1a1a1a1a1a1a1a1a1a1a1a1ad0
:102070001a1a1a1a1a1a1a1a1a1a1a1a1a1a1a1ac0
:102080001a1a1a1a1a1a19191919191919191919ba
:1020900019191919191919191919191919191919b0
:1020a00019191919191919191919191919191919a0
:1020b000191818181818181818181818181818189f
:1020c0001818181818181818181818181818181890
:1020d0001818181818181818181818181817171783
:1020e0001717171717171717171717171717171780
:1020f0001717171717171717171717171717171770
:102100001717171717171717161616161616161667
:10211000161616161616161616161616161616165f
:10212000161616161616161616161616161616164f
:10213000161616151515151515151515151515154c
:10214000151515151515151515151515151515153f
:102150001515151515151515151515151515141431
:10216000141414141414141414141414141414142f
:10217000141414141414141414141414141414141f
:102180001414141414141414141313131313131316
:10219000131313131313131313131313131313130f
:1021a00013131313131313131313131313131313ff
:1021b00013131312121212121212121212121212fc
:1021c00012121212121212121212121212121212ef
:1021d00012121212121212121212121211111111e3
:1021e00011111111111111111111111111111111df
:1021f00011111111111111111111111111111111cf
:1022000011111111111110101010101010101010c8
:1022100010101010101010101010101010101010be
:102220001010101010101010101010101010100faf
:102230000f0f0f0f0f0f0f0f0f0f0f0f0f0f0f0fae
:102240000f0f0f0f0f0f0f0f0f0f0f0f0f0f0f0f9e
:102250000f0f0f0f0f0f0f0e0e0e0e0e0e0e0e0e97
:102260000e0e0e0e0e0e0e0e0e0e0e0e0e0e0e0e8e
:102270000e0e0e0e0e0e0e0e0e0e0e0e0e0e0e0d7f
:102280000d0d0d0d0d0d0d0d0d0d0d0d0d0d0d0d7e
:102290000d0d0d0d0d0d0d0d0d0d0d0d0d0d0d0d6e
:1022a0000d0d0d0d0d0d0d0c0c0c0c0c0c0c0c0c67
:1022b0000c0c0c0c0c0c0c0c0c0c0c0c0c0c0c0c5e
:1022c0000c0c0c0c0c0c0c0c0c0c0c0c0c0c0c0b4f
:1022d0000b0b0b0b0b0b0b0b0b0b0b0b0b0b0b0b4e
:1022e0000b0b0b0b0b0b0b0b0b0b0b0b0b0b0b0b3e
:1022f0000b0b0b0b0b0b0b0a0a0a0a0a0a0a0a0a37
:102300000a0a0a0a0a0a0a0a0a0a0a0a0a0a0a0a2d
:102310000a0a0a0a0a0a0a0a0a0a0a0a0a0a0a0a1d
:10232000090909090909090909090909090909091d
:10233000090909090909090909090909090909090d
:102340000909090909090909080808080808080805
:1023500008080808080808080808080808080808fd
:1023600008080808080808080808080808080808ed
:1023700007070707070707070707070707070707ed
:1023800007070707070707070707070707070707dd
:1023900007070707070707070606060606060606d5
:1023a00006060606060606060606060606060606cd
:1023b00006060606060606060606060606060606bd
:1023c00006050505050505050505050505050505bc
:1023d00005050505050505050505050505050505ad
:1023e00005050505050505050505040404040404a3
:1023f000040404040404040404040404040404049d
:10240000040404040404040404040404040404048c
:102410000404040303030303030303030303030389
:10242000030303030303030303030303030303037c
:102430000303030303030303030303020202020271
:10244000020202020202020202020202020202026c
:10245000020202020202020202020202020202025c
:102460000202020101010101010101010101010159
:10247000010101010101010101010101010101014c
:102480000101010101010101010101000000000041
:10249000000000000000000000000000000000003c
:1024a000000000000000000000000000000000002c
:1024b000000000000000000000000000000000001c
:1024c000000000000000000000000000000000000c
:1024d0000000000000000000ffffffffffffffff04
:1024e000fffffffffffffffffffffffffffffffffc
:1024f000fffffffffffffffffffffffffffefefeef
:10250000fefefefefefefefefefefefefefefefeeb
:10251000fefefefefefefefefefefefefefefefedb
:10252000fdfdfdfdfdfdfdfdfdfdfdfdfdfdfdfddb
:10253000fdfdfdfdfdfdfdfdfdfdfdfdfdfdfdfdcb
:10254000fdfdfdfcfcfcfcfcfcfcfcfcfcfcfcfcc8
:10255000fcfcfcfcfcfcfcfcfcfcfcfcfcfcfcfcbb
:10256000fcfcfcfcfbfbfbfbfbfbfbfbfbfbfbfbb7
:10257000fbfbfbfbfbfbfbfbfbfbfbfbfbfbfbfbab
:10258000fbfbfbfbfafafafafafafafafafafafaa7
:10259000fafafafafafafafafafafafafafafafa9b
:1025a000fafafaf9f9f9f9f9f9f9f9f9f9f9f9f998
:1025b000f9f9f9f9f9f9f9f9f9f9f9f9f9f9f9f98b
:1025c000f9f8f8f8f8f8f8f8f8f8f8f8f8f8f8f88a
:1025d000f8f8f8f8f8f8f8f8f8f8f8f8f8f7f7f77e
:1025e000f7f7f7f7f7f7f7f7f7f7f7f7f7f7f7f77b
:1025f000f7f7f7f7f7f7f7f7f7f6f6f6f6f6f6f672
:10260000f6f6f6f6f6f6f6f6f6f6f6f6f6f6f6f66a
:10261000f6f6f6f6f5f5f5f5f5f5f5f5f5f5f5f566
:10262000f5f5f5f5f5f5f5f5f5f5f5f5f5f5f4f45c
:10263000f4f4f4f4f4f4f4f4f4f4f4f4f4f4f4f45a
:10264000f4f4f4f4f4f4f4f4f3f3f3f3f3f3f3f352
:10265000f3f3f3f3f3f3f3f3f3f3f3f3f3f3f3f34a
:10266000f3f2f2f2f2f2f2f2f2f2f2f2f2f2f2f249
:10267000f2f2f2f2f2f2f2f2f2f2f1f1f1f1f1f140
:10268000f1f1f1f1f1f1f1f1f1f1f1f1f1f1f1f13a
:10269000f1f1f0f0f0f0f0f0f0f0f0f0f0f0f0f038
:1026a000f0f0f0f0f0f0f0f0f0efefefefefefef31
:1026b000efefefefefefefefefefefefefefefef2a
:1026c000eeeeeeeeeeeeeeeeeeeeeeeeeeeeeeee2a
:1026d000eeeeeeeeeeeeeeededededededededed23
:1026e000edededededededededededededececec1d
:1026f000ecececececececececececececececec1a
:10270000ececebebebebebebebebebebebebebeb17
:10271000ebebebebebebebeaeaeaeaeaeaeaeaea12
:10272000eaeaeaeaeaeaeaeaeaeaeaeae9e9e9e90d
:10273000e9e9e9e9e9e9e9e9e9e9e9e9e9e9e9e909
:10274000e8e8e8e8e8e8e8e8e8e8e8e8e8e8e8e809
:10275000e8e8e8e7e7e7e7e7e7e7e7e7e7e7e7e706
:10276000e7e7e7e7e7e6e6e6e6e6e6e6e6e6e6e604
:10277000e6e6e6e6e6e6e6e5e5e5e5e5e5e5e5e502
:10278000e5e5e5e5e5e5e5e5e4e4e4e4e4e4e4e401
:10279000e4e4e4e4e4e4e4e4e3e3e3e3e3e3e3e301
:1027a000e3e3e3e3e3e3e3e2e2e2e2e2e2e2e2e202
:1027b000e2e2e2e2e2e1e1e1e1e1e1e1e1e1e1e104
:1027c000e1e1e1e0e0e0e0e0e0e0e0e0e0e0e0df07
:1027d000dfdfdfdfdfdfdfdfdfdfdfdedededede0e
:1027e000dedededededededddddddddddddddddd12
:1027f000dddcdcdcdcdcdcdcdcdcdcdbdbdbdbdb1d
:10280000dbdbdbdbdbdadadadadadadadadad9d925
:10281000d9d9d9d9d9d9d8d8d8d8d8d8d8d8d8d733
:10282000d7d7d7d7d7d7d6d6d6d6d6d6d6d6d5d544
:10283000d5d5d5d5d5d4d4d4d4d4d4d3d3d3d3d358
:10284000d3d3d2d2d2d2d2d2d1d1d1d1d1d1d0d070
:10285000d0d0d0d0cfcfcfcfcfcececececececd8c
:10286000cdcdcdcdcccccccccccbcbcbcbcacacaae
:10287000cacac9c9c9c9000000000101000000009e
:102880000000ffff00000000ffffffff000000004e
:10289000000000000000ff00000000006c01750156
:1028a000990104013801eb00d200360002009e00bd
:1028b0006a00ffff5461736b204c6f672061637483
:1028c000696f6e206d69736d617463683a202300cf
:1028d0005461736b204c6f67204944206d69736da0
:1028e000617463683a202300496e697469616c20e1
:1028f00068617264776172652074657374206661c3
:10290000696c656400564d61696e20566f6c746128
:102910006765204f4b00564d61696e20566f6c7491
:10292000616765204e4f54204f4b00566f6c7461a9
:102930006765204572726f7220537461727475708e
:102940003a2000526573657420526561736f6e3a68
:10295000200000003a206d65616e56616c7565550a
:10296000312000202d2072616e67652055312000d6
:1029700043414e2073656e64206572726f723a2017
:10298000004f55545f43414e5f446174613a0063a8
:102990006f6d43616e5f70726f63657373496e63d1
:1029a0006f6d696e6743616e4d65737361676573c3
:1029b0003a20496e76616c6964204d736720286205
:1029c00065666f72652078436f6d70293a2000202c
:1029d00000434f4d43414e5f4d49445f434d445f7b
:1029e0004346475f4d4f44455f4143544956452058
:1029f00066726f6d2049443a2000434f4d43414e6b
:102a00005f4d49445f434d445f4346475f414350f8
:102a10002066726f6d2049443a2000434f4d434178
:102a20004e5f4d49445f434d445f4346475f5046c8
:102a3000494c5445522066726f6d2049443a20003b
:102a4000434f4d43414e5f4d49445f434d445f43c7
:102a500046475f4d494e5f50554c53455f4c454e80
:102a60002066726f6d2049443a2000434f4d434128
:102a70004e5f4d49445f434d445f4346475f474c7b
:102a80004f42414c5f4352432066726f6d20494470
:102a90003a2000434f4d43414e5f4d49445f434d03
:102aa000445f4346475f4d4f44455f44454143546f
:102ab0004956452066726f6d2049443a2000434fc5
:102ac0004d43414e5f4d49445f494e464f5f52452d
:102ad000512066726f6d2049443a2000434f4d43a8
:102ae000414e5f4d49445f494e464f5f4457535fe7
:102af000544553545f5245512066726f6d204944ce
:102b00003a2000494e5f43414e5f556e6b6e6f77c2
:102b10006e5f4d7367547970653a2000434f4d43a3
:102b2000414e5f4d49445f4552524f525f414350c1
:102b30002066726f6d2049443a2000434f4d434157
:102b40004e5f4d49445f5354415455535f41435088
:102b50002066726f6d2049443a2000434f4d434137
:102b60004e5f4d49445f50554c53455f41435020a3
:102b700066726f6d2049443a2000434f4d43414ee9
:102b80005f4d49445f494e464f5f474c4f42414c71
:102b90005f4352435f415a422066726f6d20494441
:102ba0003a2000434f4d43414e5f4d415f524553e4
:102bb000465245515f43414c49425241544520667b
:102bc000726f6d2049443a2000434f4d43414e5fa0
:102bd0004d49445f44454255475f5345545f54480f
:102be000524553484f4c442066726f6d2049443a19
:102bf0002000494e5f43414e5f49443a00494e5fd1
:102c000043414e5f446174613a00636f6d43616e8e
:102c10005f70726f63657373496e636f6d696e6722
:102c200043616e4d657373616765733a20496e76d3
:102c3000616c6964204d7367202861667465722039
:102c400078436f6d7029006d6f6e69746f72696e75
:102c5000674572726f723a20002c2073617665644a
:102c6000566f6c746167654572726f723a200073bb
:102c7000797374656d4572726f723a20002c2073ff
:102c80006176656453797374656d4572726f723adb
:102c900020000000436f6e6669674d696e50756c69
:102ca00073654c656e6774682063616e6e6f742027
:102cb000626520696e7465727072657465642c203b
:102cc00043414e49443a00436f6e66696750756ce4
:102cd000736546696c7465722063616e6e6f7420f3
:102ce000626520696e7465727072657465642c200b
:102cf00043414e49443a00496e666f5265717565ad
:102d000073742063616e6e6f7420626520696e74e7
:102d100065727072657465642c2043414e49443a73
:102d2000004457535465737452657175657374200c
:102d300063616e6e6f7420626520696e7465727077
:102d400072657465642c2043414e49443a0000008a
:102d500043414e2d5852696e674275666665722012
:102d6000efbfbd6265726c6175662066efbfbd72b4
:102d70002049443a2000636f6d5f5843616e5f7273
:102d8000656d6f76654578706972656443616e4df7
:102d900073677346726f6d58566563746f72206dfa
:102da00073673a006375727254696d655374616d2f
:102db000702d78456c656d656e742d3e74696d651a
:102dc0005374616d70203d20005350492d58526955
:102dd0006e6742756666657220efbfbd6265726c94
:102de0006175662066efbfbd722049443a200063da
:102df0006f6d5f5843616e5f72656d6f7665457884
:102e000070697265645370694d73677346726f6d54
:102e100058566563746f72206d73673a00636f6d07
:102e20005f5843616e5f72656d6f76654f62736f59
:102e30006c6574654d73677346726f6d5856656344
:102e4000746f723a2063616e207369646520434138
:102e50004e2d49443a00636f6d5f5843616e5f7257
:102e6000656d6f76654f62736f6c6574654d7367e2
:102e70007346726f6d58566563746f72206d736719
:102e80003a00636f6d5f5843616e5f72656d6f7678
:102e9000654f62736f6c6574654d73677346726fcf
:102ea0006d58566563746f723a2073706920736948
:102eb00064652043414e2d49443a0073796e63683e
:102ec0006564206d736700494e5f43414e5f556ee8
:102ed0006b6e6f776e5f4d7367547970653a200043
:102ee000636f6d58636f6d5f73796e6343616e4d91
:102ef000736773206572726f7200636f6d58636fd2
:102f00006d5f706572666f726d436865636b496e65
:102f10007465726e616c416370446174613a206dd6
:102f200069736d617463686564206f636375706154
:102f30006e637900636f6d58636f6d5f7065726665
:102f40006f726d436865636b496e7465726e616c18
:102f5000416370446174613a206d69736d6174639b
:102f60006865642069734163704469737475726243
:102f7000656400636f6d58636f6d5f706572666f37
:102f8000726d436865636b496e7465726e616c4106
:102f90006370446174613a206d69736d6174636834
:102fa000656420646972656374696f6e00636f6d38
:102fb00058636f6d5f706572666f726d43686563ad
:102fc0006b496e7465726e616c41637044617461cb
:102fd0003a206d69736d6174636865642061786c13
:102fe0006520636f756e74657200636f6d58636ff3
:102ff0006d5f706572666f726d436865636b496e75
:103000007465726e616c416370446174613a206de5
:1030100069736d6174636865642073706353797359
:103020003100636f6d58636f6d5f706572666f72ac
:103030006d436865636b496e7465726e616c416364
:1030400070446174613a206d69736d617463686581
:1030500064207370635379733200636f6d58636fcc
:103060006d5f706572666f726d436865636b496e04
:103070007465726e616c416370446174613a206d75
:1030800069736d617463686564206572726f7263e1
:103090006e742e206f776e206d61736b3a00207016
:1030a0006565723a00636f6d58636f6d5f7065722e
:1030b000666f726d436865636b496e7465726e61ad
:1030c0006c416370446174613a206d69736d617421
:1030d0006368656420776865656c506173735469d3
:1030e0006d657374616d700057726f6e67207061eb
:1030f000636b657420747970652e20526563656911
:1031000076656420004d69736d61746368696e67ec
:1031100020686561646572204352432e20457870b3
:10312000656374656420002c20726563656976654b
:1031300064200053657175656e6365206572726ffa
:10314000722c206578706563746564200053657126
:1031500075656e636520726573796e6320746f3a6e
:103160002000000043416e305f5258305f49525199
:1031700048616e646c657220286669666f206c6faa
:103180007374206d657373616765206269742900cb
:1031900043414e315f5343455f49525148616e642c
:1031a0006c657220284572726f72205761726e6969
:1031b0006e6720466c6167290043414e315f53437f
:1031c000455f49525148616e646c657220284572b2
:1031d000726f72205061737369766520466c616707
:1031e000290043414e315f5343455f495251486185
:1031f0006e646c657220284275732d4f666620469a
:103200006c6167290043414e205472616e736d6991
:1032100074204275666665722046756c6c0000000d
:103220005350492053594e205472616e736d697327
:1032300073696f6e2054696d656f757400535049e2
:103240002053594e2050726f636573732054696d1b
:10325000656f757400535049205472616e736d69c7
:103260007373696f6e20536c61766520537461745b
:1032700075732054696d656f7574005350492054ff
:1032800072616e736d697373696f6e20496e7465d8
:1032900072727570742054696d656f757400535047
:1032a00049205472616e736d697373696f6e205437
:1032b000696d656f757400004e6577204d617820eb
:1032c0004350552074696d653a200000636f6e6647
:1032d000696775726174696f6e4164647265737356
:1032e000203a2000636f6e66696775726174696f5a
:1032f0006e5265636f72642e636f6e6669674164b8
:103300006472657373203a2000496e636f72726550
:1033100063742064616d70696e672066696c7465a2
:10332000722076616c7565732000496e636f7272ee
:10333000656374206e6f6973652066696c7465726d
:103340002076616c7565732000496e636f727265db
:103350006374206d696e696d756d2070756c736531
:10336000206475726174696f6e2000496e636f72bc
:10337000726563742070756c736520657874656e12
:1033800073696f6e2074696d652000496e636f729a
:10339000726563742048696768207370656564208e
:1033a00063726f7373696e672074696d652000497d
:1033b0006e636f727265637420636f756e74696e8d
:1033c0006720646972656374696f6e2074797065d3
:1033d00020004e6f20476c6f62616c436f6e6669b0
:1033e000674372632073657400000000496e69745e
:1033f0002066756e6374696f6e20656e74657265a4
:103400006400464c4153482076616c7565732061b9
:103410007661696c61626c6500636c617373203105
:1034200061206572726f72207265706f727465646c
:103430003a2000636c6173732032206572726f7280
:10344000207265706f727465643a2000636c6173fa
:1034500073203220636f756e746572207368616cbf
:103460006c2062652064656372656d656e74656469
:1034700000706c666d4661756c745f73657453742f
:10348000617475736461746162617365436f7272b4
:103490007570746564466c6167282920656e746573
:1034a000726564007065657220316120636f756eae
:1034b0007465722067726561746572206f776e2023
:1034c000316120636f756e746572006f776e436c47
:1034d00061737331614572726f72436f756e74659b
:1034e000723a200070656572436c61737331614597
:1034f00072726f72436f756e7465723a20007065f8
:103500006572203220636f756e7465722067726514
:1035100061746572206f776e203220636f756e74f0
:103520006572006f776e436c617373324572726fb0
:1035300072436f756e7465723a20007065657243f0
:103540006c617373324572726f72436f756e74651e
:10355000723a20000000000000000000696e6372f3
:10356000656d656e743a20636c617373203220461a
:103570004c41534820626c6f636b206572617365c8
:10358000640064656372656d656e743a20636c6196
:103590007373203220464c41534820626c6f636b3a
:1035a00020657261736564006e657720636c61737a
:1035b00073203220636f756e7465723a2000436c1d
:1035c000617373324661756c7420696e61637469ee
:1035d000766520666c61736820706167652065722e
:1035e0006173656400496e636f6e73697374656eb1
:1035f0007420436c617373324661756c742066721b
:10360000656541646472207265636f766572656496
:1036100000496e636f6e73697374656e7420436cda
:10362000617373324661756c742073746f72436e8c
:103630007472207265636f766572656400000000c5
:10364000436f6e74726f6c6c65722d4368616e6e41
:10365000656c3a20006f7074696d653a2000436fa5
:103660006c6453746172747320413a2000436f6c30
:103670006453746172747320423a20005761726d12
:1036800053746172747320413a20005761726d5314
:10369000746172747320423a2000706c666d5379c5
:1036a0007374656d5f6c65617665436f6e6669679f
:1036b00075726174696f6e4d6f6465526571756581
:1036c000737465643a2063616c63756c61746564de
:1036d00020636865636b73756d3a200046616c7397
:1036e0006368657220436f6e6669672d43524300bd
:1036f000706c666d53797374656d5f6c656176652a
:10370000436f6e66696775726174696f6e4d6f6441
:10371000655265717565737465643a20636f6e6692
:103720006967206e6f7420706c61757369626c6577
:10373000206f72206572726f7220696e20636f6ee7
:10374000666967206d65737361676573004e6577a1
:103750002073746174697374696373206461746144
:103760002073746f72652e00537461742041646419
:10377000726573732057726974653a200000000007
:103780006164647265737320696e76616c6964004c
:10379000636f6e6669672043524320696e76616c81
:1037a000696400636f6e666967206973206e6f7469
:1037b00020706c61757369626c6500002c00736524
:1037c0007420747261636520636f6d706f6e656ed7
:1037d00074207375636365656465643a20002c200a
:1037e00069734f6e3a002c2073657665726974793f
:1037f0003a00696e76616c69642074726163652059
:10380000636f6d706f6e656e743a006eef6e15fbd0
:103810001a00500594d4006f156fef7f956eef6e10
:1038200015fb1a01500582d4006f156fef7f956e5e
:10383000ef6e15fb1a02500570d4006f156fef7f05
:10384000956eef6e15fb1a0350055ed4006f156f71
:10385000ef7f956eef6e15fb1a0450054cd4006f88
:10386000156fef7f956eef6e15fb1a0550053ad474
:10387000006f156fef7f957f967f956eef6e15fb4e
:103880001a07500524d4006f156fef7f956eef6e09
:1038900015fb1a08500512d4006f156fef7f956e57
:1038a000ef6e15fb1a09500500d4006f156fef7ffe
:1038b000956eef6e15fb1a0a5005eed3006f156f6b
:1038c000ef7f956eef6e15fb1a0b5005dcd3006f82
:1038d000156fef7f956eef6e15fb1a0c5005cad36e
:1038e000006f156fef7f956eef6e15fb1a0d50058b
:1038f000b8d3006f156fef7f956eef6e15fb1a0e44
:103900005005a6d3006f156fef7f956eef6e15fb18
:103910001a0f500594d3006f156fef7f956eef6e01
:1039200015fb1a10500582d3006f156fef7f956e4f
:10393000ef6e15fb1a11500570d3006f156fef7ff6
:10394000956eef6e15fb1a1250055ed3006f156f62
:10395000ef7f956eef6e15fb1a1350054cd3006f79
:10396000156fef7f956eef6e15fb1a1450053ad365
:10397000006f156fef7f956eef6e15fb1a155005f2
:1039800028d3006f156fef7f956eef6e15fb1a163b
:10399000500516d3006f156fef7f956eef6e15fb18
:1039a0001a17500504d3006f156fef7f956eef6ef9
:1039b00015fb1a185005f2d2006f156fef7f956e48
:1039c000ef6e15fb1a195005e0d2006f156fef7fef
:1039d000956eef6e15fb1a1a5005ced2006f156f5b
:1039e000ef7f956eef6e15fb1a1b5005bcd2006f72
:1039f000156fef7f956eef6e15fb1a1c5005aad25e
:103a0000006f156fef7f956eef6e15fb1a1d500559
:103a100098d2006f156fef7f956eef6e15fb1a1e33
:103a2000500586d2006f156fef7f956eef6e15fb18
:103a30001a1f500574d2006f156fef7f956eef6ef1
:103a400015fb1a20500562d2006f156fef7f956e3f
:103a5000ef6e15fb1a21500550d2006f156fef7fe6
:103a6000956eef6e15fb1a2250053ed2006f156f52
:103a7000ef7f956eef6e15fb1a2350052cd2006f69
:103a8000156fef7f956eef6e15fb1a2450051ad255
:103a9000006f156fef7f956eef6e15fb1a255005c1
:103aa00008d2006f156fef7f956eef6e15fb1a262b
:103ab0005005f6d1006f156fef7f956eef6e15fb19
:103ac0001a275005e4d1006f156fef7f956eef6eea
:103ad00015fb1a285005d2d1006f156fef7f956e38
:103ae000ef6e15fb1a295005c0d1006f156fef7fdf
:103af000956eef6e15fb1a2a5005aed1006f156f4b
:103b0000ef7f956eef6e150599a2006f156fef7f31
:103b1000957f956eef6e15fb1a2d50058cd1006fb9
:103b2000156fef7f956eef6e15fb1a2e50057ad14b
:103b3000006f156fef7f956eef6e15fb1a2f500516
:103b400068d1006f156fef7f956eef6e15fb1a3021
:103b5000500556d1006f156fef7f956eef6e15fb18
:103b60001a31500544d1006f156fef7f956eef6edf
:103b700015fb1a32500532d1006f156fef7f956e2d
:103b8000ef6e15fb1a33500520d1006f156fef7fd4
:103b9000956eef6e15fb1a3450050ed1006f156f40
:103ba000ef7f956eef6e15fb1a355005fcd0006f58
:103bb000156fef7f956eef6e1505b88a006f156f64
:103bc000ef7f956eef6e15fb1a375005dcd0006f56
:103bd000156fef7f956eef6e15fb1a385005cad042
:103be000006f156fef7f956eef6e15fb1a3950055c
:103bf000b8d0006f156fef7f956eef6e15fb1a3a18
:103c00005005a6d0006f156fef7f956eef6e15fb18
:103c10001a3b500594d0006f156fef7f956eef6ed5
:103c200015fb1a3c500582d0006f156fef7f956e23
:103c3000ef6e15fb1a3d500570d0006f156fef7fca
:103c4000956eef6e150501b7006f156fef7f956ede
:103c5000ef6e15fb1a3f500550d0006f156fef7fc8
:103c6000956eef6e1505e9b6006f156fef7f956ed7
:103c7000ef6e15fb1a41500530d0006f156fef7fc6
:103c8000956eef6e15fb1a4250051ed0006f156f32
:103c9000ef7f956eef6e15fb1a4350050cd0006f49
:103ca000156fef7f956eef6e15fb1a445005facf36
:103cb000006f156fef7f956eef6e15fb1a4550057f
:103cc000e8cf006f156fef7f956eef6e15fb1a460c
:103cd0005005d6cf006f156fef7f956eef6e15fb19
:103ce0001a475005c4cf006f156fef7f956eef6eca
:103cf00015fb1a485005b2cf006f156fef7f956e18
:103d0000ef6e15fb1a495005a0cf006f156fef7fbe
:103d1000956eef6e15fb1a4a50058ecf006f156f2a
:103d2000ef7f956eef6e15fb1a4b50057ccf006f41
:103d3000156fef7f956eef6e15fb1a4c50056acf2d
:103d4000006f156fef7f956eef6e15fb1a4d5005e6
:103d500058cf006f156fef7f956eef6e15fb1a4e03
:103d6000500546cf006f156fef7f956eef6e15fb18
:103d70001a4f500534cf006f156fef7f956eef6ec1
:103d800015fb1a50500522cf006f156fef7f956e0f
:103d9000ef6e15fb1a51500510cf006f156fef7fb6
:103da000956eef6e15fb1a525005fece006f156f23
:103db000ef7f956eef6e15fb1a535005ecce006f3a
:103dc000156fef7f956eef6e15fb1a545005dace26
:103dd000006f156fef7f956eef6e15fb1a5550054e
:103de000c8ce006f156fef7f956eef6e15fb1a56fc
:103df0005005b6ce006f156fef7f956eef6e15fb19
:103e00001a575005a4ce006f156fef7f956eef6eb9
:103e100015fb1a58500592ce006f156fef7f956e07
:103e2000ef6e15fb1a59500580ce006f156fef7fae
:103e3000956eef6e15fb1a5a50056ece006f156f1a
:103e4000ef7f956eef6e15fb1a5b50055cce006f31
:103e5000156fef7f956eef6e15fb1a5c50054ace1d
:103e6000006f156fef7f956eef6e15fb1a5d5005b5
:103e700038ce006f156fef7f956eef6e15fb1a5ef3
:103e8000500526ce006f156fef7f956eef6e15fb18
:103e90001a5f500514ce006f156fef7f956eef6eb1
:103ea00015fb1a60500502ce006f156fef7f956eff
:103eb000ef6e15fb1a615005f0cd006f156fef7fa7
:103ec000956eef6e15fb1a625005decd006f156f13
:103ed000ef7f956eef6e15fb1a635005cccd006f2a
:103ee000156fef7f956eef6e15fb1a645005bacd16
:103ef000006f156fef7f956eef6e15051986006fd9
:103f0000156fef7f956eef6e15fb1a6650059acd13
:103f1000006f156fef7f956eef6e15fb1a675005fa
:103f200088cd006f156fef7f956eef6e1505b0862b
:103f3000006f156fef7f956eef6e15fb1a695005d8
:103f400068cd006f156fef7f956eef6e15fb1a6ae7
:103f5000500556cd006f156fef7f956eef6e15fb18
:103f60001a6b500544cd006f156fef7f956eef6ea5
:103f700015fb1a6c500532cd006f156fef7f956ef3
:103f8000ef6e15fb1a6d500520cd006f156fef7f9a
:103f9000956eef6e15fb1a6e50050ecd006f156f06
:103fa000ef7f956eef6e15fb1a6f5005fccc006f1e
:103fb000156fef7f956eef6e15fb1a705005eacc0a
:103fc000006f156fef7f956eef6e15fb1a71500540
:103fd000d8cc006f156fef7f956eef6e15fb1a72e0
:103fe0005005c6cc006f156fef7f956eef6e15fb19
:103ff0001a735005b4cc006f156fef7f956eef6e9e
:1040000015fb1a745005a2cc006f156fef7f956eeb
:10401000ef6e15fb1a75500590cc006f156fef7f92
:10402000956eef6e15fb1a7650057ecc006f156ffe
:10403000ef7f956eef6e15fb1a7750056ccc006f15
:10404000156fef7f956eef6e15fb1a7850055acc01
:10405000006f156fef7f956eef6e15fb1a795005a7
:1040600048cc006f156fef7f956eef6e15fb1a7ad7
:10407000500536cc006f156fef7f956eef6e15fb18
:104080001a7b500524cc006f156fef7f956eef6e95
:1040900015fb1a7c500512cc006f156fef7f956ee3
:1040a000ef6e15fb1a7d500500cc006f156fef7f8a
:1040b000956eef6e15fb1a7e5005eecb006f156ff7
:1040c000ef7f956eef6e15fb1a7f5005dccb006f0e
:1040d000156fef7f956eef6e15fb1a805005cacbfa
:1040e000006f156fef7f956eef6e15fb1a8150050f
:1040f000b8cb006f156fef7f956eef6e15fb1a82d0
:104100005005a6cb006f156fef7f956eef6e15fb18
:104110001a83500594cb006f156fef7f956eef6e8d
:1041200015fb1a84500582cb006f156fef7f956edb
:10413000ef6e15fb1a85500570cb006f156fef7f82
:10414000956eef6e15fb1a8650055ecb006f156fee
:10415000ef7f956eef6e15fb1a8750054ccb006f05
:10416000156fef7f956eef6e15fb1a8850053acbf1
:10417000006f156fef7f956eef6e15fb1a89500576
:1041800028cb006f156fef7f956eef6e15fb1a8ac7
:10419000500516cb006f156fef7f956eef6e15fb18
:1041a0001a8b500504cb006f156fef7f956eef6e85
:1041b00015fb1a8c5005f2ca006f156fef7f956ed4
:1041c000ef6e15fb1a8d5005e0ca006f156fef7f7b
:1041d000956eef6e15fb1a8e5005ceca006f156fe7
:1041e000ef7f956eef6e15fb1a8f5005bcca006ffe
:1041f000156fef7f956eef6e15fb1a905005aacaea
:10420000006f156fef7f956eef6e15fb1a915005dd
:1042100098ca006f156fef7f956eef6e15fb1a92bf
:10422000500586ca006f156fef7f956eef6e15fb18
:104230001a93500574ca006f156fef7f956eef6e7d
:1042400015fb1a94500562ca006f156fef7f956ecb
:10425000ef6e15fb1a95500550ca006f156fef7f72
:10426000956eef6e15fb1a9650053eca006f156fde
:10427000ef7f956eef6e15fb1a9750052cca006ff5
:10428000156fef7f956eef6e15fb1a9850051acae1
:10429000006f156fef7f956eef6e15fb1a99500545
:1042a00008ca006f156fef7f956eef6e15fb1a9ab7
:1042b0005005f6c9006f156fef7f956eef6e15fb19
:1042c0001a9b5005e4c9006f156fef7f956eef6e76
:1042d00015fb1a9c5005d2c9006f156fef7f956ec4
:1042e000ef6e15fb1a9d5005c0c9006f156fef7f6b
:1042f000956eef6e15fb1a9e5005aec9006f156fd7
:10430000ef7f956eef6e15fb1a9f50059cc9006fed
:10431000156fef7f956eef6e15fb1aa050058ac9d9
:10432000006f156fef7f956eef6e15fb1aa15005ac
:1043300078c9006f156fef7f956eef6e1505bda400
:10434000006f156fef7f956eef6e15fb1aa350058a
:1043500058c9006f156fef7f956eef6e15fb1aa4ad
:10436000500546c9006f156fef7f95027100f0a0f0
:10437000896831a081a8896471a009a8817311009e
:104380007208e301a809ec02fc6021670460c0a088
:1043900081fbe2ace100000688e1fbe29caf00009b
:1043a00072ee000447e12507f806ff2e18fbe2ac89
:1043b000e10000e0e0fbe2ace10000ecef06890f79
:1043c00002e3efec01a00967036612fb1a0507057b
:1043d00008a3006602fb1a05070514a1006602fb8c
:1043e0001a05070524a3006612fb1a040705eaa2b2
:1043f000006602fb1a040705f6a0006602fb1a0419
:10440000070506a3006612fb1a030705cca2006687
:1044100002fb1a030705d8a0006602fb1a03070572
:10442000e8a2006612fb1a020705aea2006602fbb4
:104430001a020705baa0006602fb1a020705caa203
:10444000006612fb1a00070590a2006602fb1a0024
:1044500007059ca0006602fb1a000705aca20066d7
:1044600012fb1a06070572a2006602fb1a06070570
:104470007ea0006602fb1a0607058ea200026040bd
:104480003d0100fbe2e950000058ee610e3a2c01bc
:10449000fbe2eb50000058ee610e202bfbe2eb50ec
:1044a0000000f8e400fbe2ef500000f8e400fbe25b
:1044b000ef50000058eefbf2200bf0fffe6ef1050e
:1044c000dba400670105c3de0061011805ae27000b
:1044d00090090f05b627009009fbe2ef5000005845
:1044e000eefbf2200bf0fffe6efeecff47efb8098b
:1044f0002025fbe27caf000006c4e12b22fbe2eeac
:10450000500000fbf2ef500000c0fefbe27caf0069
:1045100000d10e0109fbe27caf0000d3e1fbe2ef2a
:1045200050000058ee755e282425fbe2ef50000095
:1045300058ef621fc3effbe2ef50000058eefbf2b2
:10454000200bf0fffe6ef10553a4006701fbe2eec5
:1045500050000058ee610e200efbe2ee50000058b5
:10456000ef601fc3effbe2ee50000058eefbf220bd
:104570000bf0fffe6ef10524a400fbe2ee500000fc
:1045800058e105f0fc0005c5fa00fbe2e950000027
:10459000f8e400fbe2eb500000f8e401fbe2ef502e
:1045a0000000f8e400fbe27caf0000f8e500fbe26d
:1045b000ee500000f8e4006701670160403d010033
:1045c000fbe2ea50000058ee610e3ad200fbe2ec4a
:1045d00050000058ee610e2021fbe2ec500000f884
:1045e000e400fbe2ed500000f8e400fbe2ed5000d7
:1045f0000058e139ab0067010590dd006101180545
:104600007b260090090f058326009009fbe2ed5000
:10461000000058ee610eb8092027fbe27eaf0000d3
:1046200006c4e12b24fbe2ed50000058eefbf2b093
:10463000e10000e3fefbe27eaf0000d10e0109fbca
:10464000e27eaf0000d3e1fbe2ed50000058ee75d2
:104650005e1e241bfbe2ed50000058ef621fc3ef0b
:10466000fbe2ed50000058e13936006701fbe2ea59
:10467000500000f8e400fbe2ec500000f8e401fb1d
:10468000e2b0e1000058e1391700fbe2b0e10000c0
:104690005ce10524fc0005b5f90067016701608055
:1046a0008189b189755120230b75413005fbc50007
:1046b0006702f500071df806010cf80600ec02fb86
:1046c0001a05070544a000f501071df806010cf8be
:1046d0000600ec02fb1a0407052fa000f502071dd7
:1046e000f806010cf80600ec02fb1a0307051aa0f5
:1046f00000f503071df806010cf80600ec02fb1a92
:1047000002070505a000f504071df806010cf806d0
:1047100000ec02fb1a000705f09f00b18961011d42
:10472000f806000cf80601ec02fb1a060705da9ff2
:1047300000670260808189fbe2200bf0ffb189fef7
:1047400061e1e30167026040fbe2e9500000c4e080
:1047500003b089670160408089fbe2e9500000c333
:10476000e167016040fbe2ea500000c4e003b08969
:10477000670160408089fbe2ea500000c3e1670105
:1047800060c0a0817601c20a2407f806002e23a883
:10479000817601ec232308f80a401f2e15a88176a4
:1047a00011401f701140b2affefd78912819e3014e
:1047b000ec017601411f2306f80a401fec019089a5
:1047c000b8896703052aaf00055eab000260409020
:1047d00009b80939adffd3015c010521b1006701ba
:1047e0006040fbe2f4b30000f8e4003c03002e2636
:1047f000b0896c31fb22f4b300004b123e210db0a6
:10480000896c31fb22f4b300004b123e2202b089c6
:1048100062118089b08975511a23d767016080a021
:1048200009e302fbe2f4b3000058ee755e1a230ab6
:1048300066610575c4006702a80961d1290a66711d
:104840000567c4006702ec016121290a66810559e8
:10485000c4006702fb12f4b30000581e6c3e4be12b
:10486000e40102fb12f4b30000581e6c3e4be1e57c
:10487000010101fbe2f4b3000058ef621fc3ef67d0
:10488000026080a00961011966c1051dc4006702ac
:10489000fbe2f4b3000058eea809441e116691052e
:1048a00008c4006702fbe2f4b3000058ee755e1b1b
:1048b000230b75411005f2c30067023c03003893d7
:1048c00000b0896c31fb22f4b300004b12a8a206a1
:1048d00089010106851202202fb0897100f0a081a4
:1048e0003c0c013c05003c0401f8060075441bfb30
:1048f00032b428f0ff6612660105d30d0171001075
:1049000066a105a5c300b0896c31fb22f4b3000099
:104910004b12a82a0689010106851201202fb089b1
:104920007100f0a0813c0c013c05003c0401f8063c
:1049300000754417fb32d028f0ff66126601058e21
:104940000d0171001066b10560c300b0896211806d
:1049500089fbe2f4b30000b08944e128053864ff24
:104960006702fbe2b0b30000f8e600fb12b0b30050
:10497000003d1200fb12b0b30000626166c3660224
:104980000537e300fb12b0b300003c9200fbe29c51
:10499000b30000f8e600fb129cb300003d12fffbe1
:1049a000129cb30000626166c36602050ce300fb63
:1049b000129cb300003c920005b1d800052de30025
:1049c0000535de00661105a5e60005e7c0000266b4
:1049d0000266c1394afefbe2f050000058ee610e5b
:1049e0001a0544d6000562d7000afbe2f050000029
:1049f000f8e400661266c13926fe027100d8a209e9
:104a00003d810005cac5009209ba096101201b66f3
:104a10000105cac500a009a082a08be5000105d54b
:104a200000040ce50003070c3d0c00fbe6f006a1ba
:104a30000c0e091766510571c200aa0961011875ab
:104a400041140565c200aa096441614110aa0964c4
:104a50008161811df806010cf80600ec016101205e
:104a6000300527d9006101211605fcdc009409bc42
:104a70000962119409bc0905fedc002e140530dd25
:104a8000009409bc0962119409bc090532dd00aa31
:104a90000964116111213005f1d800610121160569
:104aa000eadc009409bc0962119409bc0905ecdc3c
:104ab000002e14051edd009409bc0962119409bc86
:104ac000090520dd00bb016141213005bdd8006131
:104ad00001211605b6dc009409bc0962119409bcd9
:104ae0000905b8dc002e1405eadc009409bc096253
:104af000119409bc0905ecdc00aa0964f1612119d3
:104b0000664105a5c100670a670a60403c03013c95
:104b100002023c030166110596020161011c3c037f
:104b2000006611053bfe0061011c3c030066110597
:104b3000d1ff0061011c3c03006611055e010161ab
:104b4000011c3c03006611057e030161011c3c034e
:104b500000b0816101212bb0896101212b7100f02e
:104b60006601a08181098101e3013c0c0175441caf
:104b7000fb32e828f0ff661205540b017100100f9c
:104b8000b08160118081b089610120886701026075
:104b9000803c07003c06003c0500fb129cb3000073
:104ba00005a5e100fb12c4b30000054ce100fb3a8f
:104bb0008813fb22b4e100006611051a5c00610154
:104bc0002119fbe2b4e10000ecee611e1e3c07017e
:104bd0002e0f66810524c0000f6611051dc000b1af
:104be00089610115f806000cf80601ec016101214c
:104bf000bf754364fb229cb30000fb12b0b30000fe
:104c000005435c0061012123b1816101143c050170
:104c1000fb12b0b30000b491610120153c0601fb0a
:104c2000129cb300003c92010f66210561bf007524
:104c30004364fb22c4b30000fb12dcb30000057b1d
:104c40005c006101211dfb12dcb30000b491610125
:104c5000143c0601fb12c4b300003c92013c050168
:104c6000087541130528bf00b181610116b10961c2
:104c7000011df806010cf80600ec0161013b31ff53
:104c8000fb22b0b30000fb129cb30000058ae200d7
:104c9000fbe2dcb3000058e105e3f700fb12dcb3f4
:104ca0000000ba1105eff700fb12dcb30000b819e1
:104cb00005fbf700fb12dcb30000b8990507f8000c
:104cc000fb12dcb30000b89105d3f800fb12dcb393
:104cd0000000b91105dff800fb12dcb30000b919c0
:104ce000051bf900670260803c07003c06003c059c
:104cf00000fb129cb3000005c0e000fb12c4b3002f
:104d00000005f5df00fb3a8813fb22b8e1000066de
:104d10001105c35a0061012119fbe2b8e10000ec62
:104d2000ee611e1e3c07012e0f667105cdbe000f01
:104d3000661105c6be00b189610115f806000cf8c0
:104d40000601ec01610121bf754364fb229cb300a5
:104d500000fb12b0b3000005ec5a006101211dfbfd
:104d600012b0b30000b4916101143c0601fb129c27
:104d7000b300003c92013c05010f66410510be00e6
:104d8000754364fb22c4b30000fb12dcb3000005d2
:104d90002a5b006101211dfb12dcb30000b49161ac
:104da00001143c0601fb12c4b300003c92013c0517
:104db000010875411505d7bd00b181610116b10922
:104dc00061011df806010cf80600ec0161013b379a
:104dd000fffb22b0b30000fb129cb300000590e182
:104de00000fbe2dcb3000058e10592f600fb12dca8
:104df000b30000ba11059ef600fb12dcb30000b848
:104e00001905aaf600fb12dcb30000b89905b6f646
:104e100000fb12dcb30000b8910582f700fb12dc46
:104e2000b30000b911058ef700fb12dcb30000b926
:104e30001905caf70067027100d0f9042300f904cc
:104e400022003e0700661105026e000598f9000574
:104e5000c4e700a1890536e80061011aa98961113a
:104e60001d3e06010c3e0600a9816101202671004d
:104e7000f06601a08181098101e3013c0c017544c8
:104e800010fb320529f0ff6612054308017100107e
:104e90002e247100f06601a08181098101e3013cab
:104ea0000c01754414fb321629f0ff6612051f0829
:104eb0000171001005d7e7007100f06612830281ce
:104ec0000a8102a081f80600754417fb322b29f0f5
:104ed000ff660105f90701710010054b1300056815
:104ee000310005c21b0005e3f4ff05d6030105d61a
:104ef000f8ff05ba58002e1805ebf8000517e70073
:104f0000a189a989612110754117059dbd006040e7
:104f1000f80400fb4e50c30071032771022666118e
:104f200005598a0062406101153e06000c3e0601eb
:104f3000a981610121c4051ec100a089a102a10ba4
:104f4000a902a889fb4a701705a15b00e301a00a2a
:104f5000a083e40009d5000214e500020baa8baa85
:104f600082aa09050ebf00057a5500055cf100050f
:104f700019d40061011e3919fc2e13050dd40061ee
:104f8000111d3964fd0f6631051fbd00666105bc4a
:104f9000e20005561d00670c7ea660403d0100053d
:104fa0009ce0006141106601ef123973f805d79b50
:104fb00000fbe2c0e100000680e1fbe2c8b40000b3
:104fc000e3e1fbe2c8b40000ece105e4a10005baae
:104fd000d30061012168fbe2f150000058ee610e40
:104fe0002019fbe2f1500000f8e40005c1d300fbfa
:104ff000e2bce10000e3e12e45051ee7009009fb5d
:10500000e2bce10000ece605a5d300476120207575
:10501000411d057abb00b809ef1e648e57e1900967
:10502000058cd300fbe2bce10000e3e10ab809779c
:1050300021f7ff009009b809050fe700056101019c
:10504000610120fa054c0201610120fa05761a007f
:1050500005f51c000534d3006101211d0550d30066
:10506000fbe2bce100000684e120f30541d300fb34
:10507000e2bce10000e3e1050d9b00fb32c0e10072
:1050800000a03ae33166c10599d60005681a00050b
:10509000771c0005ad1d00058b1a00058bff000570
:1050a0001f000105a8d3000502d4000590df0061b0
:1050b00041200c661266013966f73f66023f6602c0
:1050c0007ea66040660266113955f70570df0066fe
:1050d000a3fb22c8e1000005fd5600e301ec0161dd
:1050e00001211afbe2c8e10000ece60550df0047b1
:1050f00061202066d105b2bb002e18ec0161111fa2
:105100000546d3002e0dec0161211766f1059abb0f
:10511000006611ef123908f73f6602660266213910
:10512000fef60519df0061311d05061300661266e3
:105130002139ecf6026602663139e4f66601050ba8
:105140006b00661105056b006612663139d1f602f7
:105150006602664139c9f666010554fc0066010520
:10516000fff7006601059bf9006601052efb00664e
:10517000010554fd006612664139a4f60266026616
:1051800051399cf605ecf400661266513991f6022d
:10519000660266613989f605e4b80066126661390f
:1051a0007ef602660266713976f6055115006612c2
:1051b0006671396bf602660266813963f6664105ef
:1051c000715700661266813956f602660266913999
:1051d0004ef605252f006681059f5800051f2f00fc
:1051e000661266913939f602660266a13931f60512
:1051f000102f00661266a13926f602660266b139e2
:105200001ef6058aba00661266b13913f602053831
:10521000f5ff61111e0569f2ff020549f5ff6111f5
:105220001e059af3ff020562d10061011e3962f981
:105230002e140556d10061111d39adfa08754118bb
:105240000567ba0005bf2e0005fed100023993f5af
:105250003948fd396dfe3975ff39f7fe3921ff39bf
:1052600031ff39d3fe393eff394eff397dff39ad6d
:10527000fe398aff395bf7fb12c80bf0ff3904f6e1
:10528000023917fd398aff026040f80600663105d1
:10529000dcdd0005a8dd00fb3a8813ef0205375579
:1052a00000610121140596dd00068401201475417a
:1052b0001505f6b900670175411605edb9006701de
:1052c000670160c005bf1a0091093d04003d03005d
:1052d000fbe24a6000005cee61ae2308b90961910f
:1052e0002406f806010cf80600ec016101163d03e6
:1052f000012e79fbe24a6000005cee760ef54f2449
:105300000ab9097601f64f2306f806010cf80600e3
:10531000ec01610110f90903f64f2e50fbe24a60df
:1053200000005cee06c50e052b1ab909751164fb69
:10533000e24a60000006e009e1754264431291020e
:105340002e19fbe24a6000005cee751e6406e1095e
:105350000e0575416443e19101b90175513223088d
:10536000f90903f64f0dd5000503fbe2ccb40000ac
:10537000d50e0308670360803c0600fb12ccb40026
:1053800000b21161413bc100fbe2ccb4000059ee18
:1053900028611e2112fbe2ccb4000059ee29610ef7
:1053a0001df806010cf80600ec0161012012fbe279
:1053b000ccb4000059ee30611e1df806010cf80651
:1053c00000ec0161012012fbe2ccb4000059ee3187
:1053d000611e1df806010cf80600ec0161012012a7
:1053e000fbe2ccb4000059ee38610e1df806010c4a
:1053f000f80600ec0161012012fbe2ccb400005978
:10540000ee39611e1df806010cf80600ec01610181
:105410002012fbe2ccb4000059ee40610e1df806ec
:10542000010cf80600ec0161012012fbe2ccb40093
:105430000059ee41610e1df806010cf80600ec0162
:105440006101143c0601c5000607b189670260804e
:105450003c0600fb12ccb40000b21161413bc1001c
:10546000fbe2ccb4000059ee28610e2112fbe2cc25
:10547000b4000059ee29611e1df806010cf8060063
:10548000ec0161012012fbe2ccb4000059ee306166
:105490001e1df806010cf80600ec0161012012fb4c
:1054a000e2ccb4000059ee31611e1df806010cf883
:1054b0000600ec0161012012fbe2ccb4000059eec1
:1054c00038611e1df806010cf80600ec0161012090
:1054d00012fbe2ccb4000059ee39610e1df8060152
:1054e0000cf80600ec0161012012fbe2ccb40000d4
:1054f00059ee40610e1df806010cf80600ec016142
:10550000012012fbe2ccb4000059ee41610e1df8ff
:1055100006010cf80600ec016101143c0601c5000f
:105520000607b189670260803c0600fb12ccb4001c
:1055300000b2116121215cfbe2ccb4000059ee28dd
:10554000611e2112fbe2ccb4000059ee29610e1d50
:10555000f806010cf80600ec0161012012fbe2cc18
:10556000b4000059ee30610e1df806010cf806007b
:10557000ec0161012012fbe2ccb4000059ee316174
:105580000e1df806010cf80600ec016101143c0642
:1055900001c5000607b189670260803c0600fb1266
:1055a000ccb40000b2116121215cfbe2ccb400005c
:1055b00059ee28610e2112fbe2ccb4000059ee290d
:1055c000611e1df806010cf80600ec0161012012b5
:1055d000fbe2ccb4000059ee30610e1df806010c60
:1055e000f80600ec0161012012fbe2ccb400005986
:1055f000ee31610e1df806010cf80600ec016101a8
:10560000143c0601c5000607b189670260803c06ac
:1056100000fb12ccb40000b21161413bc100fbe2bf
:10562000ccb4000059ee28611e2112fbe2ccb4007c
:105630000059ee29610e1df806010cf80600ec0178
:1056400061012012fbe2ccb4000059ee30611e1d56
:10565000f806010cf80600ec0161012012fbe2cc17
:10566000b4000059ee31611e1df806010cf8060069
:10567000ec0161012012fbe2ccb4000059ee38616c
:105680001e1df806010cf80600ec0161012012fb5a
:10569000e2ccb4000059ee39610e1df806010cf899
:1056a0000600ec0161012012fbe2ccb4000059eecf
:1056b00040610e1df806010cf80600ec01610120a6
:1056c00012fbe2ccb4000059ee41610e1df8060158
:1056d0000cf80600ec016101143c0601c500060748
:1056e000b189670260803c0600fb12ccb40000b2b6
:1056f0001161413bc100fbe2ccb4000059ee2861ce
:105700000e2112fbe2ccb4000059ee29611e1df8f7
:1057100006010cf80600ec0161012012fbe2ccb49a
:10572000000059ee30611e1df806010cf80600ec71
:105730000161012012fbe2ccb4000059ee31611e80
:105740001df806010cf80600ec0161012012fbe2d5
:10575000ccb4000059ee38610e1df806010cf806b5
:1057600000ec0161012012fbe2ccb4000059ee39db
:10577000611e1df806010cf80600ec016101201203
:10578000fbe2ccb4000059ee40610e1df806010c9e
:10579000f80600ec0161012012fbe2ccb4000059d4
:1057a000ee41610e1df806010cf80600ec016101e6
:1057b000143c0601c5000607b189670260803c06fb
:1057c00000fb12ccb40000b2116111212afbe2cc23
:1057d000b4000059ee28611e2112fbe2ccb4000097
:1057e00059ee29611e1df806010cf80600ec016156
:1057f00001143c0601c5000607b189670260803cc0
:105800000600fb12ccb40000b2116121215cfbe266
:10581000ccb4000059ee28611e2112fbe2ccb4008a
:105820000059ee29610e1df806010cf80600ec0186
:1058300061012012fbe2ccb4000059ee30610e1d74
:10584000f806010cf80600ec0161012012fbe2cc25
:10585000b4000059ee31611e1df806010cf8060077
:10586000ec016101143c0601c5000607b18967021d
:1058700060803c0600fb12ccb40000b21161212113
:105880005cfbe2ccb4000059ee28610e2112fbe271
:10589000ccb4000059ee29611e1df806010cf80673
:1058a00000ec0161012012fbe2ccb4000059ee30a3
:1058b000611e1df806010cf80600ec0161012012c2
:1058c000fbe2ccb4000059ee31610e1df806010c6c
:1058d000f80600ec016101143c0601c5000607b1a1
:1058e00089670260803c0600fb12ccb40000b21154
:1058f0006131215cfbe2ccb4000059ee30611e2125
:1059000012fbe2ccb4000059ee31611e1df8060115
:105910000cf80600ec0161012012fbe2ccb400009f
:1059200059ee38610e1df806010cf80600ec016115
:10593000012012fbe2ccb4000059ee39610e1df8d3
:1059400006010cf80600ec016101143c0601c500db
:105950000607b189670260c03c0a00fb12ccb400a4
:1059600000b21161213b1301fb12ccb40000ab1a51
:105970000681120ba00aa80961312505383203fb04
:10598000e2ccb4000059ee28611e2112fbe2ccb437
:10599000000059ee29610e1df806010cf80600ec16
:1059a0000161012012fbe2ccb4000059ee30611e0f
:1059b0001df806010cf80600ec0161012012fbe263
:1059c000ccb4000059ee31611e1df806010cf8063a
:1059d00000ec01610120263c0a01fbe2ccb400008e
:1059e000f8e401fb12ccb40000b29262128292fb86
:1059f00012ccb400003c1c0138b602fbe2ccb4006f
:105a00000059ee28610e2112fbe2ccb4000059eee1
:105a100029611e1df806010cf80600ec0161012049
:105a200012fbe2ccb4000059ee30611e1df80601f5
:105a30000cf80600ec0161012012fbe2ccb400007e
:105a400059ee31611e1df806010cf80600ec0161eb
:105a5000013a5d023c0a01fbe2ccb40000f8e4012b
:105a6000fb12ccb40000b29262128292fb12ccb450
:105a700000003c1c01383902fb12ccb40000b2110a
:105a800061313b1301fb12ccb40000ab9a068112ca
:105a90000da00aa80961312505381502fbe2ccb436
:105aa000000059ee30611e2112fbe2ccb400005917
:105ab000ee31610e1df806010cf80600ec016101e3
:105ac0002012fbe2ccb4000059ee38610e1df8063e
:105ad000010cf80600ec0161012012fbe2ccb400dd
:105ae0000059ee39610e1df806010cf80600ec01b4
:105af000610120263c0a01fbe2ccb40000f8e4017d
:105b0000fb12ccb40000b29262128292fb12ccb4af
:105b100000003c1c01389901fbe2ccb4000059eeb6
:105b200030610e2112fbe2ccb4000059ee31611e4f
:105b30001df806010cf80600ec0161012012fbe2e1
:105b4000ccb4000059ee38610e1df806010cf806c1
:105b500000ec0161012012fbe2ccb4000059ee39e7
:105b6000610e1df806010cf80600ec0161013a40d7
:105b7000013c0a01fbe2ccb40000f8e401fb12ccca
:105b8000b40000b29262128292fb12ccb400003ccc
:105b90001c01381c01fb12ccb40000b21161413b66
:105ba0000f01fb12ccb40000ac1a0681120fa00a40
:105bb000a8096131250538f800fbe2ccb400005992
:105bc000ee38611e2112fbe2ccb4000059ee3961bf
:105bd0000e1df806010cf80600ec0161012012fb15
:105be000e2ccb4000059ee40610e1df806010cf83d
:105bf0000600ec0161012012fbe2ccb4000059ee7a
:105c000041610e1df806010cf80600ec016101204f
:105c1000263c0a01fbe2ccb40000f8e401fb12cc04
:105c2000b40000b29262128292fb12ccb400003c2b
:105c30001c01387c00fbe2ccb4000059ee38610e48
:105c40002112fbe2ccb4000059ee39611e1df806aa
:105c5000010cf80600ec0161012012fbe2ccb4005b
:105c60000059ee40610e1df806010cf80600ec012b
:105c700061012012fbe2ccb4000059ee41610e1d1f
:105c8000f806010cf80600ec01610120233c0a0132
:105c9000fbe2ccb40000f8e401fb12ccb40000b28b
:105ca0009262128292fb12ccb400003c1c01c5002f
:105cb0000a0bb2896703fb12ccb40000b211614138
:105cc000230bfb12ccb400003c1800fb12ccb40038
:105cd00000b2126c324b12c5120428fb12ccb40075
:105ce00000b2126c324b12c5120529fb12ccb40063
:105cf00000b2126c324b12e512060bfb12ccb40050
:105d000000b21262128212027ea660409009f8046c
:105d100000fb12ccb40000b1116101b80e2148059e
:105d2000dfe50047162a35fb62ccb40000b1e16222
:105d30001181e1fb62ccb40000b1e60564a8004724
:105d400016296afb62ccb400003c6600fb62ccb44e
:105d500000003c6401f804012e53fb62ccb4000047
:105d60003c66002e480599e5007111324716233430
:105d7000fb12ccb40000b19262128192fb12ccb43f
:105d80000000b196051ba80047162921fb12ccb4d0
:105d900000003c1600fb12ccb400003c1400f804d8
:105da000010afb12ccb400003c1600fb12ccb4007c
:105db00000b11161111fb80905da1300c40001b068
:105dc000093f66027ea660409009f80400fb12ccf1
:105dd000b40000b1196101b80e21480553e5004730
:105de000162a35fb62ccb40000b1e9621181e9fbef
:105df00062ccb40000b1ee05a8a7004716296afbe3
:105e000062ccb400003c6700fb62ccb400003c658f
:105e100001f804012e53fb62ccb400003c67002e55
:105e200048050de50071113247162334fb12ccb43e
:105e30000000b19a6212819afb12ccb40000b19eac
:105e4000055fa70047162921fb12ccb400003c17c0
:105e500000fb12ccb400003c1500f804010afb1250
:105e6000ccb400003c1700fb12ccb40000b11961a7
:105e7000111fb80905851300c40001b0093f66026f
:105e8000fb12ccb40000b2116101200ffb12ccb4a4
:105e90000000a9926212a1920afb12ccb400003e4b
:105ea0001600fb12ccb40000aa12a99b6213fd7469
:105eb0002200a212a19b02fbe2ccb4000059ef2801
:105ec00045ef292b0cfb12ccb400003e190102fb5c
:105ed000e2ccb4000059ef2845ef29280dfbe2ccb5
:105ee000b40000f9e609ff02fb12ccb400003e1931
:105ef00000026040fb12ccb40000b31161112170ac
:105f0000fb12ccb40000b11161012111fb12ccb421
:105f10000000b11961011df806010cf80600ec0142
:105f200061012041fbe2cce10000ecef621fe3eff6
:105f3000fbe2cce10000ecee755e322333fb12ccc9
:105f4000b400003c1c00fbe2ccb40000f8e400fb11
:105f500012ccb400003e1900fbe2cce10000f8e6f0
:105f6000006701fbe2cce10000f8e6006701670191
:105f70007100f03e03003e02003e0100fb12ccb473
:105f80000000ab1a0685120b2510fb12ccb40000e2
:105f9000ac1a0685120f2406f806010cf80600ec70
:105fa000016101200dfbe24a600000f8e500670492
:105fb000fb12ccb40000ab1a0681120bac1b06819d
:105fc000130f4b326812a00a7544c806a1070401da
:105fd000a08da084a88ca8836602fb12c0d8a7005d
:105fe00005c6ff00a08aa081a889a882660e760255
:105ff000f64ffc03e1230a3e0300f90a02f64ffbc9
:10600000e24a600000d10e0467046040055ea5000e
:10601000e301ec01610119fb1a9301058cac003915
:1060200007f561012011fb12ccb40000b09262129e
:106030008092382d013964f561012011fb12ccb436
:106040000000b09a6212809a381701392bf361016f
:106050002052ec01a9917551962110fb12ccb4008d
:1060600000999a6212919a2e1fec01a991755169bb
:10607000210ffb12ccb40000999a6012919a087516
:1060800041900525ac003931fe39e7fe05060d00cb
:106090003932f205cd1100fb22ccb4000092293830
:1060a000c00039acf361012051ec01a99175519602
:1060b0002110fb12ccb40000999a6012919a2e1f05
:1060c000ec01a991755169210ffb12ccb400009924
:1060d0009a6212919a0875419105ceab0039dafdaa
:1060e0003990fe05af0c0039dbf105761100fb227b
:1060f000ccb4000092292e693914f56101201cfbf3
:1061000012ccb40000b09262128092fb12ccb400a8
:1061100000b09a6212809a2e4839cbf56101201c9a
:10612000fb12ccb40000b09262128092fb12ccb48d
:106130000000b09a6212809a2e2739a9f7610120d7
:1061400020fbe2ccb40000f8e401fb12ccb4000068
:106150003c1c01fb12ccb40000b292621282920588
:10616000170c00fb12ccb400003c18006701390288
:10617000f761012021fbe2ccb40000f8e401fb123e
:10618000ccb400003c1c01fb12ccb40000b2926203
:1061900012829202fb12ccb40000b3116111200ce8
:1061a000fb12ccb400003c1c0102023952f6610122
:1061b0002021fbe2ccb40000f8e401fb12ccb400d7
:1061c000003c1c01fb12ccb40000b292621282921d
:1061d00002fb12ccb40000b3116111200cfb12ccf5
:1061e000b400003c1c01020239d4f561012021fbfe
:1061f000e2ccb40000f8e401fb12ccb400003c1c7b
:1062000001fb12ccb40000b2926212829202fb1225
:10621000ccb40000b3116111200cfb12ccb400000f
:106220003c1c0102026040fb12ccb400003c140094
:10623000fb12ccb400003c1500fb12ccb400003cb7
:106240001600fb12ccb400003c1700fb12ccb400cb
:10625000003e1600fb12ccb400003c1800fb12cc30
:10626000b400003c1a00fb12ccb400003c1100fb4f
:1062700012ccb4000071114805988a00fb12ccb40e
:10628000000071115005c389003c03002e37fbe26a
:10629000ccb40000b0896c314be1c5e10428fbe2cd
:1062a000ccb40000b0896c314be1c5e10529b0895f
:1062b0006c31fb22ccb400004b123e2b00b0896243
:1062c000118089b089614123c7670160c09109913c
:1062d00002b9093935fa8189b90139eafa8181b1fe
:1062e0008961011eb181610115f806010cf80600f3
:1062f000ec0161013a330139bff9395cf6610112f1
:10630000fbe2f2500000f8e401fb12ccb40000b153
:10631000116101fcdbe0fbf2f250000058ff610f5d
:106320002068610e2012fbe2ccb4000059ee05613a
:106330000e1df806010cf80600ec0e610e2018fb8d
:10634000e2ccb40000f9e40800fbe2f2500000f8ef
:10635000e40038d500fbe2ccb4000059ee04611e25
:106360002112fbe2ccb4000059ee05611e1df806b7
:10637000010cf80600ec0e610e3aae00fbe2f250a2
:106380000000f8e40038a200610e2011fb12ccb42a
:106390000000b11961011df806010cf80600ec01be
:1063a0006101173967fc388100fb12ccb40000b1e1
:1063b0001161112111fb12ccb40000b11961111d42
:1063c000f806010cf80600ec01610116391cfe2ede
:1063d00058fb12ccb40000b11161112111fb12cc99
:1063e000b40000b11961011df806010cf80600ecbb
:1063f00001610116397afd2e30fb12ccb40000b1d8
:106400001161012111fb12ccb40000b11961111d01
:10641000f806010cf80600ec01610115398ffd0842
:1064200075418f0584a8003959fa39c8fa67037e87
:10643000a660800537a100a0093d0100a8096101ff
:1064400019fb1a26010562a800a809b31961013acf
:106450006d010536bf006101214b05200800fbe2fc
:10646000d0e100000688e1e3e1fbe280af00005ce0
:10647000e6054808004716280e05400800fbe280a4
:10648000af0000d3e1fbe282af00005ce6050c0840
:106490000047162b5705040800fbe282af0000d32b
:1064a000e12e4905e60700fbe2d0e100000688e1a5
:1064b000e3e1fbe280af00005ce6050f0800471651
:1064c000280e05070800fbe280af0000d3e1fbe2e5
:1064d00082af00005ce605d3070047162b0e05cb04
:1064e0000700fbe282af0000d3e1fbe2f3500000c3
:1064f00058ef621fc3effbe2f350000058ee755ee9
:1065000064220538b900fbe280af00005ce1fbe2e9
:1065100082af000006c0e19009fbe2d0e10000ec90
:10652000effd749f64e3effbe2d0e100007100f047
:10653000e4e0023c0c013c05003c0401f806006666
:10654000e4fb325429f0ff660266d10581f1007147
:106550000010b8097100f0a0813c0c013c05003c22
:106560000401f8060066c4fb326329f0ff66026688
:10657000d1055bf100710010fbe2d0e100005ce1ad
:1065800005455800ef16b809053d5800ef12ef61b8
:10659000059e1b00fbe280af0000f8e500fbe2d0a7
:1065a000e10000f8e600fbe282af0000f8e9ffff3f
:1065b000fbe2f3500000f8e4003f66033f6603602f
:1065c000408089fb22ccb400008029b08905abd380
:1065d0000067016080a00ae301fb32ccb40000a296
:1065e00032a1b9a80aec010584d20067026040809c
:1065f00089fb22ccb400008321b08905add20067ad
:106600000160408089fbe2ccb40000c3e1b08905a1
:10661000b2d20067016040e301fb22ccb40000a2cb
:1066200029ec0105b7d200670160408089fb22cccc
:10663000b4000080a1670160408089fb22ccb400d7
:106640000080a967016080fb12ccb40000b1116129
:10665000012111fb12ccb40000b11961011df80633
:10666000010cf80600ec016101153c06000c3c062b
:1066700001c5000607b18967026040ef12e302fb23
:1066800012ccb400007111480555860067016040c6
:10669000fb12ccb4000071114805b386008089b0ac
:1066a0008967016040fb12ccb4000071114805c439
:1066b00086008089b089670160403c0200fbe2cc23
:1066c000b40000c5e00902fb12ccb40000b21a62ab
:1066d00012821ac5000203b08967016040fbe2cc58
:1066e000b40000c5e00903b08967016040fbe2cc5b
:1066f000b40000d5e00701b8096701fbe26cde00d9
:1067000000fbf2ccb40000c4fe84fbe26cde0000af
:10671000fbf2ccb40000c5fe0185fbe26cde00009c
:10672000fbf2ccb40000c5fe0286fbe26cde00008a
:10673000fbf2ccb40000c5fe0387fbe26cde000078
:10674000fbf2ccb40000c5fe0488fbe26cde000066
:10675000fbf2ccb40000c5fe0589fbe26cde000054
:10676000fbf2ccb40000c5fe068afbe26cde000042
:10677000fbf2ccb40000c5fe078bfbe26cde000030
:10678000fbf2ccb40000c5fe088cfbe26cde00001e
:10679000fbf2ccb40000c5fe098dfbe26cde00000c
:1067a000fbf2ccb40000c5fe0a8efbe26cde0000fa
:1067b000fbf2ccb40000c5fe0b8ffbe26cde0000e8
:1067c000fbf2ccb40000c5fe0c90fbe26cde0000d6
:1067d000fbf2ccb40000d5fe0749fbe26cde000002
:1067e000fbf2ccb40000d5fe084afbe26cde0000f0
:1067f000fbf2ccb40000d5fe094bfbe26cde0000de
:10680000fbf2ccb40000d5fe0a4cfbe26cde0000cb
:10681000fbf2ccb40000e5fe0627fbe2ccb400009e
:10682000fbf26cde0000e5ef0829e5ef0728fbe24c
:106830006cde0000fbf2ccb40000e5fe092afbe2ae
:106840006cde0000fbf2ccb40000c5fe28acc5fe37
:1068500029ade5fe0b2cfbe26cde0000fbf2ccb4b4
:106860000000c5fe30b4c5fe31b5e5fe0d2efbe2dd
:106870006cde0000fbf2ccb40000c5fe38bcc5fee7
:1068800039bde5fe0f30fbe26cde0000fbf2ccb45c
:106890000000c5fe40c4c5fe41c5e5fe1132fbe265
:1068a0006cde0000fbf2ccb40000e5fe1233e5fe26
:1068b0001334fbe2ccb40000fbf26cde0000e5ef29
:1068c0001536e5ef1435e5ef1637fbe20ce0000076
:1068d000fbf2ccb40000c4fe84fbe20ce00000fb41
:1068e000f2ccb40000c5fe0185fbe20ce00000fb29
:1068f000f2ccb40000c5fe0286fbe20ce00000fb17
:10690000f2ccb40000c5fe0387fbe20ce00000fb04
:10691000f2ccb40000c5fe0488fbe20ce00000fbf2
:10692000f2ccb40000c5fe0589fbe20ce00000fbe0
:10693000f2ccb40000c5fe068afbe20ce00000fbce
:10694000f2ccb40000c5fe078bfbe20ce00000fbbc
:10695000f2ccb40000c5fe088cfbe20ce00000fbaa
:10696000f2ccb40000c5fe098dfbe20ce00000fb98
:10697000f2ccb40000c5fe0a8efbe20ce00000fb86
:10698000f2ccb40000c5fe0b8ffbe20ce00000fb74
:10699000f2ccb40000c5fe0c90fbe20ce00000fb62
:1069a000f2ccb40000d5fe0749fbe20ce00000fb8e
:1069b000f2ccb40000d5fe084afbe20ce00000fb7c
:1069c000f2ccb40000d5fe094bfbe20ce00000fb6a
:1069d000f2ccb40000d5fe0a4cfbe20ce00000fb58
:1069e000f2ccb40000e5fe0627fbe2ccb40000fbcd
:1069f000f20ce00000e5ef0829e5ef0728fbe20cc8
:106a0000e00000fbf2ccb40000e5fe092afbe20c3a
:106a1000e00000fbf2ccb40000c5fe28acc5fe29a6
:106a2000ade5fe0b2cfbe20ce00000fbf2ccb40069
:106a300000c5fe30b4c5fe31b5e5fe0d2efbe20cff
:106a4000e00000fbf2ccb40000c5fe38bcc5fe3946
:106a5000bde5fe0f30fbe20ce00000fbf2ccb40021
:106a600000c5fe40c4c5fe41c5e5fe1132fbe20c87
:106a7000e00000fbf2ccb40000e5fe1233e5fe13ab
:106a800034fbe2ccb40000fbf20ce00000e5ef15b3
:106a900036e5ef1435e5ef163702fb12ccb40000f3
:106aa0003c1c0102059ee600fbe2f550000058ee9a
:106ab000fbf2d4e10000fe6ef10592e60005c2e6ad
:106ac0000002fbe2f4500000fbf2f5500000c0feb3
:106ad000fbe2f550000058ef621fc3effbe2f550f8
:106ae000000058ee613e210cfbe2f5500000f8e496
:106af000000202fbe2f550000058ee613e230b75e8
:106b0000414005a5a1002e17fbe2f550000058ee0c
:106b1000fbf2d4e10000fe6ef10532e6000562e60c
:106b200000027100f03d06003d05003e0100fbe261
:106b3000f450000058eefbf2d4e10000fe6ef1e3e9
:106b400001ec01d41006ec01d41005ec015c11a09d
:106b5000093c0f012e49b3896c210688015c1e0691
:106b6000c50e06280cb3896c21068801d41006b323
:106b7000896c210688015c1e06c50e052b0cb389a5
:106b80006c21068801d41005b3896c210688015c4c
:106b90001106890101a009b38962118389b389753e
:106ba000513223b4a809fd749132fbe24c6000001d
:106bb000d3e1fbe24c600000d50e0601fbe24c6025
:106bc0000000d50e0502ec01d5100106ec01d51030
:106bd0000105ec01b819a0093c0f012e4bb3896cdb
:106be00021068801b81906c50106280db3896c2154
:106bf000068801d5100106b3896c21068801b819f1
:106c000006c501052b0db3896c21068801d510013d
:106c100005b3896c21068801b81906890101a0090c
:106c2000b38962118389b38975513223b2050ec4c9
:106c300000613121233c0f002e17b3896c21068897
:106c400001b81a5c110586f6ffb38962118389b316
:106c50008975513223e6a809fd749132fb224c60fc
:106c6000000090a9fbe24c600000d50e0604fbe298
:106c70004c600000d50e050567046040fbe24c60e7
:106c80000000d4e001b80967016040fbe24c6000fd
:106c900000d5e00301b80967016040fbe24c6000e9
:106ca00000d5e00101b80967016040fbe24c6000db
:106cb00000d5e00401b80967016040fbe24c6000c8
:106cc00000d5e00201b80967016040fbe24c6000ba
:106cd00000d5e00501b80967016040fbe2f550000e
:106ce00000c4e003b089670105cfe400fbe2cd22d8
:106cf000000058eefbf2e0e10000fe6ef10549e510
:106d0000000579e50002057fe50005a5e500fbe249
:106d100028b50000e3e1fbe2cd22000058ee613e21
:106d2000230b75418005829f002e17fbe2cd2200c8
:106d30000058eefbf2e0e10000fe6ef1050ae5000e
:106d4000053ae50002fbe2cc220000fbf2cd220076
:106d500000c0fefbe2cd22000058ef621fc3effb34
:106d6000e2cd22000058ee613e210cfbe2cd220074
:106d700000f8e4000202fb122cb500003e1100f8fe
:106d80001600026040fbe258600000d4e001b80940
:106d9000670160803e0100f80600fbe22cb50000b0
:106da000ecef0695ef01610f206ffb122cb5000090
:106db000ec146814a819fddf1e57e4fd7874710205
:106dc000fb2234b50000e3246811761171024b15e3
:106dd000a02df90a010001f80200f81b1dfb123476
:106de000b50000a81cec13a80aec0105bbf100a03b
:106df0000ae301a809ec02660e7602f64ffc03e1f5
:106e0000230efbe258600000f8e9f64f2e14fbe277
:106e100058600000d00e0afbe258600000f8e50060
:106e2000fb122cb500003e1100f8160067026080ce
:106e3000fb1234b50000a81aec11a00ae3016702a6
:106e400060803c0700fbe2cc22000058eefbf2e041
:106e5000e10000fe6ef1e301fbe228b50000ecee7c
:106e6000610e20353c07002e23ec01b18afe621e24
:106e7000fb122cb50000a81aec1f4beffd7422008a
:106e8000a01ae31fb18962118189fbe228b50000d5
:106e9000b1890684e123d467026040fbe2cd220081
:106ea00000c4e003b089670160409009fbe28caf49
:106eb0000000d3e1670160409009fbe28eaf000063
:106ec000d3e167017100bca4013e0e003e0d003eff
:106ed0000c003e0b003e0a003e09003e08003e0743
:106ee000003e06003e05003e04003d07003d060052
:106ef0003d05003d04003d0300fbe28caf0000f8bf
:106f0000e9ff070538d6009189fbe288af00005cf5
:106f1000ee06c50e07290538e100b989fbe288af06
:106f2000000006c0e19109b9096821b98a431290ad
:106f30008a3d04002e1bac01b902fed21e06c50e0e
:106f4000032a08998162119181990162119101fbd3
:106f5000e284af0000b90106c4e129dcfbe284afa2
:106f60000000f8e500b98161013a8f0005c2feff1b
:106f7000a302a289aa890695010c6101207c7544af
:106f8000c806e1070406a385a30c6604fb3ea086a1
:106f900001ab02aa890511f000ef13ef2e754464ce
:106fa00006a107040dab827512644b52ef41efe46a
:106fb00005f6ef00a202a189fb4ad47b06a10704d3
:106fc00007aa017611d47b4b5170441c944bfffdf2
:106fd0007421ffa281a20c3e06003e05ada984a942
:106fe0000baa82aa0905f9ee007311088400a10119
:106ff000a901fd748164a101a9017551c8290ea9d7
:10700000017601d0072a06f806010cf80600ec010b
:107010006101200ca901fbe28caf0000d3e1fbe28f
:107020008caf0000d4e01fbf8967117100bca401c0
:107030003e0e003e0d003e0c003e0b003e0a003ea0
:1070400009003e08003e07003e06003e05003e04e3
:10705000003d07003d06003d05003d04003d0300e6
:10706000fbe28eaf0000f8e9ff070501d50091892a
:10707000fbe28aaf00005cee06c50e07290538e189
:1070800000b989fbe28aaf000006c0e19109b909a5
:107090006821b98a4312908a3d04002e1bac01b9c5
:1070a00002fed21e06c50e032a0899816211918143
:1070b000990162119101fbe286af0000b90106c49b
:1070c000e129dcfbe286af0000f8e500b98161014f
:1070d0003a8f00055bfdffa302a289aa89069501ec
:1070e0000c6101207c7544c806e1070406a385a352
:1070f0000c6604fb3ea08601ab02aa8905aaee003d
:10710000ef13ef2e75446406a107040dab827512d0
:10711000644b52ef41efe4058fee00a202a189fb20
:107120004ad47b06a1070407aa017611d47b4b51f0
:1071300070441c944bfffd7421ffa281a20c3e06fb
:10714000003e05ada984a90baa82aa090592ed000b
:107150007311088400a101a901fd748164a101a932
:10716000017551c8290ea9017601d0072a06f80633
:10717000010cf80600ec016101200ca901fbe28e74
:10718000af0000d3e1fbe28eaf0000d4e01fbf8967
:10719000671160409009fbe284af00005cee760e60
:1071a0008813231efbe2f6500000f8e401fbe284a2
:1071b000af0000f8e500fbe288af0000f8e9ffff50
:1071c000fbe284af00005ceefbf25a60000098091d
:1071d000fe1ef1fbe284af0000dcef621fd3effb89
:1071e000e288af0000b80906c4e1280dfbe288afd1
:1071f0000000d10e016701670160409009fbe28643
:10720000af00005cee760e8813231efbe2f7500001
:1072100000f8e401fbe286af0000f8e500fbe28a3b
:10722000af0000f8e9fffffbe286af00005ceefb79
:10723000f26a8700009809fe1ef1fbe286af0000ab
:10724000dcef621fd3effbe28aaf0000b80906c48f
:10725000e1280dfbe28aaf0000d10e016701670152
:107260007100f03d06003d05003d04003d0300fbbc
:10727000e2f650000058ee610e210dfbe2f75000df
:107280000058ee610e15f806010cf80600ec0161dd
:10729000012012fb1aff073911fcfb1aff073918ee
:1072a000fc2e5bfb125a600000391bfc9181fb1223
:1072b0006a8700003977fd9109b98106c501052b60
:1072c00015b90975116406e1090106754264431296
:1072d00091022e13b98175116406e1090105754209
:1072e0006443129102b90175511e240db98106c97a
:1072f0000105681190890ef90903ff07d5000307fe
:10730000b989670460c0a0813e0100f80600a88129
:10731000610119fb1aee1005909900a881ec117417
:10732000210000f000a009a80974010000e000207d
:107330001d7701000070201077010000302115f842
:107340000e0000202e0ef80e0000600ff802000064
:10735000d000ec0161012019a881ec1e742effff02
:107360000fffe31ea881ec1e06940ee31e67036761
:10737000036080a0093c0200a809610119fb1adc26
:107380001005269900a809054257008081a80962c6
:1073900051b0826102212260c03c08013e0108e335
:1073a00001754410fb327029f0ff663275411205f9
:1073b00012e50062c02e1f60c03c08013e0108e3d8
:1073c0000166d4fb328129f0ff660275411205f394
:1073d000e40062c0c5000203b08967027ea6608037
:1073e000a0093c0201a809610119fb1a801005b926
:1073f0009800a80aec21b3266252667305939300a5
:107400004716143c0200b0816101211bfbe2f850d9
:10741000000058ee755efe2a0efbe2f850000058a0
:10742000ef621fc3efc5000203b0893f660371001e
:10743000e8858905379100e301ec01610119fb1a28
:10744000d9100565980005f5bb0061112015b58bb5
:10745000ec02710104050811007101043915ff6780
:107460000667067100ec3d01002e73710104053db5
:1074700055006101206f710104398bfe71010439df
:107480005dff6101200d6612710104057230002e4e
:1074900047a8097100f066128302a081810a810267
:1074a000f8060075443ffb328f29f0ff7541120545
:1074b0001de20071001060c0710e15e30e3c080063
:1074c0003e0108fb32cf29f0ff6612754112ef240e
:1074d00005f1e30062c0980962119009b80975517d
:1074e00040238a670560c0a081a00a808ba88161c3
:1074f0000119fb1aa91005b19700a80961313a38a2
:1075000002711efb612e2205382e02711ef7612ebc
:107510002205382402711eef612e2205381a0275e9
:1075200051143a14027551183a0e0275511b3a085b
:10753000027551233a020275512b3afc01711ed398
:10754000612e220538f2017551303aec0175513344
:107550003ae601711ecb612e220538dc01755160bf
:107560003a7c0175513f20567551473a810075515b
:107570004d3adb0075514e3aa50075515c3aff005b
:1075800075515f3a290175513c3b8301b089710007
:10759000f0a0813c0c013c05003c0401f80600759c
:1075a0004428fb32d129f0ff6602754112051fe124
:1075b00000710010a88105831e006703b089710067
:1075c000f0a0813c0c013c05003c0401f80600756c
:1075d0004420fb32fa29f0ff660275411205efe004
:1075e00000710010a88105fe1f006703b0897100bb
:1075f000f0a0813c0c013c05003c0401f80600753c
:107600004424fb321b2af0ff660275411205bfe0dd
:1076100000710010a88105a420006703b0897100e3
:10762000f0a0813c0c013c05003c0401f80600750b
:10763000442afb32402af0ff6602754112058fe0b2
:1076400000710010a88105ae1c006703b0897100ad
:10765000f0a0813c0c013c05003c0401f8060075db
:107660004427fb326b2af0ff6602754112055fe08a
:1076700000710010a88105a321006703b089710083
:10768000f0a0813c0c013c05003c0401f8060075ab
:10769000442afb32932af0ff6602754112052fe05f
:1076a00000710010a881058b1e006703b08971006e
:1076b000f0a0813c0c013c05003c0401f80600757b
:1076c000441dfb32be2af0ff660275411205ffdf42
:1076d00000710010a88105c421006703b089710002
:1076e000f0a0813c0c013c05003c0401f80600754b
:1076f0004426fb32dc2af0ff660275411205cfdf1b
:1077000000710010a881054422006703a8097100d8
:10771000f0a0813c0c013c05003c0401f80600751a
:107720004418fb32032bf0ff6602754112059fdf00
:10773000007100106703670360c0a081a00a808bfe
:10774000a881610119fb1aa810055e9500a80961be
:10775000313a7802711efb612e2205386e0261916a
:107760003a690261a13a17017551933ad1017551f5
:10777000123a58027551143a52027551183a9f0044
:1077800075511b3ac9007551233a400275512b3a85
:107790003a02711ed3612e22053830027551303afb
:1077a0002a027551333a2402711ecb612e2205380c
:1077b0001a0275513c3af70075513f3a0e02755165
:1077c000473a0802711eb3612e220538fe01755139
:1077d0005c3af80175515f3a05017551603a2f0125
:1077e0007551703a89017551113bb601a881053f69
:1077f0001c00b0897100f0a0813c0c013c05003cec
:107800000401f8060075441efb321c2bf0ff6602d3
:1078100075411205b9de007100106703b08971006f
:10782000f0a0813c0c013c05003c0401f806007509
:10783000441ffb323b2bf0ff6602754112058fdec1
:1078400000710010a88105e11b006703b089710079
:10785000f0a0813c0c013c05003c0401f8060075d9
:10786000441efb325b2bf0ff6602754112055fdea2
:1078700000710010a88105bd1b006703b08971006d
:10788000f0a0813c0c013c05003c0401f8060075a9
:107890004428fb327a2bf0ff6602754112052fde79
:1078a00000710010a881051f1f006703b0897100d7
:1078b000f0a0813c0c013c05003c0401f806007579
:1078c0004428fb32d129f0ff660275411205ffdd25
:1078d00000710010a88105631b006703b089710067
:1078e000f0a0813c0c013c05003c0401f806007549
:1078f000441dfb32be2af0ff660275411205cfdd42
:1079000000710010a88105941f006703b089710001
:10791000f0a0813c0c013c05003c0401f806007518
:107920004426fb32dc2af0ff6602754112059fdd1a
:1079300000710010a881051420006703b089710050
:10794000f0a0813c0c013c05003c0401f8060075e8
:107950004425fb32a32bf0ff6602754112056fdd53
:1079600000710010a881059e20006703b089710096
:10797000f0a0813c0c013c05003c0401f8060075b8
:107980004428fb32c92bf0ff6602754112053fdd2a
:1079900000710010a88105bf200039ac076703a85b
:1079a000097100f0a0813c0c013c05003c0401f889
:1079b0000600754418fb32032bf0ff660275411276
:1079c000050cdd00710010670367037100e83e01dc
:1079d000003c0300f80500050a2c00f8050038c239
:1079e0000071010805192c0061013ac000a8813915
:1079f0001908808971010839e5f96101207971015f
:107a00000805e80900a009a8817100f06612830248
:107a1000a081810a8102f8060066a4fb32f22bf0f5
:107a2000ff660275411205a6dc0071001060c0718e
:107a30000e19e30e3c08013e010866c4fb32fd2b23
:107a4000f0ff6602754112057ade0062c005eeb5f0
:107a5000006131210eb08ba80a71010839dcfc2ebf
:107a60003b05dab50061212133b08ba80a7101080a
:107a70003975fa2e277100f06601a0818109810114
:107a8000e3013c0c0175443cfb320a2cf0ff66120a
:107a90007541120539dc00710010dc016211d3015f
:107aa0005c017551202205383aff67067100f0ef3e
:107ab0000105311300ef0139baf867047ea67100a1
:107ac000f00576be0061012028ef0105171300efd5
:107ad0000139a0f8ef0105c21300ef013995f875df
:107ae00041fa0597ebff660105d7eaff3f6605fb04
:107af000e292af00005ce60568bc0006c5160720f0
:107b000015055ebc00fbe292af0000d11e073905ef
:107b1000063f66053f66057100f00574ebff6101e5
:107b2000202f0581ebff61012030ef0105b6120027
:107b3000ef01393ff8ef0105611300ef013934f827
:107b40007541fa0536ebff66010576eaff670475b5
:107b500041fa0527ebff670467047ea67100c03d6c
:107b600087003d8600052ab50084893c8200b489df
:107b700064116111211c66110565b5008481b48210
:107b8000710130056a0d0071013039e7f7f1081312
:107b9000b48964216121212a66210543b5008481cd
:107ba00005e9ab00ef16052bac00ef13b4847101af
:107bb00030ef6205d50d0071013039b7f7f10913c7
:107bc000b48964416141212a66410513b50084816d
:107bd0000595ab00ef1605d7ab00ef13b484710128
:107be00030ef6205390e007101303987f7f10a1361
:107bf000b489648161813bea0005d4930095816674
:107c00008105dcb4008481fbe2f950000058ee618c
:107c10000e2123bd8161012017fbe290af0000f827
:107c2000e500fbe2f9500000f8e40138b500f10b83
:107c30001338af003d87002e6efbe290af00005c72
:107c4000e1059a9300a009a082a08be5000105d56b
:107c500000040ce5000307a98ca983a90ab481607c
:107c6000408009f8040171013405470e006240713b
:107c7000013039fff6a98ca983a90ab4816040803c
:107c800009f8040071013405290e006240710130c9
:107c900039e1f6fbe290af0000dcef621fd3ef9d0d
:107ca0008962119589bd8961212a14fbe290af0098
:107cb000005cee06c50e162806f806010cf8060054
:107cc000ec0161013b75fffbe290af0000bd810656
:107cd000c4e12a0efbe2f9500000f8e400f10b13b6
:107ce000b489752110755110213f75411005f0b30d
:107cf00000848166c27101200562b500b4846663a8
:107d000071022071013005810e007101303964f675
:107d1000b4846663710226710130056d0e00710135
:107d2000303950f6f10c13b489752120755120219a
:107d30001d75412005a9b3008481b482710130050d
:107d4000ff0e00710130392bf6f10d13b489752146
:107d50004075514021137541400584b3008481b4be
:107d60008139cdf6f10e13b4890559b3003f661180
:107d70007100e40518b900a081059eb9009089fb47
:107d8000e2ece10000ecee06850e023a8a00a881e2
:107d90007100f066128302a081810a8102f8060058
:107da000754411fb32472cf0ff6632754112051ef7
:107db000d900710010fbe2ece100007100f0e4e09a
:107dc000023c0c003c05013c0401f806007544151a
:107dd000fb32592cf0ff663275411205f1d8007163
:107de000001071010c05f7080071010c3985f5fbd5
:107df000e2ece10000e10e02fb123cc10000058a4a
:107e00006e0061012011fb2e60ea00fb123cc100f4
:107e10000005036e00a8816411611110a88164211e
:107e200061211df806010cf80600ec01610118a89b
:107e300081644161411df806010cf80600ec016106
:107e40000118a881648161811df806010cf8060003
:107e5000ec016101204dfb123cc10000052c6e00bd
:107e60006101202efb123cc1000005446e0061013f
:107e7000204971010c0567080071010c39f5f4fb0c
:107e80002e60ea00fb123cc10000058a6d002e2b1b
:107e9000fb2e60ea00fb123cc1000005796d002e4c
:107ea0001afb123cc1000005e16d006101200cfbd2
:107eb000123cc1000005b16d00fbe2f0e10000b82a
:107ec000890684e13abc00b8897100f06612830229
:107ed000a081810a8102f8060066d4fb326f2cf083
:107ee000ff663275411205e6d700710010fbe2f023
:107ef000e100007100f0e4e0023c0c003c05013cb4
:107f00000401f80600754414fb327d2cf0ff663244
:107f100075411205b9d70071001071010c053a08be
:107f20000071010c394df46101203405784d006178
:107f30000115f806000cf80601ec0161012020058e
:107f400049a4006101b889197721feff00908908d2
:107f50007721fdff009089b88905eeb700b88964e4
:107f60004161412111b8897721fbff009089b889cf
:107f700005d7b700b889fbe2f0e10000e3e167074d
:107f800067077100f0ef01054f0800ef0139e4f3d6
:107f900067047100f0ef0105c60800ef0139d4f362
:107fa000670460803e010005c38500e301ec0161c8
:107fb0000119fb1ac31005f18c00ec01ba19770105
:107fc000ffff0020200576b00061212112fbe2feb8
:107fd00050000058ee610e210c39d3fa0f39dffa48
:107fe0003937fb0558b00061212122fbe2fe500029
:107ff00000f8e40105e1a300ef1efd749e64751e08
:108000006443e16101210f39d2010afbe2fe500015
:1080100000f8e4003946fb3959fd05bba300a0096f
:10802000a809755119231fa8097111e7ef1efd78e2
:108030009e3075761e307543e16101193946ff396e
:1080400053ff6702670260c03d05003e0100051c4a
:108050008500e301ec01610119fb1ad610054a8c79
:10806000000527a3006101a8091e7801a0090d7869
:1080700011a009a809fb22fa500000055b47006621
:108080003105dd49003d05002e38b90963c1fb22e9
:108090003cb500004b123c2100b90963c1fbe23c36
:1080a000b50000660ffe0e1fb90963c1fb223cb587
:1080b00000004b123e22003e2100990962119109f5
:1080c000b9097551ff25c5fbe2ece10000f8e600b7
:1080d000fbe2f0e10000f8e600fbe2f9500000f8f6
:1080e000e400fbe290af0000f8e500fb123cc100a9
:1080f0000005576b006703396cf30239d0f8023979
:10810000a3fe027100f0ef0105c91000ef01396311
:10811000f267047100f0ef0105400e00ef013953e2
:10812000f2ef01051b1000ef013948f267047100fe
:10813000ec92099202ba02ba09ef03059f0b00ef15
:10814000013930f267057100f0ef01051a1100eff7
:10815000013920f267047100ec3c030075412005f1
:108160007eaf008089b08a71010405d40a007101d4
:10817000043900f267057100e4a181858a05ed8369
:1081800000e301ec01610119fb1ad810051b8b00fb
:10819000b58c6643710218710104058504007101f4
:1081a0000439d0f167077100ec05c18300e301eced
:1081b00001610119fb1ad91005ef8a00057fae0095
:1081c00061312115ec0262427101040584020071e3
:1081d0000104399ff1670567057100ec058e830086
:1081e000e301ec01610119fb1acd1005bc8a000501
:1081f0004cae006121211171010405e902007101f9
:10820000043970f1670567056080a0093c0200a889
:108210000968418081c5000203b08967026040fba4
:10822000e2f8500000c4e002fbe2f8500000f8e47d
:1082300000c5000203b08967017100e0a109a182b5
:10824000a18b3c030066810596ae008089a98ca9ac
:1082500083a90ab08960408009f80401710108050a
:1082600051080062407101043909f1a98ca983a960
:108270000ab08960408009f80400710108053308dc
:1082800000624071010439ebf067087100e8a10950
:10829000a102a08b828cf80600ec0106950105e393
:1082a00001ec0106950104e301a8896cc106940163
:1082b000e301b2896c41069401e30105cda00061a0
:1082c00001ec011e7801e3010d7811e301ec01a03e
:1082d0000967067100f08389a082f80600a8816111
:1082e0000119fb1aca1005c18900b38975513420e0
:1082f0003c755119201f75511e201f75512a201fd2
:1083000075512d201f755133201f61712123f806ef
:10831000072e23f806192e1ef8061e2e19f8062a17
:108320002e14f8062d2e0ff806330af806340ea880
:1083300081f81400ec01a009670460c08289a00ada
:108340003c0200a809610119fb1acb10055b8900ea
:10835000b28965f161f11ab2896101123c02010e24
:10836000a809f81400c5000203b089670360c08241
:1083700089a00a808b3c01003c0101c5000102b0cc
:108380008167036080a0093c0200a8097551342070
:108390004661712024755119202475511e202475c1
:1083a000512a202475512d20247551332024610138
:1083b00021293c02002e2c3c02012e273c02022ed9
:1083c000223c02042e1d3c02082e183c02102e13e3
:1083d0003c02202e0e3c024009fb1abb1005ca8845
:1083e00000c5000203b089670260c0a081f80600e2
:1083f000a881610119fb1a811005ae8800a881ece3
:108400001efc5ae11420e301ec01a009670360c0df
:10841000a081908a9083f80500a881610119fb1a58
:108420008a1005858800b8816221b88a4712220a1d
:10843000fb1a8b1005738800a881b882fec2134b0b
:10844000126c83552301d303d40001b80967037e5e
:10845000a660c0a081a00a05138100e301ec0161c0
:108460000119fb1ae71005418800a881610119fb79
:108470001ae81005348800a809610119fb1ae910ef
:1084800005278800a88605b4ad00ef1466a3fb2e6f
:10849000000060fb120000000c39f2fde361a881ce
:1084a0003c1408a809a882c41205a809a882c5120c
:1084b0000106a809a882c5120207a809a882c51248
:1084c0000308a8813c1900a8813c1a00a8813c1b24
:1084d00000a886ec61716205667305b58200836150
:1084e0003f66047ea66080a00905818000e301ec60
:1084f00001610119fb1ae31005af8700a8096101aa
:1085000019fb1ae41005a28700a80e052fad00ef95
:10851000146693fb2e000060fb1200000007396d0b
:10852000fde361a8093c1408a8093c1500a8093c12
:108530001600a8093c1700a8093c1800a8093c1916
:1085400000a8093c1a00a8093c1b00a80eec6171a8
:1085500062056673053b820083613f66037ea671f8
:1085600000f0a089a082818b05028000e301ec016c
:10857000610119fb1ace1005308700a88961011925
:10858000fb1acf1005238700a881610119fb1ad0bf
:108590001005168700a88e05a3ac00ef146633fb08
:1085a0002e000060fb120000000c39e1fce361a822
:1085b000893c1408b18963c1fbe23cb50000fecee2
:1085c00011a88a8129b18963c1fbe23cb50000fe94
:1085d000ce1f621ffe0e1f05be7a00a88a6252617e
:1085e00001153c21010c3c2102a881a88ac4120774
:1085f000a881a88ac5120108a881a88ac512020903
:10860000a881a88ac512030aa8893c1b00a88eec81
:108610006171620566730579810083613f66057e3d
:10862000a660c0a081a00a900b800ca881610119ee
:10863000fb1ad31005738600a809610119fb1ad42f
:108640001005668600b809614111fb1ad51005595d
:108650008600a88605e6ab00ef146653fb2e0000eb
:1086600060fb12000000073924fce361a8813c1480
:1086700008b00963c1fbe23cb50000fece11a88240
:108680008129b00963c1fbe23cb50000fece1f6248
:108690001ffe0e1f05017a00a88262526101153c7f
:1086a00021010c3c2102a809a882c41207a809a82c
:1086b00082c5120108a809a882c5120209a809a842
:1086c00082c512030aa8813c1b00a886ec61716276
:1086d00005667305bc800083613f66047ea660402a
:1086e000e301610119fb1ab01005be8500ec060517
:1086f0004bab00ef14754312fb2e000060fb120021
:108700000000043988fbe361ec013c1408ec060529
:1087100066b4008169ec060574af00688181e1ec04
:1087200006056aaf0081e9ec013c1800ec013c1938
:1087300000ec013c1a00ec013c1b00ec06ec617102
:1087400062056673054b80008361052bb4006211de
:108750000555b4003f66027ea66080a00905baaf49
:10876000009009a809610119fb1ab110053b8500a9
:10877000a80e05c8aa00ef14754314fb2e00006074
:10878000fb12000000043905fbe361a8093c140852
:10879000a80e05e3b3008169b8096881a80a81a120
:1087a000b081a80a81a9a8093c1800a8093c1900b1
:1087b000a8093c1a00a8093c1b00a80eec617162d4
:1087c00005667305cc7f00836105acb300621105bb
:1087d000d6b3003f66037ea66040e301610119fb4a
:1087e0001aec1005c48400ec060551aa00ef1475bc
:1087f0004335fb2e000060fb120000000c398efa9e
:10880000e361ec013c1408fbe201510000ec01c4ff
:10881000e105ec060557440081e1ec06051744002c
:1088200081e9ec06052b44008261ec0605f1f9ffb5
:108830008269ec060553440082e1ec013c1b00ec2c
:1088400006ec61716205667305477f008361fbe298
:108850000151000058ef621fc3ef3f66027ea66021
:1088600040e301610119fb1aed10053d8400ec069f
:1088700005caa900ef14754336fb2e000060fb12f9
:108880000000000c3907fae361ec013c1408fbe23c
:1088900001510000ec01c4e105ec0605bd1e00819c
:1088a000e1ec0605d11e0081e9ec0605e51e00821b
:1088b00061fbe200510000ec01c4e109ec013c1a4b
:1088c00000ec013c1b00fbe200510000f8e400ec6e
:1088d00006ec61716205667305b77e008361fbe299
:1088e0000151000058ef621fc3ef3f66027ea66091
:1088f000c0a081818af80600a881610119fb1ab223
:108900001005a68300a8860533a900ef1475432b34
:10891000fb2e000060fb120000000c3970f9e361cf
:10892000a8813c1408b18963c1fbe23cb50000fe9c
:10893000ce11a8828129b18963c1fbe23cb5000058
:10894000fece1f621ffe0e1f0556ac00e301ec01b8
:108950006981a88281a1ec016901a88281a9ec0149
:108960006881a8828221ec01a8828229a8813c1a10
:1089700000a8813c1b00a886ec6171620566730546
:10898000107e0083613f66047ea660c0a081908a4d
:108990009083808ca881610119fb1ab310050a83aa
:1089a00000a8860597a800ef1475432dfb2e000044
:1089b00060fb120000000c39d4f8e361a8813c147c
:1089c00008b08963c1fbe23cb50000fece11a8826d
:1089d0008129b08963c1fbe23cb50000fece1f6275
:1089e0001ffe0e1fb8896881a88281a1b181a8826b
:1089f00081a9b8816881a8828221b101a8828229d7
:108a0000a8813c1a00a8813c1b00a886ec61716219
:108a1000056673057c7d0083613f66047ea660c0a9
:108a2000a081908a9083808ca881610119fb1ab47f
:108a30001005768200a8860503a800ef1475432e62
:108a4000fb2e000060fb120000000c3940f8e361cf
:108a5000a8813c1408b08963c1fbe23cb50000fe6c
:108a6000ce11a8828129b08963c1fbe23cb5000028
:108a7000fece1f621ffe0e1fb8896881a88281a1e9
:108a8000b181a88281a9b8816881a8828221b101bf
:108a9000a8828229a8813c1a00a8813c1b00a886d4
:108aa000ec61716205667305e87c0083613f6604d2
:108ab0007ea67100eca082a08ba104a009c5001cb9
:108ac00003c5001d02a809610119fb1ab51005d9db
:108ad0008100a80e0566a700ef14754330fb2e0039
:108ae0000060fb120000000c39a3f7e361a8093c09
:108af0001408b08163c1fbe23cb50000fece11a8b2
:108b00000a8129b08163c1fbe23cb50000fece1fa3
:108b1000621ffe0e1fa8096251b08a6102202ea8b2
:108b2000826982801aa8816901a80a81a9a881683e
:108b300081a80a8221a881a80a8229b9816881a80e
:108b40000a82a1b301a80a82a92e2cb98268828068
:108b50001ab301a80a81a9a9016981a80a8221a9d9
:108b6000016901a80a8229a9016881a80a82a1a92c
:108b700001a80a82a9a80eec61716205667305114d
:108b80007c0083613f66067ea660c0a081a00a903b
:108b90000b800ca881610119fb1ab610050b81002e
:108ba000a809610119fb1ab71005fe8000b8096118
:108bb0006111fb1ab81005f18000a886057ea60099
:108bc000ef14754333fb2e000060fb120000000c15
:108bd00039bbf6e361a8813c1408b00963c1fbe22c
:108be0003cb50000fece11a8828129b00963c1fb0b
:108bf000e23cb50000fece1f621ffe0e1fa809a8b2
:108c000082c41206a809a882c5120107a809a88271
:108c1000c5120208a809a882c5120309a809a882da
:108c2000c512040aa809a882c512050ba886ec6122
:108c30007162056673055a7b0083613f66047ea6f8
:108c400060c0a081818a3c06003c0501f90901b899
:108c5000083c0117a881610119fb1ad110054a804f
:108c600000a88605d7a500ef146663fb2e00006000
:108c7000fb120000000c3915f6e361a8813c1408d2
:108c8000b18963c1fbe23cb50000fece11a8828130
:108c900029b18963c1fbe23cb50000fece1f621f13
:108ca000fe0e1fb181a88281a1b109a88281a9b855
:108cb000096881a8828221b081a8828229b009a88e
:108cc0008282a1a8813c1b00a886ec6171620566c6
:108cd0007305be7a0083613f66047ea67100f09141
:108ce000899182a0833c070066018101810981810d
:108cf000810105787800e301ec01610119fb1af5a7
:108d00001005a67f00a881610119fb1aef100599d3
:108d10007f000576960061111c3c0701b989684106
:108d20008101b3816c418109b98168814901058163
:108d300009c5000c06a8860503a500ef147543239a
:108d4000fb2e000060fb120000000c3940f5e361cf
:108d5000a8813c1408a8860584d9ff8169ec01ba72
:108d6000196881a88281a1ec01a882c5121207b1fd
:108d700089a8828221b101a8828229b109a88282b0
:108d8000a1b181a88282a9a886ec6171620566738f
:108d900005ff790083613f66057ea66080a0090516
:108da000cb7700e301ec01610119fb1a921005f980
:108db0007e00a809610119fb1a941005ec7e00a839
:108dc0000e0579a400ef14754311fb2e000060fb23
:108dd000120000000439b6f4e361a8093c14083f0e
:108de00066037ea660c0a08105827700a0093d01d0
:108df00000a809610119fb1a831005ad7e00a88146
:108e0000610119fb1a861005a07e00a886052da415
:108e100000ef14754318fb2e000060fb12000000e9
:108e200007396af4e361a8813c1408a886058bd849
:108e3000ff8169a809ba196881a88281a1a809a837
:108e400082c5121207051aa900d5100701b80968d2
:108e500081a8828221b081a8828229a8860502a9e0
:108e600000c5160a0aa8813c1b0005f5a800b3112d
:108e700061011ea881f1100b05e7a800581e610ec4
:108e80001ea881f1110ba886ec617162056673055d
:108e900000790083613f66047ea67100f0a0893ee0
:108ea00002003c070005c57600e301ec01610119f1
:108eb000fb1a951005f37d00a889610119fb1a972b
:108ec0001005e67d00a88e0573a300ef1475431b03
:108ed000fb2e000060fb120000000739b0f3e361d5
:108ee000a8893c140805acaa00a081051fab0006a8
:108ef000890102a081058eab0006890102a08105cf
:108f0000fdab0006890102a081c5000807a88e05f7
:108f1000a9d7ff8169ec01ba196881a88a81a1ecff
:108f200001a88ac5121207a88e0536a800c5160228
:108f300008a88e052ca800c5160309a8893c1a00ac
:108f4000b189a88a82a9a88eec6171620566730551
:108f500040780083613f66057ea67100e0a1890527
:108f60000b7600a18105faa700d510080b055aa8b9
:108f700000d510080a3d090005e7a700d51009082b
:108f80000547a800d51009073d06003d05003c092e
:108f9000003d0300a981610119fb1af810050a7d43
:108fa00000a989610119fb1af91005fd7c00a98e41
:108fb000058aa200ef14754369fb2e000060fb12c6
:108fc0000000000739c7f2e361a9893c1408ba8997
:108fd00006c5010a206fba817601f54f240aba89c5
:108fe0007601f64f2306f806010cf80600ec016145
:108ff0000110f90909f64f2e50ba8906c5010a2b4e
:1090000015ba8175116406e109010b7542644312ba
:10901000908a2e13ba8975116406e109010a754216
:10902000644312908ab88961912414ba8906c901ef
:109030000a68119209ba09625192092e0cf90909bc
:10904000f64f0dd5000b09ba09fd74910a9209a9d2
:1090500081a99175519621160507a700cd1e24619f
:109060001e1e3c09a52e223c095a2e1da981a9913c
:10907000755169211405eaa600cd1e24750eff1d49
:109080003c09a50c3c095aba0106c501072069b97b
:10909000897601fe07240aba017601ff072306f844
:1090a00006010cf80600ec01610110f90906ff0742
:1090b0002e4aba0106c501072b15b9897511640638
:1090c000e10901087542644312910a2e13ba017531
:1090d000116406e10901077542644312910ab90956
:1090e0006191240eba0106c90107681191812e0c05
:1090f000f90906ff070dd5000806a9893c15c7b276
:1091000009a98a81a19a09fc5a11180ca98a81a976
:10911000b481a98a82219981fc5a11180ca98a82ea
:1091200029b301a98a82a1a9893c1b00a98eec61ff
:109130007162056673055a760083613f66097ea6f3
:109140007100f0a08905257400a08105a7a700fd86
:109150008123a00b68116df25721e301a881610101
:1091600019fb1afa1005427b00a889610119fb1a44
:10917000fb1005357b00a88e05c2a000ef147543d7
:109180006afb2e000060fb120000000739fff0e3cd
:1091900061a8893c1408a8893c15c7b109a88a812f
:1091a000a1b101a88a81a9b089a88a8221b081a829
:1091b0008a8229b009a88a82a15801a88a82a9a80e
:1091c0008eec61716205667305c7750083613f6649
:1091d000057ea66080a00905937300e301ec0161a0
:1091e0000119fb1af61005c17a00a809610119fbe3
:1091f0001a971005b47a00a80e0541a000ef147567
:109200004385fb2e000060fb120000000c397ef04d
:10921000e361a8093c1408a80e0570b0008169a894
:109220000e05adb00081e1a80e05f3b10081e9a8fb
:109230000e051ab2008261a80e05b0aa005f1105e2
:10924000662b00fd7491648269a8093c1a00a80984
:109250003c1b00a80eec6171620566730533750056
:1092600083613f66037ea660c0a08105ff7200e3b4
:1092700001ec01610119fb1afc10052d7a00a8818f
:10928000610119fb1afd1005207a00fb1264c10070
:1092900000622166e2050a76009089a886059d9ff6
:1092a00000ef14754371fb2e000060fb12000000fc
:1092b0000c39daefe361a8813c1408b8896881a809
:1092c000828129b181a88281a1a8813c1700a8814f
:1092d0003c1800a8813c1900a8813c1a00a8813cd8
:1092e0001b00a886ec61716205667305a474008397
:1092f000613f66047100e8a1093c83003c82003ca8
:1093000081003d07003c0d003c0c003c0b003c0a7a
:10931000003c09003c080005537200a009a809613f
:109320000119fb1aea1005817900a909610119fbed
:109330001aeb1005747900a909c5100513a909c510
:10934000100612a909ec1105c1eeff8409a909b1a3
:109350009a6c82551208918a05e29e004501123be3
:10936000c600b40bb48975424e3904f061013ab7b6
:1093700000a909c510090da909c5100a0ca909c53c
:10938000100b0bb30905fa72008281b30105f2726a
:10939000008209b289056372008201b28161011203
:1093a000b209610115f806010cf80600ec01610133
:1093b00012b201610115f806010cf80600ec01611a
:1093c000012030fb1248c10000ba1906c50107216f
:1093d00056fbe248c10000c50e0d0efbe248c1007d
:1093e00000c50e0c0ffbe248c10000c50e0b106754
:1093f00006a9097100f0e410023c0c013c05003c98
:109400000401f80600754432fb32942cf0ff6632fa
:1094100075411205b9c200710010fbe2ff50000057
:10942000f8e401670667066040e30167016040e316
:109430000167016040e30167017100eca1013c0f8d
:10944000003c0e003c0d00054e6c00830105826c53
:1094500000828905177100a009a809610119fb1a8a
:10946000a01005457800a901610119fb1aa110059a
:10947000387800fbe2ff500000f8e400a901c510b5
:10948000050fa901c510060ea901ec11057cedff21
:109490008309b301610112b289610115f806010c5b
:1094a000f80600ec016101204405919d0045010e84
:1094b000217fb30bb38975423c39b4ee6101207151
:1094c00075431c6602fb1248c1000005ec9700fbc7
:1094d0001248c1000005166b0005619d00fb224883
:1094e000c100008221055c91006705054f9d004584
:1094f000010e213db30bb38975423c3972ee610117
:10950000202f75431c6602fb1248c1000005aa9774
:1095100000fb1248c1000005d46a00051f9d00fb36
:109520002248c1000082216601051f6c00670567a3
:10953000057100f0a0893c0b003c0a003c090005c5
:109540002b7000a009f80600a809610119fb1aa4f4
:109550001005567700a889610119fb1aa510054965
:109560007700a889c510050ba889c510060aa88927
:10957000ec110596ecff820905c29c0045010a2109
:1095800063b20bb28975425c39e5ed61012055a8e3
:1095900089b199069401e301a889b2116c810694fe
:1095a00001e301a889b2196d01069401e301a889bc
:1095b000b2916d81069401e3017100e475431cfbd7
:1095c0002248c10000ef017f8f05bb6f0071001cb6
:1095d000fbe2ff50000058e1b20bec020570900076
:1095e000670467047100e8a1093c83003c82003ce9
:1095f00081003d07003e02003c07003c0600056c70
:109600006f00e301ec01610119fb1a9c10059a76c9
:1096100000a909610119fb1a9d10058d7600a909a1
:10962000c5100513a909c5100612a909ec1105da20
:10963000ebff840905069c00450112217db40bb4a3
:109640008975423f3929ed6101206fa90962516690
:1096500033668239bbed9189fbe248c10000d50e2b
:109660000709a909b19971020705b86e00a081b177
:10967000896101200cfbe248c10000e50e0206a949
:1096800009c5100b06f50006200cfb1248c10000ae
:109690003c1c010afb1248c100003c1c00f50106fd
:1096a000200dfb1248c100003c1d016706fb12485b
:1096b000c100003c1d00670667067100e8a1093c77
:1096c00083003c82003c81003d07003c0d003d05cd
:1096d000003c09003c080005936e00a009a8096140
:1096e0000119fb1aaa1005c17500a909610119fb2e
:1096f0001aab1005b47500a909c5100513a909c551
:10970000100612a909ec110501ebff8409a90962f1
:10971000516623668239f9ec918905209b00450149
:10972000123ba200b40bb4897542473942ec610187
:109730003a9300a909c510090da909b2926c825586
:10974000120b910ab30905206f008209b909057e41
:109750006e008201b209610112b201610115f806c1
:10976000010cf80600ec0161012026fb1248c10043
:1097700000ba1906c50107214cfbe248c10000c52b
:109780000e0d11fbe248c10000d50e050a6706a9bf
:10979000097100f0e410023c0c013c05003c04019e
:1097a000f8060075442ffb32c72cf0ff6632754176
:1097b00012051bbf00710010fbe2ff500000f8e42f
:1097c000016706670660c0a08105a16d00a009a819
:1097d00009610119fb1ae51005cf7400a881610128
:1097e00019fb1ae61005c27400a80aa88162426239
:1097f00051664305509400610115f806000cf80607
:1098000001ec0161012012059fe9ff058fd2ff667f
:1098100021055a9800670367036080a0093c030094
:109820003c02003c0100a809610119fb1ae1100586
:10983000787400a809c5100501a809c5100603a879
:1098400009ec1105c5e9ff808105f1990045010387
:109850002148b083b00975424d3914eb6101203abb
:10986000a809fbe248c10000c51e0704a809fbe2e5
:1098700048c10000c51e0805a809fbe248c1000058
:10988000c51e0906a809fbe248c10000c51e0a075b
:10989000661105b66800670267027100f0a0893c96
:1098a0000b003c0a003c09003e01003c03003c0266
:1098b00001a889610119fb1ae21005ed7300a8895e
:1098c000c510050ba889c510060aa889ec11053a30
:1098d000e9ff82090566990045010a216db20bb2c4
:1098e0008975425f3989ea6101205fa889b1997160
:1098f000020239e1e9a009b08161012022a80939f9
:1099000084ea8089b20ab0890555980005839700da
:109910005501038089b08905ab97006704a8897158
:1099200000f0e410023c0c013c05003c0401f80688
:1099300000754429fb32f72cf0ff663275411205a1
:109940008dbd007100106704670460c0a0813c07f2
:10995000003c06003c05003c040105106c00e301de
:10996000ec01610119fb1abc10053e7300a881616e
:109970000119fb1abd1005317300a881c510050738
:10998000a881c5100606a881ec11057ee8ff8109b3
:1099900005aa9800450106216bb10bb1897542609b
:1099a00039cde96101205da881b199710204398c3a
:1099b000e9b1016101200ca881b211710204397c66
:1099c000e9b1016101a8812012b19905f89700a8b9
:1099d00081b211053e980067037100f0e410023c6b
:1099e0000c013c05003c0401f8060075442cfb32d8
:1099f000212df0ff663275411205d3bc00710010b5
:109a00006703670360c0a0813c0700055f6b00e34c
:109a100001ec01610119fb1afe10058d7200a8818d
:109a2000610119fb1aff1005807200a881c510069c
:109a300007b189755196211dfb1ec07f10058a470d
:109a4000000586a6006611052badff6641051e9632
:109a500000670367037ea66080a009610119fb1af5
:109a6000f41005457200a809b119fb2264c1000079
:109a70009029fb1264c10000981a6c42a80bb1b384
:109a800068435732901afb6264c10000b869054e02
:109a900023009069a809b19164f1fb2264c1000020
:109aa00090a1fb1264c1000098926c82a80b553201
:109ab000079092fb6264c10000b8e1052123009089
:109ac000e1a809b211fb2264c1000090a9fb126455
:109ad000c10000989a6c42a80bb23b684357329081
:109ae0009afb6264c10000b8e905f3220090e9a87e
:109af00009b21964f1fb2264c100009121fb1264d8
:109b0000c1000099126c82a80b55320a9112fb62b7
:109b100064c10000b96105c622009161fb1264c1f5
:109b20000000b81a660105013600fb1264c100008e
:109b3000b89a661105f33500fb1264c10000b8192c
:109b4000059ba900fb1264c10000b89905a7a900f4
:109b5000fb1264c10000b8910573aa00fb1264c136
:109b60000000b911057faa00a809b2997511649087
:109b700009b8097601c20a2409f90901c30a2e0f9e
:109b8000b8097601ec232307f90901eb23fbe26412
:109b9000c10000d50e0105fb1264c10000b9190512
:109ba0002eacfffb1264c10000b9190568aa0005bc
:109bb000cbd0ff5f110556a90005d0d0ff5f11057e
:109bc00064a9000588a4003f66036e677100f0a0d9
:109bd00089a0823e0100f80600a889610119fb1adc
:109be000101105c57000a881610119fb1a1111053a
:109bf000b87000a8895d1e6f751e184be1a009e1c1
:109c00000002ec02a80975431005c68f00a88e5dfe
:109c1000676f059a87007517184b767211e803a1d4
:109c200061a8895d1e6f751e184be13c9400a889e0
:109c30005d1e6f751e184be13c9500a88e5d6e6f22
:109c4000621e5fe1393803d7616fa88e5d6e6e6169
:109c50004e2a0ddd6e6e621ed76e6e3f6706a889b6
:109c60005d1e70621e5fe1391503d761707100f0ef
:109c70006601a08181098101e3013c0c0175442545
:109c8000fb32502df0ff661266710542ba0071007a
:109c900010fbe20251000058ee755efe2a11fbe255
:109ca0000251000058ef621fc3ef3f67063f67068f
:109cb0007ea66040e301610119fb1a121105ea6feb
:109cc00000ec015d1e6e610e2b45ec015d1e707592
:109cd0001e184be13e1400ec015d1e70751e184b02
:109ce000e13c9400ec015d1e70751e184be13c9543
:109cf00000ec065d6e70621e5fe1398202d7617012
:109d0000ec01dd1e6e601ed71e6e3f66023f6602ce
:109d10007100eca1013c0f003e020005918600a0fd
:109d200009a901610119fb1a1611057d6f003c0f8d
:109d300001a9015d1e6e610e2a05388800a9015d2a
:109d40001e70751e184be1a081a881a9110685011e
:109d5000012271a88160c06251e3013c08013e010b
:109d60000875442dfb32762df0ff6612667105539f
:109d7000bb0062c0a809a882068121047100f0a07e
:109d8000813c0c013c05003c0401f80600754424ac
:109d9000fb32a42df0ff661266710532b900710026
:109da00010a901390dff3c0f00fbe20351000058e0
:109db000ee755efe2a0efbe20351000058ef621fb3
:109dc000c3efb389610115f806000cf80601ec0138
:109dd00061013b5cff67056e677100f0a089a0829e
:109de000a00af80600a889610119fb1a041105b937
:109df0006e00a881610119fb1a051105ac6e00a85f
:109e0000895d1e72751e144be1711178e301a80a79
:109e1000ec0175431005ba8d00a88e5d6772058e42
:109e200085007517144b767211e803e76122a88e3e
:109e30005d6e72621e5fe1394501d76172a88e5d69
:109e40006e71614e2a0ddd6e71621ed76e713f67b5
:109e500006a8895d1e73621e5fe1392201d7617316
:109e60007100f06601a08181098101e3013c0c01d0
:109e7000754425fb32c92df0ff66126671054fb897
:109e8000007100103f67067ea66040e30161011982
:109e9000fb1a0e1105136e00ec015d1e71610e2b95
:109ea0002cec015d1e73751e144be1f9162200ecbb
:109eb000065d6e73621e5fe139c400d76173ec0109
:109ec000dd1e71601ed71e713f66023f6602710083
:109ed000eca1013c0f003e020005d38400a009a9bb
:109ee00001610119fb1a0d1105bf6d003c0f01a99d
:109ef000015d1e71610e2071a9015d1e73751e1436
:109f00004be1711178a081a881a911068501012278
:109f100058a88160c06251e3013c08013e01087508
:109f2000442dfb32ef2df0ff661266710595b900e6
:109f300062c0a809a882068121047100f0a0813cba
:109f40000c013c05003c0401f80600754424fb327a
:109f5000a42df0ff661266710574b700710010a998
:109f6000013926ff3c0f00b389610115f806000c8a
:109f7000f80601ec0161013b75ff6705608090897f
:109f8000b889ef1efd749e05635e43e19009d5001c
:109f90000102b88167026080818981823c04003cb3
:109fa0000300b189450106202db1814501072b151c
:109fb000b1814101078089b08975518024183c0422
:109fc000012e13b1894101068089b0897551812321
:109fd000053c0401c5000405b109670260c0a08109
:109fe000a00a808ba881610119fb1a021105ba6cc5
:109ff00000a80961212046611120246101215cb083
:10a00000896101a882200dfb127cc1000039bdfbd3
:10a010006703fb127cc1000039bffd6703b0896193
:10a0200001a882200dfb1264c20000399ffb670368
:10a03000fb1264c2000039a1fd6703b0896101a869
:10a0400082200dfb124cc300003981fb6703fb1219
:10a050004cc300003983fd6703fb1a0311054a6cea
:10a060000067037100e4a1813c87003e04003e03c9
:10a07000003c0b003c0a003d04003d0300a9816147
:10a080000119fb1a171105216c003c8701a981d524
:10a09000106e04a981d5107103b901610112b8894c
:10a0a000610115f806010cf80600ec0161013a1790
:10a0b00001a9815d1e70751e184be1a101a9815d8a
:10a0c0001e73751e144be1711178a089a901c5108a
:10a0d000050ba889c510050aa901b5116101200d5c
:10a0e000a901b51961011df806010cf80600ec0183
:10a0f00061012074b282b289399efe61012069a992
:10a10000017100f066128302e41002810a8102f8f4
:10a110000600754438fb321d2ef0ff667105afb5a1
:10a1200000710010a90160c06251e3013c08013eca
:10a13000010875442bfb32562ef0ff66126671053e
:10a1400082b70062c0a9813969fb3c8700fbe20449
:10a1500051000058ee755efe2a0efbe2045100002d
:10a1600058ef621fc3efb5896101205bb28ab281eb
:10a170003926fe61012050a8897100f06612830221
:10a18000e41002810a8102f80600754438fb32822d
:10a190002ef0ff66710537b500710010a88960c008
:10a1a0006251e3013c08013e010875442bfb325625
:10a1b0002ef0ff66126671050ab70062c0a98139e8
:10a1c000c8fc3c8700b589610115f806000cf8064b
:10a1d00001ec0161013bb5fe67077ea67100e4a1b9
:10a1e000813c87003e04003e03003c0b003c0a001b
:10a1f0003d04003d03003d0200a981610119fb1ae5
:10a20000181105a56a00a981d5106e03a981d51082
:10a210007102b88906c501042b0eb88106c5010478
:10a220002b06f806010cf80600ec0161012074a968
:10a23000865d6e7006c90e045fe13942fd75111826
:10a240004b16a106a9865d6e7306c90e045fe1393f
:10a250002dfd7511144b16716678a08ea901c510dd
:10a26000050ba889c510050a3c8701b28945010a7a
:10a270002134a901ec1ea88906a00d1e613e2126ed
:10a28000a88aa90162526251667305b98900610109
:10a290002014a9013c95013c8700990162119101ac
:10a2a0000c3c8701b589610115f806000cf8060120
:10a2b000ec0161013b52ff3f66086040e301610130
:10a2c00019fb1a1b1105e26900ec013945faec0192
:10a2d00039fefbec01398efdec013900ff670160ae
:10a2e000c0a0813e0100f80600a881610119fb1a97
:10a2f0001c1105b56900a881f9156e00a881f91532
:10a300007100a881f9157000a881f9157300a88162
:10a31000f9156f00a881f91572003e01002e68a89a
:10a320000975111806890102e301ec0175431066f5
:10a330000205868900a809751118068901023e14d4
:10a3400000a809751118068901023c9400a8097536
:10a350001118068901023c9500a809751114068997
:10a360000102711178e301ec0175431066020549a1
:10a370008900a80975111406890102f9162200a89e
:10a38000096211a009a8096151239667037100e8c9
:10a39000a109a1023c0e003e02003e0100f80600a9
:10a3a000a909610119fb1a1d1105fe6800a90161c7
:10a3b0000119fb1a1e1105f16800a9095d1e7075cf
:10a3c0001e184be1a081a881b51961012041e5006b
:10a3d0000401e10002ec02a80975431005f38700af
:10a3e000a90160c06251e3013c08013e010866b466
:10a3f000fb32bb2ef0ff6612667105c7b40062c067
:10a40000a9093985faa90939a9f83c0e01c5000e38
:10a410000fb38967067ea67100e4a181a10aa1039a
:10a42000a08c3d04003e0100a981d5106e01f80505
:10a4300000a981610119fb1a2311056d6800a909a2
:10a44000610119fb1a241105606800a889610119ce
:10a45000fb1a2511055368003d04002e76a9865d80
:10a460006e7006c90e045fe13914fb7511184b16a6
:10a47000a00ea809b51161012153a889ec1e62ce76
:10a4800006850e04250afb1a2611051d6800a889f9
:10a49000ec1106890105a80a664305358700a889dd
:10a4a000ec1e624ee31ea889ec1106890105a80a7c
:10a4b00062526683051b8700a889ec1e628ee31e2c
:10a4c000a8093c9401dc016211d301990162119148
:10a4d00001b90106c501012986d40005b9093f6605
:10a4e00008fb127cc1000039f8fdfb1264c20000b9
:10a4f00039effdfb124cc3000039e6fd0260c0a03d
:10a5000081818af80600a881610119fb1a0c1105e6
:10a51000986700a88105d4deffe301ec0161313ac0
:10a52000c000711efb612e220538b60061913ab160
:10a530000061a1207875519320737551123aa200e1
:10a540007551143a9c00755118205775511b2052b3
:10a550007551233a8c0075512b3a8600711ed361d8
:10a560002e237e75513020797551332074711ecba6
:10a57000612e236d75513c203475513f202f75514c
:10a5800047202a711eb3612e232375515c201e7152
:10a590001ea1612e231775517020127551112118bb
:10a5a000b18ba88166023936fa6703b18ba8816640
:10a5b00012392bfa6703ec017100f0a0813c0c0109
:10a5c0003c05003c0401f80600754418fb32c72e18
:10a5d000f0ff6612667105f6b00071001067036740
:10a5e00003fb127cc1000039d3fcfb1264c20000e3
:10a5f00039cafcfb124cc3000039c1fc026080a0c8
:10a60000093c0200a809610119fb1a2911059a6683
:10a6100000b0816101210fa80afb127cc100003942
:10a620006efd8081b0816101210fa80afb1264c216
:10a630000000395bfd8081b0816101210fa80afb18
:10a64000124cc300003948fd8081c5000203b08967
:10a6500067027100eca101a08a3d0300f80600a981
:10a6600001610119fb1a1f11053f6600a88961d11c
:10a67000240afb1a201105316600ec016221e30176
:10a68000a88ba902ef04fb127cc100003989fd06ea
:10a69000c901039089a88ba902ef04fb1264c200d0
:10a6a000003974fd06c901039089a88ba902ef0443
:10a6b000fb124cc30000395ffd06c901039089a954
:10a6c00001662371020605098500ec01a08167057a
:10a6d0007100dca201a18a3d0d003e05003e040090
:10a6e000aa01610119fb1a211105be6500aa0266c3
:10a6f0002371011a05db8400a9096221a1093e0426
:10a70000002e4da90962c106850107250afb1a2200
:10a710001105966500aa02068902056643ef010548
:10a72000b08400a9096241a109aa0206890205664e
:10a7300083710105059b8400a9096281a1093c047c
:10a74000086602ef0139b8fda9016211a101bb0938
:10a750000685010424af67096040fbe20251000056
:10a76000c4e002fbe202510000f8e400c50002036d
:10a77000b08967016040fbe203510000c4e002fbc6
:10a78000e203510000f8e400c5000203b08967014c
:10a790006040fbe204510000c4e002fbe20451000f
:10a7a00000f8e400c5000203b089670105dc7b0006
:10a7b0006111200e610121116611058030002e11fa
:10a7c00066010578300009fb1a0f1005dc640005ee
:10a7d000040800027ea67100eca101a08a910ba8da
:10a7e00089610119fb1a131005bf640005180900df
:10a7f000a90105ee0900b90905020800e301ec0111
:10a80000612120296111201d6101212a051a0c00f6
:10a810006101200ca88e05fb0900e3612e20f806db
:10a82000022e1b66b1056763002e13fb1a19100573
:10a8300078640009fb1a0910056f6400ec01a00997
:10a840003f66067100eca101a08a910ba90161018c
:10a8500019fb1a141005526400a889610119fb1a2a
:10a86000221005456400059e0800a88905db090043
:10a87000b90905880700e301ec0161212026611177
:10a88000201a6101212705a00b0061011ef80602b4
:10a890002e23a901050f0a002e1b66c105f06200d8
:10a8a0002e13fb1a1a100501640009fb1a0b100580
:10a8b000f86300ec01a00967057100eca101a08a12
:10a8c000910ba901610119fb1a3b1005dc6300a87b
:10a8d00089610119fb1a3c1005cf630005280800a7
:10a8e000a88905930900b90905120700e301ec01e5
:10a8f000612120276111201a61012128052a0b00fe
:10a9000061011ef806022e24a90105be09002e1cb5
:10a91000754110057962002e13fb1a3710058a6302
:10a920000009fb1a381005816300ec01a0096705d6
:10a9300060809089fb1234c4000005a8860005c61b
:10a940000700fb1234c4000005a50900b88905ac56
:10a950000600e30105e78600ec0161213a0501618b
:10a96000113af80061013b050105bd0a0061013a99
:10a970000601fb12e4c4000005a3090005bf860020
:10a9800061113acb0005b686006131212c7200a01e
:10a99000fe754eb0fb2234c40000ef01efe37f8f61
:10a9a000ef017211b000fb22e4c40000efe37f8fdf
:10a9b00039b602720060017200a0fe754eb0fb2233
:10a9c00034c40000ef01efe37f8fef017211b0009c
:10a9d000fb22e4c40000efe37f8f396a0572006058
:10a9e000017200a0fe754eb0fb2234c40000ef01de
:10a9f000efe37f8fef017211b000fb22e4c400008f
:10aa0000efe37f8f397202720060017200a0fe7561
:10aa10004eb0fb2234c40000ef01efe37f8fef0163
:10aa20007211b000fb22e4c40000efe37f8f3927ee
:10aa30000272006001720050ff7543b0fb22e4c453
:10aa40000000ef017f8f3956017200b000fb12e465
:10aa5000c4000005ae8500670266d105316100675c
:10aa600002fb1a1b10054262006702fb1a0c10055c
:10aa700038620067026702608090890589060005d8
:10aa8000c10800b88905750500e301ec01612120ca
:10aa9000466111203a61012148058d0900610121bb
:10aaa000287100f06601a08181098101e3013c0c5d
:10aab00001754419fb32e02ef0ff66126671050e37
:10aac000ac00710010670205940800670266e1059a
:10aad000bd60006702fb1a1c1005ce61006702fb17
:10aae0001a1d1005c4610067027100d8a189a20275
:10aaf000a20b918c3c0d003d05012e52050806006d
:10ab0000aa0baa02a98905660800b98905ee040006
:10ab1000a009a8096121201f6111201361012120d2
:10ab200005060900610120203c0d012e1b66f10580
:10ab30005d60002e13fb1a1e10056e610009fb1ae2
:10ab40001f1005656100990962119109b30961013e
:10ab500015f806000cf80601ec016101200cb9099a
:10ab600061112406f806010cf80600ec01610121d0
:10ab70008db309610115f806000cf80601ec0161be
:10ab80000111fb1a20100521610005510800a101e7
:10ab9000a10aa183a901a90aa983670a6e67604077
:10aba0003d0100710610fbe20551000058ee610ef8
:10abb0002048b8ef05b17b004b17900fb80905b7d7
:10abc0007b00b96f05c57b004b17900fb80905cb0b
:10abd0007b0005b6770061012114a96905f08900a1
:10abe000b96105db7b00b9e105f97b00fbe20551aa
:10abf0000000f8e4003f670305907700611120270b
:10ac000061012145a96905c68900b8e905697b008c
:10ac1000b96905877b00b96105a57b00b9e105c36a
:10ac20007b003f670305407b0006c5610317669103
:10ac3000055c5f0005557b0006c56105201666a111
:10ac4000054c5f003f6703fb1a1010055c60003f76
:10ac500067033f6703ad090685014112fb1a241003
:10ac6000054760000202b1814501b612fb1a2610a9
:10ac70000537600002026e6860403c03007206c443
:10ac8000007107143d0096597e60456e602035596d
:10ac90007e60611e1766110556b9ff3c0301710005
:10aca000f06601a08181098101e3013c0c0175443a
:10acb00039fb32fa2ef0ff663266710511aa007177
:10acc0000010597e54456e542035597e54611e172c
:10acd0006611052fb9ff3c03017100f06601a081e8
:10ace00081098101e3013c0c0175443efb32342fa4
:10acf000f0ff6632667105d6a900710010fbe2060e
:10ad000051000058e8055a8a0045180c20150551d5
:10ad10008a00fbe206510000c11e0c661105a2b8b4
:10ad2000fffbe20751000058e805368a004418206e
:10ad300014052e8a00fbe207510000c01e661105b3
:10ad400080b8ffaff10685611e202f7100f066010b
:10ad5000a08181098101e3013c0c01754439fb327a
:10ad6000732ff0ff663266710564a90071001066ea
:10ad70000105a4b8ff3c03015d7e3106c56e31209c
:10ad8000367100f06601a08181098101e3013c0c6c
:10ad90000175443cfb32ad2ff0ff66326671052e23
:10ada000a9007100103c0301fbe294af00005ce1dc
:10adb00005df8a000afbe294af0000d17e31597ea4
:10adc00056456e562038597e56456e5628095961ab
:10add000560558b8ff7100f06601a0818109810114
:10ade000e3013c0c01754437fb32ea2ff0ff663279
:10adf000667105daa8007100103c0301597e5745c1
:10ae00006e572038597e57456e57280959615705a6
:10ae100028b8ff7100f06601a08181098101e3017a
:10ae20003c0c01754437fb322230f0ff663266710c
:10ae3000059ca8007100103c0301597e5e456e5ec2
:10ae4000207fdd713406610d6134d3015c01610145
:10ae5000206ffbeefff60006e00c0e2113597e5e1c
:10ae6000456e5e285c59615e05ea89002e535d716e
:10ae7000347100f066128302a081810a8102f80613
:10ae800000754443fb325a30f0ff66326671053e6e
:10ae9000a8007100105d61347100f0a0813c0c00cd
:10aea0003c05013c0401f806006664fb329e30f06c
:10aeb000ff663266710517a8007100103c0301aff0
:10aec000710681611caf7a0681621d5721610120e4
:10aed0003daf79af720685621c06a100611d222e6e
:10aee000af6aaf6105efb6ff7100f06601a0818126
:10aef000098101e3013c0c01754442fb32a530f0ad
:10af0000ff6622667105c7a700710010b089611144
:10af10002125fbe20851000058ef621fc3effbe25e
:10af20000851000058ee615e2319fb1a27100579bd
:10af30005d003f6804fbe208510000f8e4003f6850
:10af4000043f680460c0e5004002720ec000710f4b
:10af500010e5f01001d5e00701d1f007052c7400d1
:10af60006111202c6101214da88177215535f3a075
:10af700081a8097721aacafca009b8097721f6ffa0
:10af80000090095c017721fdff00d3012e2fa881dd
:10af90007721aacafca081a80977215535f3a00919
:10afa000b8097721fdff0090095c017721f6ff00c9
:10afb000d30109fb1a211005f05c00a809069501d0
:10afc0000205f88600dc01065501015f11057a874c
:10afd000006703393101fbe2e12c0000f8e400fbdb
:10afe000e2e02c0000fbf2e12c0000c0fefbe2e0fe
:10aff0002c000058ef601fc3ef026e677100ec92e7
:10b00000093e02003c0700fbe27aae00005cee6104
:10b010000e19fb1a071005915c00fbe27aae0000e6
:10b020005ce6ba0f0517800061111df806000cf8e8
:10b030000601ec016040c301fb22ce220000ef615b
:10b04000ef23ef740535290062408189610115f80d
:10b0500006000cf80601ec016101153e02010c3ef0
:10b060000200a881a0893f67077ea67100f083894e
:10b07000a082fb12ce220000a009b38939fa006138
:10b080000115f806000cf80601ec01610111fb1a2c
:10b09000001005155c00a8817701000001230afb60
:10b0a0001a081005045c00b389a80ac321fbe2e179
:10b0b0002c0000a809c4e101a881a80a9029a80ec3
:10b0c00066036642ef61055e5600a069a80eb86a85
:10b0d00071610c6603054f5600a0e1b90162c1fb26
:10b0e000e27aae0000d3e1fbe2e02c0000fbf2e1eb
:10b0f0002c0000c0fefbe2e12c000058ef621fc3f1
:10b10000ef3f6605fb3a120a6602fb12ce220000f0
:10b1100005a77b00fbe27aae0000f8e50002604084
:10b12000fbe2e02c0000c4e003b0896701604080ce
:10b1300089055772006111201061012131fb1a0d40
:10b140001005665b006701fbe2e12c0000c10e0305
:10b15000fbe2e02c0000fbf2e12c0000c0fefbe271
:10b16000e12c000058ef621fc3ef6701fb1a0e10bd
:10b1700005375b006701608081893c050005be7e64
:10b180000060116131244bb189611116b1896121cf
:10b190001df806010cf80600ec0161011eb1896181
:10b1a000311df806010cf80600ec0161011eb189a1
:10b1b00061411df806010cf80600ec0161011eb1a9
:10b1c0008961511df806010cf80600ec018109099e
:10b1d000fb1a171005d35a00c5000506b181670296
:10b1e0006080a0093c0300a80960116131241ac5e0
:10b1f000000403fbe2ce220000c50e030c6611ef33
:10b20000120568feff6702fb1a0110059c5a0067d1
:10b21000027100f0fbe2ce220000c5e00c0bb28907
:10b22000610117b28961512906f806010cf8060080
:10b23000ec01610111fb1a0210056e5a00b289a0df
:10b2400009a809a08967046080a009610119fb1a97
:10b25000031005555a00e10001ec02fb12ce22005a
:10b260000062c175431405697900754214662105b1
:10b27000fafdff67026080a009610119fb1a39100d
:10b2800005275a00e10001ec02fb12ce2200006209
:10b29000c1754318053b7900754218662105ccfd40
:10b2a000ff67026080a009610119fb1a041005f90b
:10b2b0005900e10001ec01fb22ce22000062c275c0
:10b2c0004314050d790067026080a009610119fb34
:10b2d0001a3a1005d45900e10001ec01fb22ce22fc
:10b2e000000062c275431805e8780067026080a01c
:10b2f00009610119fb1a051005af5900e10001ecc5
:10b3000002fb12ce22000062c17543b005c3780073
:10b310007542b066310554fdff67026080a0096187
:10b320000119fb1a061005815900e10001ec01fb2f
:10b3300022ce22000062c27543b0059578006702f4
:10b34000fb12ce22000062c1fb2a02030506f3ffb6
:10b35000fb2a020366410513fdff02fb12ce220009
:10b360000062c1fb2a02030569f3ff027100eca031
:10b3700081a08aa103f80600fb12ce22000062c160
:10b380006643710208054a7800fb12ce2200007164
:10b390001110662371020c053878003e01002e283a
:10b3a000a90206890201fb12ce2200000688017163
:10b3b000111266a3051b7800ec0162a1e301a80944
:10b3c00072110001a009a809770100000123d3fb35
:10b3d0002a060a66510594fcff67057100e0fb220e
:10b3e000ce22000062c2664371011005e47700e1dd
:10b3f0000004fb22ce220000712210662371010e90
:10b4000005cf7700d5000702fb12ce220000711194
:10b4100012a081e40005d500020ce5000207a9098d
:10b42000a982a98b670860803c0600398800610109
:10b4300015f806000cf80601ec016101200e7541bb
:10b4400011054b57003c06002e23392900610115d8
:10b45000f806000cf80601ec016101200d7541129f
:10b46000052c57003c06000c3c0601c5000607b140
:10b470008967027100ec3e03003c0b003e0100fbbb
:10b4800012ce220000e301ec0162c1a089ec01b8f8
:10b490001aa8896603058f5200a009ec01a80a06c4
:10b4a000851202153c0b000c3c0b01c5000b13b4bc
:10b4b0008967057100e43e05003c83003c82003e44
:10b4c00003003c0b00fb12ce220000a009e50001a6
:10b4d00005a809c41012a90966036642054852006e
:10b4e000a089053cfcff8289b481058cfcff6101c9
:10b4f00015f806000cf80601ec016101202fb4815b
:10b500007100f0a0813c0c013c05003c0401f806f0
:10b510000075441cfb32e830f0ff6622667105ae10
:10b52000a1007100103c8300388501a809a88a0693
:10b530008512012055a8897100f066128302a0814e
:10b54000810a8102f80600754421fb320531f0ffc3
:10b55000662266710578a100710010a8097100f0db
:10b5600066128302e5100102810a8102f806006674
:10b57000b4fb322731f0ff662266710551a10071dc
:10b5800000103c8300382801a809b28a4512013a0c
:10b59000a000b2897100f0a0813c0c013c05003c88
:10b5a0000401f80600754419fb323331f0ff6622be
:10b5b0006671051aa100710010a809b0197100f098
:10b5c00066028302a081810ae3023c040166b4fba7
:10b5d000322731f0ff6622667105f3a0007100107a
:10b5e0003c830005a56d0061013ac400611121365c
:10b5f000a809b0190539fbff0526fbff7100f03cd7
:10b600000c01a0813c05003c0401f80600754414bf
:10b61000fb324d31f0ff6612667105b2a000710079
:10b6200010388c00fb1a1210057f5600388100a8d4
:10b6300009b8196111200ea809b81975511415f827
:10b6400006010cf80600ec016101200ea809b819ea
:10b650007551b015f806010cf80600ec01610120e7
:10b660000fa809b8197601020315f806010cf806af
:10b6700000ec016101200fa809b8197601060a152e
:10b68000f806010cf80600ec016101200ea809b8cb
:10b690001975511815f806010cf80600ec01610146
:10b6a00012fb1a1610050256000c3c8301c500134c
:10b6b0001bb6896707fbeefe0308f8e90ba5fbee56
:10b6c0001fc108f0effbee1fc108f0e602fbee1f02
:10b6d000c108f0eefbee1fc108f0e7fbeefe030829
:10b6e000f8e900a50239d0fffbee100008ecef7b73
:10b6f0001fe3effbee0090085cef772fffef00d326
:10b70000effbee0090085def48762fff7fd7ef4804
:10b71000fbee0090085def48772fffdf00d7ef4882
:10b72000fbee807008f0e8fbee807008f2e8900114
:10b73000fbee009008f8e90002fbee009008f9e942
:10b74000080006fb1e0090083c1c00fbee00900861
:10b75000f9e47a00fbee009008f9e4e051fbee001a
:10b760009008f9e4e151fb1e0090083d1203fbee46
:10b77000009008f9e9331b03fbee0090085defd859
:10b78000772ff7ff00d7efd8fbee009008ddefd062
:10b79000659f772ff9ff00d7efd0fbee0090085d93
:10b7a000efd8772f7fff00d7efd8fbee009008ddb2
:10b7b000efd0763f9000772f9fff00d7efd0fb1e92
:10b7c0000090083d1700fbee009008f9e47d02fbb5
:10b7d000ee009008dcef78cfd3effbee009008f995
:10b7e000e54800fbee8070085aef0003783f762fa3
:10b7f000f800cbef0003fbee04c008754ffe51efdd
:10b8000060c7ef60fbee04c008754ffe50efc3ef5a
:10b81000fbee60c108f8e480fbee04c008754ffd44
:10b8200051ef60c7ef60fbee04c008754ffd50efad
:10b83000c3effb1e60c1083c11803993fe02fbee92
:10b84000807008f0e8fbee807008f2e09001fbeefb
:10b85000009008dcef789fd3ef026080fbee009051
:10b86000085ceefc5aee1104610e1df806010cf89e
:10b870000600ec018189b1896702fbee0090085c4b
:10b88000ef772ffffd00d3effbee0090085cef7623
:10b890002fff7fd3effbee807008f2e89001fbee04
:10b8a000807008f0e8026080a0096121290cfb1a71
:10b8b0000f2505f553002e0ffbe29c0cf0ffa809a5
:10b8c000fe61eed0e0d40001b809670239e9fdfb62
:10b8d000ee100008ecef7b0fe3effbee0092085c4c
:10b8e000ef772fffef00d3effbee0092085def48fc
:10b8f000762fff7fd7ef48fbee0092085def487789
:10b900002fffdf00d7ef48fbee009208f8e500fbc1
:10b910001e0092083c1c00fbee009208f9e47a003d
:10b92000fbee009208f9e4e051fbee009208f9e426
:10b93000e151fb1e0092083d1203fbee0092085df0
:10b94000efd8772ff7ff00d7efd8fbee009208dd96
:10b95000efd0780f772ff1ff00d7efd0fbee0092fa
:10b96000085defd8772f7fff00d7efd8fbee00926e
:10b9700008ddefd0784f772f1fff00d7efd0fb1ee9
:10b980000092083d1700fbee009208f9e47d02fbef
:10b99000ee009208d0eefbee009208f9e54800fbbd
:10b9a000ee04c008754fef51ef60c7ef60fbee0487
:10b9b000c008754fef50efc3effbee64c108f8e429
:10b9c00080fbee04c008754fdf51ef60c7ef60fbee
:10b9d000ee04c008754fdf50efc3effb1e64c108d3
:10b9e0003c118039eafc02fbee009208dcef78ffa4
:10b9f000d3ef026080fbee0092085ceefc5aee1181
:10ba000004610e1df806010cf80600ec018189b1f5
:10ba1000896702fbee0092085cef762fff7fd3ef81
:10ba2000026080a0096121290cfb1a0e25057a52bb
:10ba3000002e0ffbe2a40cf0ffa809fe61eed0e09f
:10ba4000d40001b8096702396efcfbee100008ec67
:10ba5000ef7b7fe3effbee0094085cef772fffefc7
:10ba600000d3effbee0094085def48762fff7fd701
:10ba7000ef48fbee0094085def48772fffdf00d71b
:10ba8000ef48fbee009408f8e500fb1e0094083c2c
:10ba90001c00fbee009408f9e47a00fbee00940829
:10baa000f9e4e051fbee009408f9e4e151fbee000b
:10bab0009408f9e4e251fbee009408f9e4e351fb49
:10bac000ee009408f9e4e651fbee009408f9e4e78f
:10bad00051fbee009408f9e4eb51fbee009408f9f9
:10bae000e902cf08fb1e0094083d1700fbee00940e
:10baf00008f9e47d02fbee009408d0eefbee009422
:10bb000008f9e54800fbee65c008754ffb50efc330
:10bb1000effbee05c008754ffb50efc3effbee6a7d
:10bb2000c108f8e480fbee65c008754ff750efc31d
:10bb3000effbee05c008754ff750efc3effb1e6a31
:10bb4000c1083c1180fbee65c008754fef50efc394
:10bb5000effbee05c008754fef50efc3effb1e6a19
:10bb6000c1083c1280fbee65c008754fdf50efc383
:10bb7000effbee05c008754fdf50efc3effb1e6a09
:10bb8000c1083c1380fbee66c008754ffe50efc342
:10bb9000effbee06c008754ffe50efc3effb1e6ac9
:10bba000c1083c1680fbee66c008754ffd50efc320
:10bbb000effbee06c008754ffd50efc3effb1e6aaa
:10bbc000c1083c1780fbee66c008754fdf50efc31d
:10bbd000effbee06c008754fdf50efc3effb1e6aa8
:10bbe000c1083c1b8039e8fa02fbee009408dcef48
:10bbf00078ffd3ef026080fbee0094085ceefc5a05
:10bc0000ee1104610e1df806010cf80600ec01812e
:10bc100089b1896702fbee0094085cef762fff7f05
:10bc2000d3ef026080a0096191290cfb1a0e250553
:10bc30007850002e0ffbe2ac0cf0ffa809fe61ee7d
:10bc4000d0e0d40001b809670260408089b0896102
:10bc5000111e3997ff670139beff67010570fcffb0
:10bc600005e7fdff661105e3ffff6602fb1a030609
:10bc700005672a006642fb1a000d0573280066025c
:10bc8000fb1a020605532a006642fb1a000d055fe7
:10bc90002800026080f8060005f0660061011a665f
:10bca000210582ffffe3010966110579ffffe3012a
:10bcb000ec01a00967026080f8060005cd6600610e
:10bcc000011a6611055fffffe3010966210556ffb2
:10bcd000ffe301ec01a00967026080f8060066013d
:10bce0000543ffffe301ec01a00967026080f8064d
:10bcf0000066410530ffffe301ec01a00967026027
:10bd000080f806006651051dffffe301ec01a00964
:10bd100067026040fb1a0306051f2a0061111d3ce3
:10bd200002010c3c0200c5000203b08967016040bb
:10bd3000fb1a020605032a0061111d3c02010c3c9e
:10bd40000200c5000203b0896701604005a7fcff3f
:10bd50008089b08967016040660105c7fcff9009d2
:10bd6000b80967016040661105b9fcff9009b80980
:10bd700067010575fcff026040f8050005463a00c2
:10bd8000d301d40001b80967016040f805000577c8
:10bd90003a00d301d40001b80967016040053518a5
:10bda00000e30167016080908976118813fd789126
:10bdb000ff0f7611e803fd789113019009d500017a
:10bdc00002b88167026080908976118813fd7891ae
:10bdd000ff0f9009d5000102b88167026080908949
:10bde0007611ff0ffd789188139009d5000102b8f4
:10bdf00081670260c03e0100f8060005c385007639
:10be0000111301fd7891e803e3015c0139d0ffa033
:10be100009a809a0816703fbee140008fae9f501ff
:10be200002a5fbee140008ecef7a0fe3effbee1433
:10be30000008fae9f50102a5027100f0a089f90aeb
:10be40000200013e0100a88961613a890161312047
:10be50006361413abd0061513a160161213be8013d
:10be6000fbe2500df0ffeceef2ea40060fa8816015
:10be700011a081fbe2500df0ffecee5aee4206fc01
:10be80005aee1e04610e200da8090685010215f860
:10be900006010cf80600ec01610121d3a809068512
:10bea000010219fb1a862505004e006641398cfff8
:10beb000670466513985fffbe2500df0ffeceef2ae
:10bec000e240060fa8816011a081fbe2500df0ff57
:10bed000ecee5aee4206fc5aee1e04610e15f80610
:10bee000000cf80601ec016101200da8090685018e
:10bef0000215f806010cf80600ec01610121c7a843
:10bf00008161013b4c01fb1a8725059d4d006704ab
:10bf1000fbe2500df0ffecee5aef4006780f762f63
:10bf2000fd00cbef40060fa8816011a081fbe2501d
:10bf30000df0ffeceef6e0420615f806000cf806f0
:10bf400001ec016101200da8090685010215f80622
:10bf5000010cf80600ec01610121cea8090685015b
:10bf6000023bee00fb1a8a25053f4d006704fbe209
:10bf7000500df0ffecee5aef4006781f762ffe00d2
:10bf8000cbef40060fa8816011a081fbe2500df0bd
:10bf9000ffecee5aee4206fc5aee1f04610e15f855
:10bfa00006000cf80601ec016101200da8090685c8
:10bfb000010215f806010cf80600ec01610121c729
:10bfc000a809068501023b8900fb1a882505da4c81
:10bfd0000067043944fefbe2500df0ffecee754fb4
:10bfe000fc52ef4006cbef40060fa8816011a08104
:10bff000fbe2500df0ffecee5aee4206fc5aee1f4b
:10c0000004610e210ffbe2500df0ffeceef6e04272
:10c010000615f806010cf80600ec016101200da8d8
:10c02000090685010215f806010cf80600ec01610d
:10c030000121b9a809068501022116fb1a8b2505e5
:10c04000684c006704fb1a8925055e4c006704678d
:10c05000047541aa051883fffbee68730859ef4287
:10c06000656f762ff600c7ef427541ad050083ff7f
:10c07000fbee68730859ef42657f762ff700c7ef34
:10c080004275416a05e882fffbee687308edefb682
:10c09000780fe7efb6fb1e687308b092781276222d
:10c0a000f2008092fbee2c0409fae42004fffbee80
:10c0b0002c0409f8e60002fbee1fc108f0effbeece
:10c0c0001fc108f0e6fbee1fc108f9e43310fbeed8
:10c0d00062c00858ef782fc3effbee1fc108f9e4e8
:10c0e0003410fbee62c00858ef783fc3effbee1f41
:10c0f000c108f0effbee1fc108f0eefbee1fc10818
:10c10000f0e7026040e3016101210cfb1a8525057f
:10c11000984b006701fbe2500df0ffecee5aee4049
:10c1200006643e611e1666413911fdfbe2500df0ba
:10c13000ffeceeeeef91017a0febef9101ec01587d
:10c140001e601efbf2500df0ffecffeef59101fcbe
:10c150005ee5106aebf59101ec01b0916011fbe234
:10c16000500df0ffeceeeeef9101fc5e1f9c03eb37
:10c17000ef9101ec01b0996011fbe2500df0ffec82
:10c18000eeeeef9101fc5e1f082debef9101ec014b
:10c19000b0196011fbe2500df0ffeceeeeef9101f3
:10c1a000fc5e1f8c39ebef910167017100eca1017e
:10c1b0003c07083c0601a901610121103c0600fb77
:10c1c0001a842505e44a0038c800fbe2500df0ff50
:10c1d000ecee5aee2106fc5aee1904610e201afb11
:10c1e000e2500df0ffecee5aee2106641e611e1dba
:10c1f0003c06010c3c0600b18161013a9400fbe26f
:10c20000500df0ffeceefae4210600a901ec1174e8
:10c2100021ffffff1ffbe2500df0ffece2a121a97f
:10c2200001b111fbe2500df0ffece292a1fbe250f4
:10c230000df0ffece1a9127be2a1123e02002e16e6
:10c24000a8814b1e06890104c51e0516ed0e02626b
:10c250001ee70e02ed0e0459ee0406850e02250fb0
:10c26000590e0706850e022506f806010cf8060091
:10c27000ec0e610efbe2500df0ffecee21c4fae48f
:10c28000210600fbe2500df0ffeceef2e72106c5bf
:10c2900000060fb38967056080a009fbe2500df02e
:10c2a000ffecee5aee4006643e611e2017fbe250a2
:10c2b0000df0ffecee5aee4006643e612e15f806d6
:10c2c000010cf80600ec016101166651396dfbfbab
:10c2d000e2500df0ffeceef6e04806211afbe250ca
:10c2e0000df0ffecee5aee4806fc5aee1904611e02
:10c2f0001df806010cf80600ec016101201bfb1281
:10c30000d00cf0ffaf117e01fbe2500df0ffecee20
:10c310000691e18be7e18bfbe2500df0ffeceeedd7
:10c32000ef887befe7ef88fbe2500df0ffeceeedde
:10c33000ef897befe7ef89a8097421ffffff1ffb5f
:10c34000e2500df0ffeceee7e188fbe2500df0ff6c
:10c35000eceeedef887bffe7ef88a8097421ffff83
:10c36000ff1ffbe2500df0ffeceee7e189fbe2502e
:10c370000df0ffeceeedef897bffe7ef89fbe2507c
:10c380000df0ffeceef9e286ffffff1ffbe2500d20
:10c39000f0ffeceef9e287ffffff1ffbe2500df02c
:10c3a000ffeceeedef8a742fffffff00e7ef8afb53
:10c3b000e2500df0ffeceef6e04806211afbe250e9
:10c3c0000df0ffecee5aee4806fc5aee1904611e21
:10c3d0001df806010cf80600ec0161012019fbe2d2
:10c3e000500df0ffeceefb12d00cf0ffaf110695f4
:10c3f000e18be7e18bfbe2500df0ffeceef2e04861
:10c4000006670260c0fbe20951000058ee610e3b76
:10c41000c900fbe2f8e10000ecee6c4efb1294c5a3
:10c4200000004be1a009fbe2f8e10000ecee755ed4
:10c43000ef2307f806002e0efbe2f8e10000ece126
:10c440006211e301fbe2f8e10000e00efbe2500db7
:10c45000f0ffecee5aee4806fc5aee1904610e119c
:10c46000fb1a8c2505434800fbe2500df0ffecee73
:10c47000a809edee70742effffff1fe31efbe250d4
:10c480000df0ffeceea809dde2e281123c0b002e7c
:10c490001eb289fbe2500df0ffef1f0688ef068900
:10c4a0000101c6f1c60105b28962118289fbe25021
:10c4b0000df0ffeceeb28906c5e1e229d6fbe250b1
:10c4c0000df0ffeceefae44906fffbe2fce10000b0
:10c4d000ecef621fe3ef6703670360403c0201fb80
:10c4e000e2500df0ffecee5aee2106fc5aee190474
:10c4f000610e201afbe2500df0ffecee5aee210621
:10c50000641e611e1d3c02010c3c0200c5000203ba
:10c51000b08967016080fbe2500df0ffecee5aee4f
:10c520004806fc5ae11f0ce301fbe2500df0ffec62
:10c53000ee5aee4806fc5aee1c04610e204cfbe25b
:10c54000500df0ffeceefae44806017100f06601d0
:10c55000a08181098101e3013c0c0175442bfb3270
:10c560006431f0ff6632661105649100710010fbc2
:10c57000e20a51000058ee755efe2a0efbe20a51f7
:10c58000000058ef621fc3ef3e01002e263976fef1
:10c59000fbe2f4e10000eceefbf2f8e100000684bf
:10c5a000fe1afbe209510000f8e401a8096211a09b
:10c5b00009a80906840123d7fbe2500df0ffecee39
:10c5c0005aee4806fc5aee1f0c610e2010fbe2509a
:10c5d0000df0ffeceef2ec48066702670260803c6b
:10c5e0000700fbe208e20000ecee610e2074fbe2c3
:10c5f00000e20000ecee6c4efb1294d400004be124
:10c6000039abfb8189fbe208e20000ecef601fe33d
:10c61000effbe204e20000f8e600fbe200e20000cb
:10c62000ecee755e8f2307f806002e0efbe200e2ab
:10c630000000ece16211e301fbe200e20000e00e29
:10c64000b18961012011fbe208e20000ecee610e0d
:10c6500015f806010cf80600ec01610121922e117b
:10c66000fbe2500df0ffeceefae4210600670267f2
:10c67000026040f80600fbe2500df0ffecee5aeecf
:10c680005006610e2028fbe20d51000058ee755e49
:10c69000fe2a1bfbe20d51000058ef621fc3effba7
:10c6a000e2500df0ffeceefae4500600fbe2500d14
:10c6b000f0ffecee5aee4306fc5aee1904610e2030
:10c6c0003d7100f06602a082810a8102e3023c0c07
:10c6d00001754428fb329031f0ff661105f08f00a0
:10c6e000710010fbe20b51000058ee755efe2a0e41
:10c6f000fbe20b51000058ef621fc3effbe2500d4d
:10c70000f0ffecee5aee4206fc5aee1d04610e3ac2
:10c710008c0005057000e30105705c006101ec010f
:10c7200021307c0121587100f06602a082810a81cb
:10c7300002e3023c0c01754428fb32b931f0ff667c
:10c7400011058b8f00710010ec017801e3012e2e92
:10c750007c11212a7100f06602a082810a8102e325
:10c76000023c0c01754428fb32b931f0ff6611051b
:10c770005d8f00710010ec017811e3015c0105c9c7
:10c780006f00fbe20c51000058ee755efe2a0efbb6
:10c79000e20c51000058ef621fc3effbe2500df0b6
:10c7a000ffecee5aee4206fc5aee1c04610e202607
:10c7b0007100f06602a082810a8102e3023c0c0152
:10c7c000754422fb32e231f0ff661105018f0071e2
:10c7d0000010670167017100e0a189a1823e050197
:10c7e0003c80023c0f083e0200f90a010001a981c9
:10c7f000610119fb1a852505b0440039bcf83919c7
:10c80000f6fbee140008a90906a00ce1200cfb1aa7
:10c8100080250595440067086621391ff6fbe25024
:10c820000df0ffecee754fe752ef4006cbef400600
:10c83000fbe2500df0ffeceef2e04106fbe2500da2
:10c84000f0ffecee5aef4106781f762ffb00cbef9e
:10c850004106fbe2500df0ffeceef2e34106fbe295
:10c86000500df0ffeceef2ec4106fbe2500df0ff54
:10c87000eceef2ed4106fbe2500df0ffecee754ff1
:10c88000c056ef4106cbef4106a9813978f8fbe2ab
:10c89000500df0ffeceef9e68aff39b7f766513933
:10c8a0009af53c83002e76b4896c414b1ef8e60065
:10c8b000590e136c4efbf2500df0ff0688fef9e5a1
:10c8c00002003c82002e1f590e136c4efbf2500ddd
:10c8d000f0ff0688fe490e12f9e40600590e1262b6
:10c8e0001ec70e12590e12450e0f29dd3c81002e77
:10c8f0001c590e136c4efbf2500df0ff0688fef92a
:10c90000e50700590e11621ec70e11590e11450e92
:10c910001029e0590e13621ec70e13590e13755ecf
:10c9200020fbe2500df0ffecee2805387cfff2e52d
:10c9300041060d6011a009fbe2500df0ffecee5a2c
:10c94000ee4106fc5aee1b04610e200da8810685ff
:10c95000010115f806010cf80600ec016101a809b7
:10c9600021d3610119fb1a8125053e4300fbe250ea
:10c970000df0ffeceefae44d0600fbe2500df0ff87
:10c98000eceefae4500600fbee1fc108f8e400fbf1
:10c99000ee1fc108f8e440fbee1fc108f8e480a9cf
:10c9a0008939f6f866613993f4670860c0a0813c64
:10c9b0000600a8816101210dfb1a832505eb4200c9
:10c9c000389600fb12d00cf0ffaf117e01fbe25055
:10c9d0000df0ffecee0691e18be7e18bfbe2fce171
:10c9e0000000ecee610e20593c0601fbe2f4e10090
:10c9f00000ecee6c4efb2294c500004be275431038
:10ca0000a8817f8ffbe2f4e10000ecee755eef237e
:10ca100007f806002e0efbe2f4e10000ece16211e3
:10ca2000e301fbe2f4e10000e00efbe2fce10000c8
:10ca3000ecef601fe3effbe209510000f8e400fbbc
:10ca4000e2500df0ffeceefb12d00cf0ffaf110640
:10ca500095e18be7e18bc5000607b189670360802c
:10ca6000a009fbe2500df0ffecee5aee4006643eea
:10ca7000611e2017fbe2500df0ffecee5aee40066f
:10ca8000643e612e15f806010cf80600ec01610108
:10ca900016665139a6f3a8097421ffffff1ffbe2b8
:10caa000500df0ffeceee7e187fb12d00cf0ffaf8a
:10cab000117e01fbe2500df0ffecee0691e18ae7fa
:10cac000e18a66613975f367027100f0a0893c0a5a
:10cad000013e0100a889610121103c0a00fb1a8275
:10cae0002505c64100384601fbe2500df0ffecee93
:10caf0005aee4306fbe2500df0ffecee5aee420612
:10cb000005176c00a009058258006101a8091e7a6a
:10cb100001a0090d7a11a009b881052d6c00fb1246
:10cb2000d00cf0ffa8197e01fbe2500df0ffeceef7
:10cb30000691e18be7e18b39a3f961112111fbe249
:10cb400008e20000ecee610e1df806010cf806008c
:10cb5000ec016101200ca8893953f6828138b700b5
:10cb6000fbe204e20000ecee610e2164fbe20ce269
:10cb70000000ecee6c4efb1294d400004be17543c8
:10cb800010a88a7f8ffbe20ce20000ecee755e8f4e
:10cb90002307f806002e0efbe20ce20000ece16237
:10cba00011e301ec01fbe20ce20000e3e1fbe20037
:10cbb000e200000684e11afbe204e20000f8e6016c
:10cbc000fbe208e20000ecef621fe3ef2e4805de17
:10cbd0005700fbe210e200000680e1755165233347
:10cbe0007100f06601a08181098101e3013c0c0123
:10cbf000754418fb320532f0ff662275411205ceee
:10cc00008a0071001005a75700fbe210e20000e364
:10cc1000e13c0a00fbe2500df0ffeceefb12d00c01
:10cc2000f0ffa8190695e18be7e18bc5000a0bb26e
:10cc30008967046040fbe20b510000c4e002fbe2a4
:10cc40000b510000f8e400c5000203b089670160e1
:10cc500040fbe20c510000c4e002fbe20c5100007a
:10cc6000f8e400c5000203b08967016040fbe20af6
:10cc7000510000c4e002fbe20a510000f8e400c5e4
:10cc8000000203b08967016040fbe20d510000c45f
:10cc9000e002fbe20d510000f8e400c5000203b021
:10cca00089670160403c0200fbe2500df0ffeceeb2
:10ccb0005aee4306fc5aee1904610e2019fbe250ad
:10ccc0000df0ffecee5aee4206fc5aee1c04610e2b
:10ccd000143c0201c5000203b0896701fb12d00cad
:10cce000f0ffaf117e01fbe2500df0ffecee06917c
:10ccf000e18be7e18bfbe2f4e10000f8e600fbe208
:10cd0000f8e10000f8e600fbe2fce10000f8e600d4
:10cd1000fbe209510000f8e400fbe2500df0ffeceb
:10cd2000eefb12d00cf0ffaf110695e18be7e18b23
:10cd300002fbeefe0308f8e90ba5fbee1fc108f0ad
:10cd4000effbee1fc108f0e602fbee1fc108f0ee9c
:10cd5000fbee1fc108f0e7fbeefe0308f8e900a5b3
:10cd6000026040e3016101210cfb1a6021053a3f9a
:10cd7000006701ec01ec1e614e290cfb1a632105d2
:10cd8000283f00670139acfffbee140008ecef7a96
:10cd9000afe3effbee800c0af8e400fbee800c0a38
:10cda000f0e0ec01581efbfe800c0a58f5fc5ee535
:10cdb000a51c5b5ec3fefb1e800c0a3c1401fb1e1f
:10cdc000800c0a3c1802fbee04c008754ffe51efc0
:10cdd00060c7ef60fbee04c008754ffe50efc3ef75
:10cde000fbee40c108f9e42080fbee40c108f8e406
:10cdf0001e3958ff67016040fbee800c0af0e73dea
:10ce000001000803980962119009b809755121239e
:10ce1000f4fbee800c0af0e1fbee800c0af1e0106e
:10ce2000fbee60c00858ef780fc3ef67016040fb6e
:10ce3000ee8c0c0ac4e002c5000203b0896701fb56
:10ce4000ee800c0a754fe750efc3effbee800c0a43
:10ce5000f1e810fbee60c008754ffe50efc3effb2a
:10ce6000ee800c0af0e9fbee800c0af0ef02604065
:10ce7000e3016101210cfb1a6121052d3e006701d0
:10ce8000ec01ec1e614e290cfb1a6421051b3e00cf
:10ce90006701399ffefbee140008ecef7aafe3ef79
:10cea000fbeea00c0af8e400fbeea00c0af0e0ecac
:10ceb00001581efbfea00c0a58f5fc5ee5a51c5ba4
:10cec0005ec3fefb1ea00c0a3c1401fb1ea00c0a54
:10ced0003c1801fbee04c008754ffd51ef60c7ef31
:10cee00060fbee04c008754ffd50efc3effbee4151
:10cef000c108f9e42080fbee41c108f8e41e394b7b
:10cf0000fe67016040392cfefbeea00c0af0e73d05
:10cf100001000803980962119009b809755121238d
:10cf2000f4fbeea00c0af0e1fbeea00c0af1e0101d
:10cf3000fbee60c00858ef781fc3ef390efe6701a3
:10cf40006040fbeeac0c0ac4e002c5000203b089ed
:10cf50006701fbeea00c0a754fe750efc3effbee45
:10cf6000a00c0af1e810fbee60c008754ffd50ef11
:10cf7000c3effbeea00c0af0e9fbeea00c0af0ef09
:10cf8000026080a0096101210cfb1a4025051a3db1
:10cf9000006702a809ec1e611e1df806000cf806c9
:10cfa00001fb1e4480085802b01bfc5e23e7008092
:10cfb0001ba809a8196101210cfbee448008f1efc0
:10cfc000022e57fbee100008eceefc5aee0904614d
:10cfd0000e2115fbee0094085ceefc5aee11046184
:10cfe0001e1df806010cf80600ec016101200cfb87
:10cff0001a422505b43c002e19fbee100008ecee99
:10d00000fc5aee0904611e19fb1a4325059b3c00de
:10d01000fbee448008f1e702a809a89161111df810
:10d0200006000cf80601fbee448008580158effc9e
:10d030005e1fa5185bffc3ef6702fbee100008fa46
:10d04000e9f7010ba5fbee1fc108f0effbee1fc1d6
:10d0500008f0e6fbee100008ecef7b3fe3effbeea1
:10d06000458008f8e400fb1e4580083c1100fb1ecb
:10d070004580083c1400fbee1fc108f0eefbee1fdc
:10d08000c108f0e7fbee100008fae9f70100a5027d
:10d090006040e3016101210cfb1a4125050b3c00b6
:10d0a0006701ec01a8996121202561112018610117
:10d0b0002125fbee408008f1e809fbee408008f1f5
:10d0c000e9092e13fbee408008f1e00909fbee4070
:10d0d0008008f1e109ec01a91161212025611120ed
:10d0e0001861012125fbee408008f1ea09fbee40c2
:10d0f0008008f1eb092e13fbee408008f1e20909ec
:10d10000fbee408008f1e309fb1e4080083c141f41
:10d11000fbee408008f8e500fb1e4080083d110052
:10d12000ec01395ffe67016080a009900aa80961df
:10d1300021290cfb1a442505703b006702a80961f0
:10d1400001b8091afbee408008d3e16702fb2e40cc
:10d150008008902967026080a009e302a809612184
:10d16000290cfb1a452505413b006702ec016111c2
:10d17000201d61012130a80961011afbee448008dd
:10d18000f0e66702fbee448008f0e76702a8096159
:10d19000011afbee448008f0ee6702fbee448008c3
:10d1a000f0ef6702fb1a462505ff3a006702fb1ef7
:10d1b0004080083c141ffbee408008f8e500fb1e91
:10d1c0004080083d1100fbee408008f1ef05fbeeca
:10d1d000408008f1ef06fb1e4080083c1900026009
:10d1e00080a0096101210cfb1a002005bc3a0067f0
:10d1f00002a809ec1e613e290cfb1a032005aa3a7d
:10d20000006702a809a819740100000040230cfb64
:10d210001a042005943a006702a809a89161011038
:10d22000a809a89961011df806010cf80600ec0197
:10d230006101200cfb1a0120056f3a0067026702aa
:10d2400060c0a081a00aef213997ffa88161013b4e
:10d25000aa00fbee0f7208f0e8fbee002008f1e8f0
:10d260001ca809aa196111210ea809fbee0f72086a
:10d27000c91e20f101a809a99206951207ec1e6c9f
:10d280008e57e206951209fb1e0020089212a8098b
:10d29000a91206951205fb1e0020089292fb1e00a3
:10d2a00020083c9f00fb1e0020083c9d00a809fbb5
:10d2b000ee002008e11e02a809fbee002008e51e92
:10d2c0000301a809fbee002008e51e0102fb1e0079
:10d2d00020083e1600fbee002008f1e413fbee0fe1
:10d2e00072085aef690165cf762ffc00cbef690118
:10d2f000fbee002208f0e06703a88161712b05387e
:10d300004701b2016011e301fbe2540df0ffec01b3
:10d31000fe61eef1e81ca809aa1961113bad00a855
:10d320008161713a9a00612120256131205161416a
:10d3300020636151206d6161207761113b8d00a8f0
:10d3400009fbee0f7208c91e20f5012e7ea809fb0d
:10d35000ee0f7208c91e20f901fbee932008f0e4dd
:10d36000fb1e9320083c1c00fbee0f72085aef6b6b
:10d3700001659f762ff900cbef6b012e4ea809fbbc
:10d38000ee0f7208c91e20fd01fbeedf2008f8e455
:10d39000002e38a809fbee0f7208c91e2001022ecc
:10d3a0002aa809fbee0f7208c91e2005022e1ca830
:10d3b00009fbee0f7208c91e2009022e0ea809fbf8
:10d3c000ee0f7208c91e200d02fbe2540df0ffecb7
:10d3d00001fe61e1a80aa923069523059293fbe2c9
:10d3e000540df0ffec01fe61e1a80aa9a306952304
:10d3f00007ec2e6c8e57e3069523099213fbe2543b
:10d400000df0ffec01fe61e13c9d00fbe2540df0ec
:10d41000ffec01fe61eea809e11e02fbe2540df0f3
:10d42000ffec01fe61eea809e51e0301fbe2540dcd
:10d43000f0ffec01fe61eea809e51e0102fbee0023
:10d440002208f0e06703fb1a0520055d380067033a
:10d450006080a00961011afbee1d2008f0e0670260
:10d46000a80961712a18b1016011e301fbe2540db2
:10d47000f0ffec01fe61eef1e01d6702fb1a0620f1
:10d480000527380067026080a00961011afbee1dc4
:10d490002008f0e86702a80961712a18b10160113b
:10d4a000e301fbe2540df0ffec01fe61eef1e81d3b
:10d4b0006702fb1a072005f1370067026080a009a8
:10d4c0006101211bfbee787008f0e8fbee78700834
:10d4d000f2e09701fbee1c2008f0e06702a809616a
:10d4e000712a2fb1016011e301a80961212113fb09
:10d4f000ee787008f1e802fbee787008f2e297012e
:10d50000fbe2540df0ffec01fe61eef1e01c67025e
:10d51000fb1a08200593370067026040e3016101b0
:10d52000211bfbee787008f0e8fbee787008f2e85b
:10d530009701fbee1c2008f0e86701ec0161712afd
:10d5400029ec0161212113fbee787008f1e802fb60
:10d55000ee787008f2ea9701fbe2540df0ffec015f
:10d56000fe61eef1e81c6701fb1a0920053b37005c
:10d5700067016080a009e3026102204ea8096101f1
:10d58000211dfbee1e200858eefc5aee1904610e18
:10d59000ec0116f816016702f816006702a8096187
:10d5a000712a1dfbee1e200858eefc5aee1904618c
:10d5b0000eec0116f816016702f816006702fb1a56
:10d5c0000a2005e536006702fb1a022005db36005b
:10d5d00067026040fbeec82008ece1e3016701fb55
:10d5e000eefe0308f8e90ba5fbee1fc108f0effb08
:10d5f000ee1fc108f0e6fbee0ce409f8e50002fbc3
:10d60000ee1fc108f0eefbee1fc108f0e7fbeefed7
:10d610000308f8e900a502fb1e92c1083c170afbab
:10d62000ee6bc00858ef781fc3effb1e92c1083c99
:10d63000180afbee6bc00858ef782fc3effb1e9261
:10d64000c1083c190afbee6bc00858ef783fc3efe6
:10d65000fbe2e32c000058ee610e2116fbee92c1b6
:10d6600008f8e40afbee6ac00858ef782fc3ef020f
:10d67000027100eca101a08aa0833c0601a8896187
:10d680000116a88161011df806010cf80600ec01e5
:10d690006101200f3c0600fb1a9021050c36002e7c
:10d6a0006da9016101210f3c0600fb1a932105f9c8
:10d6b00035002e5aa88179b17421ffffff08fb22a3
:10d6c00094dd0000a029a9016d01fb2294dd00007a
:10d6d000a0a1a889621179b17421ffffff08fbe2c4
:10d6e000a0dd0000e3e1a90160116d01fb22a0ddd6
:10d6f0000000a0a1fbee567108f0e0fbee567108a9
:10d70000f1e001a889fbeec3a008c01ec500060712
:10d71000b1896705fbe2e32c000058ee610e201a88
:10d72000fbeec2a00858eff8e400fbeec2a00875bb
:10d730004ff054efc3ef2e18fbeec2a00858eff8dd
:10d74000e400fbeec2a008754ff254efc3effbee0e
:10d75000100008ecef7bcfe3effbee002408f8e4c9
:10d7600008fbe294dd0000f8eec5a008fbee58fdd2
:10d7700001fbf294dd0000e3effbe2a0dd0000f925
:10d78000ee01c3a008fbee5cfd01fbf2a0dd000092
:10d79000e3effb1e0024083c1801fbee002408f90f
:10d7a000ee0100fc01fb1e0024083c1c0102fbee04
:10d7b000100008ecef7bcfe3effbee002408f8e469
:10d7c00008fbe294dd0000f8e2c5a00840fbee583b
:10d7d000fd01fbf294dd0000e3effb1e0024083c9a
:10d7e0001801fbee002408f9ee0100fc01fb1e000d
:10d7f00024083c1c01fbeec2a00858eff8e400022c
:10d8000060c09109a00ae303743300000018742378
:10d81000ffffff18fb1294dd0000a01b99096d01aa
:10d82000fb2294dd0000a0a1fbee567108f0e0a8f9
:10d8300009fbeec3a008c01e670360408089fbe2bd
:10d84000e32c0000c3e13999fdfbee140008ecef76
:10d850007b9fe3effbee5670085aef010365ffcba9
:10d86000ef0103fbee5670085aef000365ffcbefa4
:10d870000003fb1ec0a0083c1200fbeec0a008f194
:10d88000e809b08961112148fb1ec0a008b0927858
:10d89000028092fb1ec0a0083c1d00fbeec0a00849
:10d8a000f8e480fb1ec0a0083c1700fb1ec0a008c7
:10d8b0003c110039fbfefb1ec0a0087542f055125a
:10d8c000028092fbe2e22c0000f8e4002e3afb1efc
:10d8d000c0a008b09278128092fb1ec0a0083c1d28
:10d8e00005fbeec0a008f8e480fbe2e22c0000f8a3
:10d8f000e401fb1ec0a008b0927532728092fb1e3c
:10d90000c0a0083c13a5fb1ec0a0083c1672390934
:10d91000fdfbee567008f1e801fbee567008f2e7e9
:10d92000b401fbee56700872ee1a06ecef78cfe306
:10d93000effbee567008f0e8fbee567008f2e6b426
:10d9400001fbee56700872ee1a06ecef78dfe3ef9b
:10d95000b089611121206612fb1a020a057b0d00b5
:10d960006602fb1a020a05870b006612fb1a020afe
:10d9700005970d00398bfc67017100dca201a18abb
:10d98000a183928cc50028153c83003e03003e0213
:10d99000003c07003c06003c05223c04a5aa0161ae
:10d9a00001210dfb1a81210500330038ed03a989ff
:10d9b0006101210dfb1a832105ef320038dc03a938
:10d9c000816101210dfb1a842105de320038cb0371
:10d9d0003c830105971100a08aa081fbe2e32c00a3
:10d9e0000058ee610e3aa5016602fb1a020a0519fb
:10d9f0000d00b509610115f806550cf80622ec0179
:10da000081093c04a538d6006602fb1a020a05f912
:10da10000c00710304710205661139e6fd2e3da864
:10da20008aa881ba8b057111006101202b7100f069
:10da30006601a08181098101e3013c0c0175441c50
:10da4000fb322032f0ff6632661105827c007100e5
:10da5000103c83002e3005a04900fb1ec3a008b077
:10da600019fc5a1e1e04610e2113fb1294dd0000e6
:10da7000a8916901610115f806010cf80600ec0196
:10da80006101219d6612fb1a020a057d0c003c060d
:10da9000000803b18162118181b1817551ff21f4c8
:10daa000a88aa881ba8b05f010006101202b7100b3
:10dab000f06601a08181098101e3013c0c017544fc
:10dac00017fb323d32f0ff6632661105017c0071b2
:10dad00000103c83002e21051f4900b101755196ad
:10dae000200cb10175516915f806010cf80600ec1f
:10daf0000161013b15ffb1017551961ab50961012c
:10db000015f806010cf80600ec0161012126b101af
:10db10007551692117b509610115f806000cf80661
:10db200001ec01610115f806010cf80600ec016139
:10db30000115f806010cf80600ec01610115050855
:10db400049006602fb1a020a05bf0b00381c01a837
:10db50008aa881ba8b054110006101202b7100f069
:10db60006601a08181098101e3013c0c0175442516
:10db7000fb325532f0ff6632661105527b007100b0
:10db8000103c83002e1205704800fbe214e20000f6
:10db9000ecee610e21bbfbe20e510000f8e455b53e
:10dba00009610115f806690c3e0096ec01fbe20fd5
:10dbb000510000c3e1fbe214e20000f8e6012e3d53
:10dbc000a88aa881ba8b05d00f006101202b7100b3
:10dbd000f06601a08181098101e3013c0c017544db
:10dbe00022fb327b32f0ff6632661105e17a00716a
:10dbf00000103c83002e1e05ff4700fbe210510081
:10dc00000058ee610e15f806000cf80601ec0161f3
:10dc10000121affbe20e510000c4e007b18975514c
:10dc2000221ab509610115f806010cf80600ec018d
:10dc300061012126b1897551552117b50961011579
:10dc4000f806000cf80601ec01610115f806010c5c
:10dc5000f80600ec01610115f806010cf80600ec6d
:10dc60000161011505e24700fbe2e22c0000f8e447
:10dc700000b48961013ae800aa016121220538bc9b
:10dc8000003993faa983a98aaa0139e7f92e3da898
:10dc90008aa881ba8b05010f006101202b7100f069
:10dca0006601a08181098101e3013c0c01754418e2
:10dcb000fb329e32f0ff6632661105127a00710067
:10dcc000103c83002e4d05304700fb12a0dd000004
:10dcd000a891690161012111fb1ec3a008b019fcc4
:10dce0005a1e1e04610e1df806010cf80600ec0118
:10dcf00061012111fb1ec3a008b019fc5a1e1904b2
:10dd0000610e1df806010cf80600ec0161013b8173
:10dd1000fffbe2e32c000058ee610e15f806000c44
:10dd2000f80601ec0161012036fbee567108f0e8bf
:10dd3000fbee567108f1e8012e25a989fbeec3a080
:10dd400008c01efb1ec3a008b019fc5a1e1e0461a9
:10dd50000e20f2a981fbeec3a008c1e102fbe2e3c1
:10dd60002c000058ee610e200e6612fb1a020a0506
:10dd70009809002e25fbe210510000f8e400fbeeac
:10dd8000c3a008f8e4a5fbe214e20000f8e600fbfb
:10dd9000e2e22c0000f8e401c5001314b5016709a4
:10dda0006040fbe2e22c000058ee610e2058fbe2de
:10ddb0000e510000fbfec3a008c1fe02fbe214e20c
:10ddc0000000ecee612e202c611e2010610e212e31
:10ddd000fbeec3a008f8e4a52e2cfbe214e2000041
:10dde000f8e602fbeec3a008fbf20f510000c0fef4
:10ddf0002e14fbe210510000f8e40109fb1a862101
:10de000005a72e00fbeec3a008c5e00103f10d033a
:10de10007541c05501038089fbeec3a008c50e0300
:10de200001670160c0fb1258e40000a009fb128bdf
:10de300061f1ffa081f806002e14ec01a882fec259
:10de40001ea80afe021eec016211e301fbe20505b9
:10de5000000006840e24e5fbeefe0308f8e90ba59e
:10de6000fbee1fc108f0effbee1fc108f0e6fbee72
:10de700096c208f8e401fbeee4e07ff8e9281efb17
:10de8000ee1fc108f0eefbee1fc108f0e7fbeefe4f
:10de90000308f8e900a56703fbee84e07ff8e9805a
:10dea000aafbee84e07ff9e90200550260403c02e3
:10deb00001fbe21ce20000eceef8e4b3fb1e10e014
:10dec0007faf11fc5a1e1104611e21f2fbee10e01f
:10ded0007f58eefc5aee1c04610e200d3c0200fb44
:10dee0001a8b2405c42d00c5000203b089670160a8
:10def000803c0601fbee10e07f5dee587c0e203189
:10df0000fb1e10e07faf11fc5a1e1404610e21119c
:10df1000fb1e10e07faf11fc5a1e1304610e15f8b2
:10df200006010cf80600ec01610115f806010cf879
:10df30000600ec016101200f3c0600fb1a8c240551
:10df4000682d002e59fbee10e07f5dee587c1e2000
:10df500031fb1e10e07faf11fc5a1e1404610e212c
:10df600011fb1e10e07faf11fc5a1e1304610e1549
:10df7000f806010cf80600ec01610115f806010c29
:10df8000f80600ec013c0600610112fb1a8a240528
:10df9000182d0009fb1a8b24050f2d00fb1e10e025
:10dfa0007faf11fc5a1e1204611e2118fbee10e017
:10dfb0007f58eefc5aee1d04611e18fbee10e07f48
:10dfc000f0ebfb1e10e07faf11fc5a1e1a04611e1d
:10dfd0001e39dbfe8181c5000607b18967026040fa
:10dfe0003c02012e21fbe2b0dd0000ecef71f5fff9
:10dff000e3e5610f211039b6fe3c0200fb1a8d24c7
:10e0000005a72c00fb1e10e07faf11fc5a1e110467
:10e01000611e21d3b08161112116fbee10e07f5803
:10e02000eefc5aee1c04610e1639c6fe8081c50056
:10e030000203b0896701fbee10e07f58eefc5aee58
:10e040001d04611e18fbee10e07ff0eb394cfe3929
:10e050005dfefbee10e07ff9e93a00aafbee10e06e
:10e060007f5dee3a610e21f60260403c0201fbe268
:10e07000b0dd0000f8ea80253966ff8081fbee8480
:10e08000e07ff8e900aafbee84e07f5cee610e2100
:10e09000f7c5000203b0896701fbeefe0308f8e94b
:10e0a0000ba5fbee1fc108f0effbee1fc108f0e669
:10e0b000fbee96c208f8e401fbeee4e07ff8e92805
:10e0c0001efbee1fc108f0eefbee1fc108f0e7fbe0
:10e0d000eefe0308f8e900a5027100eca101a08a98
:10e0e0003c0a01e5000401a8097701000010230b98
:10e0f000a80977010080102306f806010cf8060035
:10e10000ec01610120103c0a00fb1a8024059a2bc7
:10e110000038ae00a889610110a889755141230615
:10e12000f806010cf80600ec01610120103c0a0021
:10e13000fb1a872405732b00388700395dfda889f9
:10e1400061512314a88968217611201cfbe2b0ddff
:10e150000000e3e12e0cfbe2b0dd0000f8ea201c39
:10e16000fbee30e07ff9e4a000fbee30e07fe10e53
:10e1700001a809068901036011fb2e30e07fa02968
:10e18000fbe21ce20000eceef8e471fbe21ce200b2
:10e1900000eceef8e4d03948fe8281b281611121b1
:10e1a00011fbee30e07f59eea4611e183c0a000c12
:10e1b0003986fe39b6fe61011f397dfe3c0a00c575
:10e1c000000a0bb28967057100f0a0893c0a01e5dd
:10e1d000000301a8097701000010230ba8097701ab
:10e1e0000080102306f806010cf80600ec0161011e
:10e1f000200f3c0a00fb1a812405ae2a002e6bfb7f
:10e20000e2b0dd0000f8e200f04902398dfcfbeedf
:10e2100030e07ff9e55801fbee30e07fe10e01fbd5
:10e22000e21ce20000eceef8e420fbe21ce200005d
:10e23000eceef8e4d039a9fd8281fbee30e07f5da1
:10e24000ee2a755e80210efbe2b0dd0000f8e200f0
:10e25000f04902b28161011c39defd390efe828176
:10e26000b28161011c39d1fdc5000a0bb289670476
:10e270007100e0a189a182a10b3c8201e5000703a6
:10e28000e50005023e0100a981610121103c8200e8
:10e29000fb1a842405132a00383b01a88977010062
:10e2a0000010230ba88977010080102306f80601cf
:10e2b0000cf80600ec01610120103c8200fb1a8280
:10e2c0002405e62900380e01a90961212309a909bd
:10e2d0007551212306f806010cf80600ec016101d6
:10e2e00020103c8200fb1a882405be290038e60075
:10e2f000a9097c0120103c8200fb1a892405aa2967
:10e300000038d200a90aa8896c1239cffd61012119
:10e31000103c8200fb1a8624058f290038b700398b
:10e3200079fba909fc5a1e1f78771ec03906fbf23b
:10e33000b0dd0000e3fe388100fbee30e07fe10e4f
:10e3400003fbe21ce20000eceef8e4e8fbe21ce276
:10e350000000eceef8e4022e36a981fbe21ce2009c
:10e3600000eceed01efb1e30e07fad11fc5a1e16f5
:10e3700004611e20f2a9816221a181a8896221a0e5
:10e3800089a8096211a009a8816011a081a809616a
:10e390002123c83e0100fbe21ce20000eceef8e4a1
:10e3a000d0393dfc8481b48161012014fbe2b0ddf1
:10e3b0000000f8eec03906a88161013b7effb48100
:10e3c00061011c3973fc39a3fc8481b48161011c97
:10e3d0003966fcc5001213b48967087100e8a10909
:10e3e000a102a08b3c0901e5000501a90161012101
:10e3f0000f3c0900fb1a852405af28002e5ba809f5
:10e400007701000010230ba8097701008010230674
:10e41000f806010cf80600ec016101200f3c090030
:10e42000fb1a8324058328002e2ffbee84e07ff85f
:10e43000e900aa3c0a002e19b281ef1e06890e01de
:10e440004b1edceea902fe112eb28162118281b256
:10e45000810685010323e3c500090bb289670660c5
:10e46000c0a081908ab889688106890102e30167aa
:10e47000037100f0a089828a8283b289a88afec2d1
:10e480001eb281fc6be115f806010cf80600ec01e8
:10e49000a00967047100f0a089a082c5000c03994f
:10e4a00081fc5a122140fb1e80c00839b4ffa0092c
:10e4b000b08961412311a8096211a009b0896041a6
:10e4c0006c1180810fb0896c118081a809581e667b
:10e4d0003fb082fd622f7e0f53fec31ea809581e57
:10e4e000b202b083fd6232572ec31e67047100f082
:10e4f000a089a082a88968818081c5000c03a881b9
:10e5000061a1250538c901fbe29c28f0fffe51ee10
:10e510007f4eb08bb082fb12f904f0ff3955ff61da
:10e5200001210cfb1a8020058027006704b982fbbb
:10e530001ee0c008392bffa009a809581eb08afcac
:10e5400063e2c31e6704b08bb082fb12f904f0ffd4
:10e550003921ff6101210cfb1a8120054c2700673e
:10e5600004b982fb1ee0c00839f7fea009a80958cb
:10e570001eb08afc67e2c31e6704b08bb082fb1238
:10e580000d05f0ff39edfe6101210cfb1a8220051b
:10e590001827006704b982fb1e28c10839c3fea0f2
:10e5a00009a809581eb08afc63e2c31e6704b08b39
:10e5b000b082fb120d05f0ff39b9fe6101210cfba1
:10e5c0001a832005e426006704b982fb1e28c108cf
:10e5d000398ffea009a809581eb08afc67e2c31e45
:10e5e0006704b982fb1e60c0083976fea009a8093d
:10e5f000581eb08afc67e2c31e6704b982fb1e6026
:10e60000c008395dfea009a809581eb08afc63e263
:10e61000c31e6704b08bb082fb12e504f0ff3953d0
:10e62000fe6101210cfb1a8420057e26006704b9d7
:10e6300082fb1ec0c0083929fea009a809581eb0d7
:10e640008afc67e2c31e6704b08bb082fb12e5044c
:10e65000f0ff391ffe6101210cfb1a8520054a26b7
:10e66000006704b982fb1ec0c00839f5fda009a8e7
:10e6700009581eb08afc63e2c31e6704a8896602bb
:10e680003914fe6704b08bb082fb12bd04f0ff3971
:10e69000e2fd6101210cfb1a8620050d26006704ae
:10e6a000a889661239f0fd6704b08bb082fb12d1e5
:10e6b00004f0ff39befd6101210cfb1a872005e93a
:10e6c00025006704a889662239ccfd6704fb1a88f7
:10e6d0002005d62500670460c0a081a00ab902fb0e
:10e6e0001e00c008397bfde301a8096101ec01218e
:10e6f0000d581eb202fc67e2c31e6703581eb20229
:10e70000fc63e2c31e670360c0a081a00ab902fbdc
:10e710001e20c008394bfde301a8096101ec01216d
:10e720000d581eb202fc67e2c31e6703581eb202f8
:10e73000fc63e2c31e67037100f0a089b982fb1e6f
:10e7400040c008391cfda009a809581eb301fc6b84
:10e75000e115f806010cf80600ec01a0816704fb46
:10e76000eefe0308f8e90ba5fbee1fc108f0effb76
:10e77000ee1fc108f0e602fbee1fc108f0eefbee53
:10e780001fc108f0e7fbeefe0308f8e900a502fb55
:10e79000ee100008ecef7a7fe3effbee00e009f803
:10e7a000e2000000e0fbee00e009f9e52200fbeeec
:10e7b00000e009f9e64000fbee00e009f9e5a200ff
:10e7c000fbee00e009f9e68000fbee00e009fae567
:10e7d000220100fbee00e009f9e6c000fbee00e0dc
:10e7e00009fae5a20100fbeeb4c108f8e414fbee5f
:10e7f0006ec00858ef784fc3ef02fb1224e200000e
:10e80000a81aec1e621efd742200a01ae31efbe291
:10e810001151000058ef621fc3effbe211510000dd
:10e8200058ee755e65230bfb1a3d20057c24000223
:10e83000fbe21151000058ee755e642127fbe220d7
:10e8400051000058ee611e1d052c4000fbe220e245
:10e850000000ecef621fe3effbe211510000f8e46f
:10e86000000202fbee00200cecef7a1fe3effb1e30
:10e8700000200ca81a7802a01afbee00200cecef86
:10e88000781fe3ef02fbee00200cecef7a1fe3efc2
:10e89000fb1e00200caa9a7a02a29afbee00200c22
:10e8a000ecef781fe3ef02fbee00200cecef7a1f99
:10e8b000e3effb1e00200ca89a7802a09afbee0062
:10e8c000200cecef781fe3ef026040e301610121cf
:10e8d0000cfb1a302005d223006701ec01ec1e610d
:10e8e0009e290cfb1a392005c0230067013972feee
:10e8f000fbee100008ecef7a7fe3effbee00200c5c
:10e90000f8ee00a500fb1e00200c3e1c03fb1e00c1
:10e91000200cab127a12a312ec01ec1efbf2080ed3
:10e92000f0fffe6ef17881fb2e00200ca2a9ec0115
:10e93000fbee00200ce51e0119fb1e00200c3e9290
:10e9400000fbee00200cf9e20400000080fbee006a
:10e95000200cf9e20500000080fbee00200cf9e23b
:10e960000600000080fb1e00200c3e900fec01fb17
:10e97000ee00200ce51e0213fbee00200cf9ea0d60
:10e980004601fbee79c108f8e414fbee67c00858b5
:10e99000ef781fc3ef39e2fd67017100f0a08961d4
:10e9a00001200ca8897401016889092306f8060171
:10e9b0000cf80600ec016101200cfb1a3e2005e971
:10e9c00022006704fbee00200cf8ee00a500fb120d
:10e9d0000068890906a1090103a081a8816811a026
:10e9e00009fbee00200ce50e0219fbee00200ce501
:10e9f0000e0113fbeefe0308f8e900a56704fbee29
:10ea0000fd7008f0e8fbeefd7008f2e52201fbee78
:10ea100000210cecef7a1fe3effb1e00210ca81a7b
:10ea20007812a01afbee00210cecef781fe3ef0246
:10ea3000fbee1f7208f0edfbee00210cecef7a1fed
:10ea4000e3effb1e00210caa9a7a02a29afbee00c9
:10ea5000210cecef781fe3ef02fbee00210cecef52
:10ea60007a1fe3effb1e00210ca89a7812a09afbf4
:10ea7000ee00210cecef781fe3ef026040e3016150
:10ea800001210cfb1a3120052022006701ec01ec6a
:10ea90001e619e290cfb1a3a20050e2200670139df
:10eaa000c0fcfbee1f7208f0edfbee100008ecef6f
:10eab0007a7fe3effbee00210cf8ee00a500fb1ed1
:10eac00000210c3e1c03fb1e00210cab127a12a38a
:10ead00012ec01ec1efbf2080ef0fffe6ef17881e5
:10eae000fb2e00210ca2a9ec01fbee00210ce51e7f
:10eaf0000119fb1e00210c3e9200fbee00210cf9d7
:10eb0000e20400000080fbee00210cf9e2050000a9
:10eb10000080fbee00210cf9e20600000080fb1ee5
:10eb200000210c3e900fec01fbee00210ce51e02d3
:10eb300013fbee00210cf9e20440000080fb1e00f4
:10eb4000210cab927802a392fbee1f7208fae4de6e
:10eb50000741fbee1f72085aefde01655f762ff565
:10eb600000cbefde013912fc67016080fb1224e26a
:10eb70000000a81aec11660466a3052c7400a00a14
:10eb8000e30167026080fb1224e20000a81aec1186
:10eb9000a00ae30167027100dca202a189a1833906
:10eba000cbffa102a089a901a88a0681020706a1bc
:10ebb000000108a081a00aa881a80a660e068502a5
:10ebc00006fc03e12206f806000cf80601ec0185bc
:10ebd00089b58967097100dca202a189a18339a6e0
:10ebe000ffa102a089a901a88a0681020706a10047
:10ebf0000108a081a00aa881a80a660e068502065f
:10ec0000fc03e12206f806000cf80601ec018589f8
:10ec1000b58967097ea66080a009e302a8096101a1
:10ec200019fb1a342305822000ec01610119fb1a3b
:10ec30003f2305752000a80e3932ffa06ae361ec7e
:10ec400001a80aa0a13f66036040e301610119fb2e
:10ec50001a352305542000ec013e1100f81600ec93
:10ec6000013e120067017ea66040e301610119fbcd
:10ec70001a362305342000ec0639f1fea06ae36160
:10ec8000ec013e12003f66026080a0093c0200a831
:10ec900009610119fb1a3723050f2000a809a89163
:10eca0006101143c0201c5000203b0896702608063
:10ecb000a009610119fb1a382305ee1f00a809a855
:10ecc00091610119fb1a402305df1f00a80ba83a28
:10ecd000ec31a8b339c2fe8089b08967027ea66094
:10ece00080a009e302a809610119fb1a412305b9b3
:10ecf0001f00ec01610119fb1a422305ac1f00a89b
:10ed00000e05d43600e361ec01a80aa0293f660392
:10ed10006040e301610119fb1a4323058c1f00ecdd
:10ed200001f81600ec013e110067017ea66040e389
:10ed300001610119fb1a4423056f1f00ec060597ba
:10ed40003600e361ec013e11003f66026080a009dd
:10ed50003c0200a809610119fb1a4523054b1f005d
:10ed6000a809a8196101143c0201c5000203b08979
:10ed700067026080a0093c0200a809610119fb1a22
:10ed8000462305251f00a809a819610119fb1a4788
:10ed90002305161f0005403600a80a068021a82a70
:10eda000fd74920a472123053c0201c5000203b00d
:10edb000896702fbeef57008f0e8fbeef57008f2eb
:10edc000e5290102fbee1e7208f0ed02fbee0029c0
:10edd0000cecef7a1fe3effb1e00290ca89a789247
:10ede000a09afbee00290cecef781fe3ef026040e5
:10edf000e3016101210cfb1a322005ad1e00670101
:10ee0000ec01ec1e619e290cfb1a3c20059b1e00a8
:10ee10006701394df9397af9fbee1f7208f0e8fb0a
:10ee2000ee100008ecef7a7fe3effbee00290cf820
:10ee3000ee00a500ec01ec1efbf2080ef0fffe6eea
:10ee4000f17881fb2e00290ca2a9ec01fbee002930
:10ee50000ce51e0119fb1e00290c3e9200fb1e0052
:10ee6000290c3e1902fbee00290cf9e20401000016
:10ee700080fbee00290cf9e20502000080fbee00a9
:10ee8000290cf9e20602000080fb1e00290c3e90ce
:10ee900007fb1e00290c3e1d00fb1e00290c3e94a2
:10eea00001fb1e00290c3e9701fb1e00290c3e961b
:10eeb00001fb1e00290c3e9801fb1e00290c3e1e82
:10eec00001fbee00290cf9e62a11ec01fbee00290a
:10eed0000ce51e011afbee1f7208fae4d60789fb47
:10eee000ee1f72085aefd601782f762ff400cbef81
:10eef000d6013985f867016040fbee48290cece14a
:10ef0000e301670160803e0100fbee200008fae9a2
:10ef1000ef010ba5fbee200008f2ee73c2fb1e20f2
:10ef20000008b59164116111210ffbee200008fa71
:10ef3000e474c2012e1303fb1e200008b711fc5a13
:10ef40001e1d04610e20f1fbee2000085aef73c273
:10ef5000753f30cbef73c2fbee200008f9e482531b
:10ef6000fb1e2000083c9200fb1e200008b49161ab
:10ef7000011d032e0303fbee200008f5e01c20f723
:10ef8000fb1e200008b9127722fcff009112fb1e25
:10ef9000200008b9127722efff009112fb1e20001b
:10efa000089912763200277722ffe7009112fb1ea4
:10efb0002000083c1a002e0303fb1e200008b71196
:10efc000fc5a1e1e04610e20f1fbee200008fae43c
:10efd000fc0f01fbee2000085aeefc0f611e21031e
:10efe00003a80979d1a009a8097911a009a809796c
:10eff00071a009a80978c1a009a8097891a009a859
:10f00000097811a009fbee200008e10e01a809fb18
:10f01000ee2000080684e12103033e0100a80975e3
:10f020003111a009a809fb2e20000890a1b881fb8e
:10f03000ee20000806c5e102210303f90a010004dd
:10f04000a809fb2e20000890a9b881fbee2000083b
:10f0500006c5e103210303fbee200008f1e8152ead
:10f060000303fb1e200008b711fc5a1e1c04611e7e
:10f0700021f1fb1e2000083c94013d01000f98097e
:10f0800062119009b8097601f40123f4fbee200027
:10f0900008fae9ef0100a567026080f80600fbeec0
:10f0a000c0000858eefc5aee1e04611e210ff8063f
:10f0b00001fbeec00008f0ea38b300fbee90c20896
:10f0c00058eefc5aee1904611e210c75416005d9f9
:10f0d0001b00389900fbee90c20858eefc5aee1d5a
:10f0e00004611e210c75416105bf1b00387f00fbc8
:10f0f000ee90c20858eefc5aee1e04611e1a7541cd
:10f100006205a61b002e66fbeec0000858eefc5af6
:10f11000ee1f04611e1a754163058e1b002e4efb07
:10f12000eec0000858ee641e611e210ef80602fbb8
:10f13000eec00008f0e82e35fbee90c20858eefc59
:10f140005aee1f04611e1a754164055d1b002e1dd9
:10f15000fbee90c20858ee641e611e210df80604f5
:10f16000fbee90c208f0e80cf80608ec01a0096775
:10f1700002fbeefe03085ceffb522207f0ff06d510
:10f180005f01773f00a500d3effbeec20008f8e96e
:10f1900001a5fbeefe0308dcef773f00a500fb12a4
:10f1a0002207f0ff98197e01531fd3ef2e00604015
:10f1b000e301fbe22ce200000684e12538fbe22caf
:10f1c000e20000e00efbe22ce200007100f0e4e05f
:10f1d000023c0c013c05003c0401f8060075441299
:10f1e000fb32b832f0ff6612660105e2640071007e
:10f1f0001067016701fbee1fc108f0effbee1fc1b6
:10f2000008f0e6fbee1fc108f9e46d01fbee69c0f2
:10f210000858ef784fc3effbee1fc108f9e46a010d
:10f22000fbee69c00858ef781fc3effbee1fc10863
:10f23000f0eefbee1fc108f0e702fbee1fc108f085
:10f24000effbee1fc108f0e6fbee1fc108f9e43c3e
:10f2500002fbee63c00858ef783fc3effbee1fc11f
:10f2600008f0eefbee1fc108f0e702fbee1fc1083d
:10f27000f0effbee1fc108f0e6fbee1fc108f9e45a
:10f280003b02fbee63c00858ef782fc3effbee1f85
:10f29000c108f0eefbee1fc108f0e702fbee1fc154
:10f2a00008f0effbee1fc108f0e6fbee1fc108f906
:10f2b000e43101fbee62c00858ef780fc3effbeebc
:10f2c0001fc108f0eefbee1fc108f0e702fbee8065
:10f2d000120cf0e002fbee80120cf0e102fbee807b
:10f2e000120cf0e702fbee801a0cf1e004fb1e109a
:10f2f0001a0cb9126012d312fbee801a0cf1e8045a
:10f30000fbee801a0cf0e602fbee1e7208f0e1fb49
:10f31000ee1e7208f0e3fbee801a0cf0e7fbee80c5
:10f320001a0cf1e00402fbee80120cf0e402fbee9a
:10f3300080120cf0e802fbee80120cf0e902fbee0a
:10f3400080120cf0ef02fbee801a0cf0ee02fbeee6
:10f350001e7208f0e9fbee1e7208f0ebfbee801a5d
:10f360000cf0effbee801a0cf1e80402fbee8012c9
:10f370000cf0ec02fbee100008fae9f7010ba5fb1c
:10f38000ee100008ecef7a9fe3effbee80120cf03a
:10f39000e8fbee96120cf1e803fbee80120cf1e8ac
:10f3a00001fbee96120cf9e46a04fbee96120cf9de
:10f3b000e49200fbee96120cf9e53900fbee10002a
:10f3c00008fae9f70100a502fbee100008fae9f7d8
:10f3d000010ba5fbee100008ecef7a9fe3effbeecc
:10f3e00080120cf0e9fbee96120cf1e803fbee80c4
:10f3f000120cf1e901fbee96120cf9e4ea05fbeec2
:10f4000096120cf9e4fe00fbee96120cf9e5790079
:10f41000fbee100008fae9f70100a5026080a009e0
:10f420006101210dfb1a5020057f1800381901fbde
:10f43000ee100008fae9f7010ba5fbee80120cf1c3
:10f44000e004a809ec1e616e290ea809a819613113
:10f450002a06f806010cf80600ec016101211ea83d
:10f4600009ec1e615e2a0ea809a81961412906f857
:10f4700006010cf80600ec01610115f806010cf814
:10f480000600ec0161013ab700fbee100008ecef5a
:10f490007a9fe3effbee80120cf1e004fbee8012aa
:10f4a0000cf0effbee80120cfae4b00a00fbee80e9
:10f4b000120cfae4b20a00fbee80120cf1ef01a884
:10f4c00009ec1e616e2118fb1efe110c3c1320a8d6
:10f4d00009a819fbeefe110cc7e14f2e18a809ec84
:10f4e000117851fb2efe110c80a9fbeefe110cf9d8
:10f4f000e44f00fb1efe110c3c1b80fb1efe110c9a
:10f500003c1800fb1efe110c3c1900fb1efe110cea
:10f510003c1500a809fbeefe110cd51e040ffbeef6
:10f52000fe110cf9e9107f3efbeefe110cf9e91516
:10f530007f3efbeefe110cf9e9167f3e09fb1a54e3
:10f540002005661700fbee80120cf1e8046702fb51
:10f55000ee100008fae9f7010ba5fbee100008ec2d
:10f56000ef7a9fe3effbee801a0cf1e004fbee80f4
:10f570001a0cf0eefbee001a0cf9e45000fbee80e2
:10f580001a0cfae4b00200fbee801a0cfae4b202a4
:10f5900000fbee801a0cf1ee01fbee001a0cf8e411
:10f5a00020fbee001a0cf9e44c00fb1e001a0c3c88
:10f5b0001880fb1e001a0c3c1202fb1e001a0c3ca9
:10f5c0001400fb1e001a0c3c1500fbee001a0cf98f
:10f5d000e90cff7cfbee001a0cf9e90dfffffbeed6
:10f5e000001a0cf9e912fffffbee001a0cf9e913ff
:10f5f000fffffbee801a0cf1e804fbee100008faa6
:10f60000e9f70100a502fbee100008fae9f7010b8b
:10f61000a5fbee0a1a0cf1e07afbee100008ecef05
:10f620007a9fe3effbee0a1a0cf1ef76fbee0a1a73
:10f630000cfae4260300fbee0a1a0cfae428030095
:10f64000fbeef17308fae4000623fbeef1730858b1
:10f65000ef65bf762ffb00c3effbeef17308fae412
:10f66000020625fb1ef17308b09265a27622fa000d
:10f670008092fbee0a1a0cf1ef77fbee0a1a0c757a
:10f680004fd254efc3effb1efe190c3c1323fbeecd
:10f69000fe190cf9e44f00fb1efe190c3c1b05fb88
:10f6a0001efe190c3c1502fb1efe190c3c1861fbda
:10f6b0001efe190c3c1961fb1efe190c3d1f64fb5c
:10f6c0001efe190c3d9064fb1efe190c3d9564fb5b
:10f6d0001efe190c3d9664391efbfbee0a1a0cf156
:10f6e000e87afbee100008fae9f70100a502fbee4c
:10f6f000100008fae9f7010ba5fbee1fc108f0efb7
:10f70000fbee1fc108f0e6fbee100008ecef7a9f5d
:10f71000e3effbee80120cf0ecfbee80120cfae44f
:10f72000b00a00fbee80120cfae4b20a00fbee8095
:10f73000120cf1eb01fbee80150cf8e420fbee80df
:10f74000150cf9e42800fb1e80150c3c1400fbeea0
:10f7500080150cf9e42400fb1e80150c3c1102fb03
:10f760001e80150c3c1200fb1e80150c3c1352fb36
:10f770001e80150c3c1200fb1e80150c3c1352fb26
:10f78000ee80150cf9e904401ffb1e80150c3d1599
:10f790004bfbee80150cf9e906401ffb1e80150c93
:10f7a0003d174bfb1e80150c3d904bfb1e80150c2e
:10f7b0003d914b39e9fafbee100008fae9f7010038
:10f7c000a5026040f80500fbee80120cf0e8fbe2b9
:10f7d0001251000058ee610e1afbee06130cd0e039
:10f7e0002e0ff809fffffbe212510000f8e400fbc6
:10f7f000ee06130cf8e500fbee80120cf0e0d400ee
:10f8000001b80967016040f80500fbee80120cf0ba
:10f81000e9fbe21351000058ee610e1afbee86136d
:10f820000cd0e02e0ff809fffffbe213510000f8a7
:10f83000e400fbee86130cf8e500fbee80120cf002
:10f84000e1d40001b80967016080a0096101210cc1
:10f85000fb1a5220055314006702fbeefe0308f862
:10f86000e90ba5fbee801a0cf1e004fbee801a0c0c
:10f87000f0eea809ec1e616e290ea809a8196131e5
:10f880002a06f806010cf80600ec0161012018fbbd
:10f89000ee001a0cf8e420a809a819fbee001a0cd7
:10f8a000c7e14c2e3ea809ec1e615e2a0ea809a8ed
:10f8b0001961412906f806010cf80600ec01610106
:10f8c0002019a809ec1e785efbfe001a0cc3fefb93
:10f8d000ee001a0cf9e44c0009fb1a562005ca1375
:10f8e00000fbee801a0cf0e6fbee801a0cf1e80447
:10f8f000fbeefe0308f8e900a5670260409009fbf3
:10f90000eefe0308f8e90ba5fbee1fc108f0effbc4
:10f91000ee1fc108f0e6b8097601401f2117fbee83
:10f9200088150cf8e9401ffbee88150cf9e9024137
:10f930001f2e2cb80961012114fbee88150cf8e587
:10f9400000fb1e88150c3d12002e14fbee88150cd2
:10f95000f8e9401ffbee88150cd50e0102fbee1fe7
:10f96000c108f0eefbee1fc108f0e7fbeefe030856
:10f97000f8e900a5670160409009fbee841a0cf0dd
:10f98000e0fbee181a0cd10e01fbee181a0cf9e987
:10f9900001fffffbee181a0cf9e906fffffbee185a
:10f9a0001a0cf9e907fffffbee841a0cf0e8670177
:10f9b00060409009755165230cfb1a5a2005ea1224
:10f9c000006701fbee1c1a0cf8e564fbee1c1a0c38
:10f9d000d50e0101fb1e1c1a0c3d1664fbee1c1a11
:10f9e0000cd50e010767016040fbee8c150cd4e0ce
:10f9f00001b8096701fbeefe0308f8e90ba5fbee71
:10fa00001fc108f0effbee1fc108f0e602fbeefe9f
:10fa10000308f8e900a5fbee1fc108f0effbee1f9d
:10fa2000c108f0eefbee1fc108f0e702fb1e93c118
:10fa3000083c110dfbee6ac008754ffe51ef2bc755
:10fa4000ef2bfbee6ac00858ef784fc3effb1e9315
:10fa5000c1083c150dfbee6bc008754ffe51ef2b36
:10fa6000c7ef2bfbee6bc00858ef780fc3effb1e00
:10fa700093c1083c120dfbee6ac008754ffb51efb5
:10fa80002bc7ef2bfbee6ac00858ef785fc3effb84
:10fa9000ee93c108f8e40dfbee6ac008754fbf5144
:10faa000ef2ac7ef2afbee6ac00858ef783fc3ef92
:10fab000023944fffbee140008ecef7b1fe3effb81
:10fac000ee00010df0eefb1e00010d3c1100fb1ecf
:10fad00000010d3c1230fb1e00010d3c1a07fb1efd
:10fae00000010d3c1b40fb1e00010d3c1c00fb1ed9
:10faf00000010d3c1d00fb1e00010d3c1e00fb1e05
:10fb000000010d3c1f00fb1e00010d3c1800fbee28
:10fb100000010df9e9080304fbee00010df9e420f2
:10fb200000fbee00010df8e4083903ff39e1fe02a5
:10fb30007100eca101918aa083fbee00010df0e6bb
:10fb4000a901610116a88161011df806010cf806e2
:10fb500000ec01610111fb1a6020054d11003d030d
:10fb6000002e44fb1e00010db099fc5a1e1b0461bf
:10fb70000e20f2b889a902fec211fb2e00010d81f0
:10fb800021fb1e00010db099fc5a1e1904610e20c4
:10fb9000f2a88106c90103fbee00010dc1e1049842
:10fba0008962119089b88906c5010729b86705607f
:10fbb00040fb32e42c00006622fb12145100003995
:10fbc00071fffbe216510000fbf2e42c0000c1fec5
:10fbd00001fbe216510000c4e003b0896701398dd2
:10fbe000000260c0a081f80600a88161012b0cfb17
:10fbf0001a862305b410002e15a88275122cfb124c
:10fc0000b4dd00004b2105900000e301ec01a009e8
:10fc100067037100eca101a08aa083f80600a889ff
:10fc20006101210cfb1a8c23057f10002e39a901dc
:10fc300061012b0cfb1a8723056f10002e29a88168
:10fc40006101210cfb1a9e23055f10002e19a88369
:10fc5000a88aa90475142cfb12b4dd00004b4105e1
:10fc6000b00000e301ec01a00967056080fbe2e65b
:10fc70002c0000e30ef90a010020fb4a0004fb32cd
:10fc8000e64c0000fb2eb8c201fb12b4dd000005fb
:10fc90008101006280027100eca1013e02003d037f
:10fca00000a9016101210cfb1a902305fc0f002e15
:10fcb0005aa901a99206851208220eaa11a90206c4
:10fcc000812106a0812e44a902a99106852108253b
:10fcd00018a901a89a06811206a082a901aa1106f4
:10fce000890102a0812e24b889610110a901b711f0
:10fcf000610115f806010cf80600ec01610110a97c
:10fd000001e51003020c3e0200a881a0896705717d
:10fd100000e0a189a182a10b3e03003e02003e014a
:10fd200000a9896101210dfb1a9123057c0f003880
:10fd3000db00a9816101210dfb1a9223056b0f00e5
:10fd400038ca00a9893951ffa009a809068501050b
:10fd50002306e100050ce10001ec01a08961013af4
:10fd6000ab00a881068501032305389500a9893ccd
:10fd70009c00388d00a881a982fec21ea989a99283
:10fd8000a891fe012ea989a9926212a192a989a91e
:10fd900092068512032307a9893e1600a989a99214
:10fda000068512082055fb1e03000db019fc5a1ed3
:10fdb0001904610e2115fb1e03000db019fc5a1e1b
:10fdc0001e04610e1df806010cf80600ec0161012d
:10fdd00021d6a989aa12a891fec12efbfe03000d0f
:10fde000c3fea989aa126212a212a989aa120685c3
:10fdf00012032307a9893e1800a8816211a081a8d7
:10fe000081068501032205386effa889a1016708d4
:10fe10007100e8a109a102a08ba084e5000701e11f
:10fe20000008a9096101210cfb1a9323057b0e0030
:10fe30006706a8896101210cfb1a9923056b0e0046
:10fe40006706a8096101210cfb1a9a23055b0e00c5
:10fe50006706a9093e1500a9093e1400a9093e1824
:10fe600000a9093e1600a909f9142400a9093e1a9f
:10fe700000a889a90ae321a881a90aa029a809a99b
:10fe80000aa0a1ec01a90aa0a9a9093c9c01fbeeca
:10fe9000180008fae9f3010ba5fbee1fc108f0ef0b
:10fea000fbee1fc108f0e6fbee72730858ef781ff7
:10feb000762ff200c3effb1e727308b01a78027639
:10fec00022f100801afbee180008ecef7b8fe3efc5
:10fed000fb1e00000d3c1200fb1e00000d3c12003a
:10fee000fbee00000df8e400fb1e00000d3c167256
:10fef000fb1e00000d3c1750fb1e00000d3c1104c2
:10ff0000fbee1fc108f9e47f0bfbee0bc00859efb5
:10ff100060786fc7ef60fbee1fc108f9e47e0bfb52
:10ff2000ee0bc00859ef20785fc7ef20fbee0bc047
:10ff30000858ef785fc3effbee0bc00859ef60780d
:10ff40005fc7ef60fb1e00000d7542f05512028086
:10ff500092fbee1fc108f0eefbee1fc108f0e76751
:10ff600006fbee308008f9e9012233fb1e308008e1
:10ff70003c1680fb1e3080083c1800fbeefe030898
:10ff8000f8e90ba5fbee350008f8e400fbeefe03f4
:10ff900008f8e900a5fbee308008f8e400fbee303d
:10ffa0008008f8e4ff02fbee308008f8e400fbee86
:10ffb000308008f8e4ff0275431c6602fb12e0dda6
:10ffc000000005f52c00fb12e0dd00003e1696fb5c
:10ffd00012e0dd00003c1d01fb12e0dd00003c1cd6
:10ffe00001fb12e0dd00003c9100026040e3016192
:10fff0000119fb1a0a4405b10c00ec013c1800ec95
:020000040001f9
:1000000001f91909ffffec013c91ffec013d1affda
:10001000ec013c1c00ec013c1d00ec013e1600ec28
:10002000013c90ffec013c1effec013c1fff660110
:100030003918016701fbe2e0dd0000f9e909ffff83
:10004000fb12e0dd00003c9104fb12e0dd00003d0e
:100050001a50fb12e0dd00003c1c00fb12e0dd004a
:10006000003c1d00fb12e0dd00003e1600fb12e02c
:10007000dd00003c90fffb12e0dd00003c1efffbba
:1000800012e0dd00003c1fff02fbe2e0dd0000f9b2
:10009000e909ffff0260c03c0a003e010039a602e8
:1000a000a009058a3100068501012112fbe2e0dd8d
:1000b0000000a8090684e11df806010cf80600ec12
:1000c000016101143c0a01c5000a0bb28967036093
:1000d000403c020039c4058009b0097100f0a081dc
:1000e0003c0c013c05003c0401f80600754417fb7c
:1000f00032cc32f0ff6612660105d3550071001054
:10010000fb12e0dd0000b2117100f0a0813c0c0197
:100110003c05003c0401f80600754424fb32e4323f
:10012000f0ff6612660105a65500710010fbe2e0c3
:10013000dd0000b00945e1081d3c02010c3c020055
:10014000c5000203b089670160408089fbe2175156
:100150000000c3e1670160803c06013c0500fb1222
:10016000e0dd0000ba197701ffff003a8401fb12bd
:10017000e0dd0000b41939f004610121323c0600d1
:10018000fb12e0dd0000b4197100f0a0813c0c010d
:100190003c05003c0401f80600754420fb3209339d
:1001a000f0ff661266b105265500710010fb12e0e3
:1001b000dd0000ba91391704610121323c0600fbd1
:1001c00012e0dd0000ba917100f0a0813c0c013c0e
:1001d00005003c0401f8060075441efb322a33f08a
:1001e000ff661266b105e75400710010fb12e0ddf6
:1001f0000000b391398b04610121323c0600fb12ef
:10020000e0dd0000b3917100f0a0813c0c013c05e1
:10021000003c0401f80600754421fb324933f0ff2d
:10022000661266b105a85400710010fb12e0dd00f3
:1002300000b39939de03610121323c0600fb12e074
:10024000dd0000b3997100f0a0813c0c013c050079
:100250003c0401f8060075441ffb326b33f0ff6667
:100260001266b105695400710010fb12e0dd000058
:10027000b411398603610121323c0600fb12e0dd36
:100280000000b4117100f0a0813c0c013c05003c61
:100290000401f80600754423fb328b33f0ff66122d
:1002a00066b1052a5400710010fb12e0dd0000b6b3
:1002b00011710205396d028109b109610121323cd8
:1002c0000600fbe2e0dd00007100f0e5e006023c24
:1002d0000c013c05003c0401f80600754422fb3289
:1002e000af33f0ff661266b105e45300710010fbf6
:1002f000e21751000058ee610e15f806000cf806e2
:1003000001ec01610120293c06007100f06601a0aa
:100310008181098101e3013c0c01754416fb32d255
:1003200033f0ff661266b105a55300710010c500d9
:100330000607b18967026080390b00e301ec01a078
:1003400009670260c03e0100f80600fb12e0dd0014
:100350000062416603664205cd0300a009a80bfbbd
:1003600012e0dd00006281661205bb0300a009fbfc
:1003700012e0dd0000ba197701ffff003aac00a8d7
:100380000bfb12e0dd0000711112662205980300dc
:10039000a009a80bfb12e0dd000071111166120527
:1003a000850300a009a80bfb12e0dd000071111409
:1003b000662205720300a009a80bfb12e0dd000015
:1003c00062c1661205600300a009a80bfb12e0dd04
:1003d000000062d16612054e0300a009a80bfb12b3
:1003e000e0dd000062e16612053c0300a009a80bf5
:1003f000fb12e0dd000062f16612052a0300a0098d
:10040000a80bfb12e0dd0000711110661205170346
:1004100000a009a80bfb12e0dd0000711118664274
:1004200005040300a0092e6ea80b6622ef0105f655
:100430000200a009a80b6612ef0105ea0200a0095c
:10044000a80b6622ef0105de0200a009a80b6612c8
:10045000ef0105d20200a009a80b6612ef0105c644
:100460000200a009a80b6612ef0105ba0200a0095c
:10047000a80b6612ef0105ae0200a009a80b6612d8
:10048000ef0105a20200a009a80b6642ef01059644
:100490000200a009a809a0816703fb1ec001100586
:1004a00028ddff61012117fb1ec00110051bddffc8
:1004b00061011afb1a0b4405f00700020260803e3e
:1004c000010039d8ff397efefbe2e0dd0000e3e108
:1004d0003e010ea80bfb22e0dd0000fb1ec0011058
:1004e0000590ddff610115f806000cf80601ec012e
:1004f0006101202da80bfb22e0dd0000fb1ec001e6
:1005000010056fddff610115f806000cf80601ec1f
:10051000016101200cfb1a0c44058e07006702677d
:10052000027100f08389a082f80600a88161011998
:10053000fb1a094405730700a881f81401b38975f3
:1005400051962015755169201461012114f8060097
:10055000a881f814002e0f3e00960af806690ea82e
:1005600081f81400ec01a00967046040fb12e0dd93
:100570000000e30167016040fb12e0dd000062c1a2
:10058000e30167016040f80600710108e301ec0235
:1005900075431cfb12e0dd00000536260067016094
:1005a00040fb12e0dd0000b41961011e3c02032e85
:1005b00015fb12e0dd0000b4197611e803fd789117
:1005c000c8008081c5000203b089670160809089fe
:1005d0003c0400b88976012c012a0cb88961012bf2
:1005e00006f806010cf80600ec016101143c040158
:1005f000c5000405b1096702604080893c0100b074
:100600008975511424053c0101c5000102b08167c0
:1006100001608081893c0500b1896101200db189ab
:1006200075516e2406f806010cf80600ec01610114
:10063000143c0501c5000506b1816702608081890f
:100640003c0500b18961a12a0cb18961212906f814
:1006500006010cf80600ec016101143c0501c5001f
:100660000506b1816702604080893c0100b0897550
:1006700051ff2a053c0101c5000102b081670160fc
:100680004080893c0100b08975518024053c0101fe
:10069000c5000102b081670160403d00fffbe21828
:1006a00051000058ee610e11fbe296af0000d0e061
:1006b000c40003b089670160409009fbe296af0077
:1006c00000d3e1fbe218510000f8e401670160c0cb
:1006d0003e0100f80600f806002e2e661eec01fd15
:1006e000621efbf296af0000efe506d0f547e5216c
:1006f00012668e06800e6611fd62e106950101a06c
:1007000009ec016211e301ec01619123d0a80976a3
:1007100011c800a009a809fd7891ff00a009a80947
:10072000a08167037100e0a189a182a10b3e0300b3
:100730003e02003e0100f80600a989610119fb1a7a
:10074000014005650500a9097e01a0893e02002e31
:1007500030a881a98afec211a009a88906a10d01ad
:10076000015b11e301fbe22c0ef0ffec01fe61eef8
:10077000a8896881ff61e1a089a8816211a081a890
:10078000810685010623cca8897e01a10167087135
:1007900000f0a089a082a00b3c0200a88161011991
:1007a000fb1a02400503050005e01b006101a80bd0
:1007b000a882a8891966043916008081097544ff4a
:1007c0003977008081c5000203b08967047100e0b9
:1007d000a189a182a10b848c840ca981610119fbe0
:1007e0001a034005c40400664371021cef0105e1d1
:1007f0002300a982668371010405d623003e03000d
:100800002e1da88aef0efece2eff6ee1fbf2210513
:10081000f0fffecfe18409a8896211a089a90962cd
:100820004106850103b40924dbfd74d1558409c553
:10083000001112b48167087100e0a189a182a10ba7
:10084000848c840ca981610119fb1a0440055a04a7
:1008500000664371021cef0105772300a9826683bd
:10086000710104056c23003e03002e1da88aef0ec3
:10087000fece2eff6ee1fbf22106f0fffecfe184fb
:1008800009a8896211a089a909624106850103b4fa
:100890000924db7e018409c5001112b48167086058
:1008a000c0a081908a3c0300f809ffffa881610184
:1008b0002133fb1a054005f103002e29a8815811a8
:1008c00006600d018089a8816211a0815c016881a8
:1008d000d301fbe22807f0ffb089fe51e106600d6d
:1008e00001d301b8897112ff908a610121d0d4002f
:1008f00002b88167037100f03d07003d06003d0529
:1009000000058a2d00a009a80976210010760100b3
:1009100010210cfb1a1041059003006704a809760a
:1009200021004076010040210cfb1a1141057a0399
:100930000067040523b4ff9189b98905ae36000527
:10094000202e003d0600f90905ff0fb98906c501f3
:1009500006290ab98906c501052b06f806010cf817
:100960000600ec016101fbe230e20000ecee203514
:10097000622efbf230e20000e3fefbe230e2000018
:10098000ecee61ae233105021a006101ed0e011f8c
:1009900078cee70e010e78eee70e01a80905803645
:1009a000006704610e2010fbe230e20000ecef6013
:1009b0001fe3ef670467047100f03d07003d060088
:1009c0003d050005f83500a009a80976210020762c
:1009d000010020210cfb1a124105ce02006704a879
:1009e0000977210080007701008000210cfb1a1399
:1009f0004105b602006704056db3ff9189b9890509
:100a0000043600055c2d003d0600f90905ff0fb90d
:100a10008906c50106290ab98906c501052b06f80c
:100a200006010cf80600ec016101fbe234e2000073
:100a3000ecee2035622efbf234e20000e3fefbe236
:100a400034e20000ecee61ae2331053e1900610195
:100a5000ed0e011f78dee70e010e78fee70e01a80d
:100a60000905d335006704610e2010fbe234e20073
:100a700000ecef601fe3ef67046704fbe21951002d
:100a80000058ee610e211e05c3b2ff6101200d3931
:100a900066fe3925ff05ddb2ff02fb1a1441050988
:100aa000020002fbe219510000f8e40005c6b2ffa3
:100ab000027100f06601a08181098101e3013c0c13
:100ac00001754415fb32ec33f0ff6612665105feea
:100ad0004b0071001039ec05fbe21b51000058ee91
:100ae000610e20347100f06601a08181098101e36b
:100af000013c0c01754416fb320234f0ff661266ad
:100b00005105cb4b0071001005ed2900fbe2e750c9
:100b10000000c3e12e2305680800fbe2e750000057
:100b2000c3e1fbe2e750000058e105fb2900fbe2ce
:100b30001b510000f8e401fbe2e6500000f8e4007d
:100b4000fbe2fcdd0000f8e600fbe21c510000f8cf
:100b5000e4002e1bfbe21c51000058effb5200deac
:100b600000006604fe2f5458ef621fc3effbe21c27
:100b700051000058ee618e23ddfbe21c510000f8ad
:100b8000e400fbe21a510000f8e401026080a009d1
:100b90007100f03c0c01a0813c05003c0401f8060a
:100ba00000754419fb321934f0ff66226651051ea8
:100bb0004b00710010a809610110a8097551212985
:100bc00006f806010cf80600ec01610110fb1a8022
:100bd0004039d600050e06006101201c7fb8a80927
:100be0006011661efd621efbf2fcdd00000694fe35
:100bf000e3fe7fa8670267026080a0097100f03cf5
:100c00000c01a0813c05003c0401f8060075441964
:100c1000fb321934f0ff6622665105b24a007100ba
:100c200010a809611112a809612115f806010cf834
:100c30000600ec01610112a809614115f806010cda
:100c4000f80600ec01610112a809613115f80601ee
:100c50000cf80600ec01610112a809615115f806b3
:100c6000010cf80600ec01610112a809616115f898
:100c700006010cf80600ec01610110fb1a9c4039da
:100c80002800a8093908ff39cd04670260403c03f9
:100c900000055105008089b08961011205860500b3
:100ca00039b404670167017100f0a0893c0b003c76
:100cb0000a003e0100a8897100f066128302a0813b
:100cc000810a8102f80600754418fb323334f0ffc4
:100cd0006622665105f849007100107fb805b144dd
:100ce0000005a44500fbe21d51000058ee610e1501
:100cf000f806000cf80601ec0161013aa300fbe2e2
:100d00001d510000f8e40105db04008289b289610d
:100d1000013a8d00fbe21b51000058ee610e2010dd
:100d200005d52700fbe2e7500000c3e12e0e055079
:100d30000600fbe2e7500000c3e1fbe2e7500000e1
:100d400058ef622fc3effbe2e750000058e1661254
:100d500005680600fbe2e750000058e105c92700de
:100d6000fbe21a51000058ee610e2034fbe2fcdd7c
:100d70000000e4e0013c0a002e19fbe200de000066
:100d8000b281fe61e106950101a009b28162118282
:100d900081b281618123e5a80ab98139e60205a8fb
:100da0001600670460403c03007100f06601a081fa
:100db00081098101e3013c0c01754424fb324c3470
:100dc000f0ff661266510506490071001005150412
:100dd000008089b08961012042051c2700fbe2e701
:100de000500000c3e1fbe2e750000058ee610e2026
:100df0002afbe2e750000058ef601fc3effbe2e779
:100e000050000058e1660205b10500fbe2e7500022
:100e10000058e1051227006701670160403c0200ad
:100e2000055e0500fbe2e7500000c3e1fbe2e7508e
:100e3000000058ee616e23053c0201c5000203b0bc
:100e40008967017100f06601a08181098101e301d8
:100e50003c0c01754432fb327134f0ff661266516e
:100e6000056c4800710010fbe21b510000f8e40023
:100e7000027ea67100a8a489a502a50b610318fb38
:100e80001afc403924fe05fe0c007311000002a478
:100e900081056c0d00d70123f905220038af005df4
:100ea0000423ac835d01226040f80400fb2e0000a7
:100eb000fe05f309006240a401ac066601059a0d27
:100ec000004b617543ff66a205b70e006101153e38
:100ed00006000c3e0601a9816101217ddd01280685
:100ee0004101230649012296099e09610127395dc6
:100ef0000428ac8bad0abe096040f8040105a709bf
:100f0000006240a289aa8e6611054e0d004b610554
:100f1000ce0a00a089a102a10be5000308d50008b4
:100f200012e500050a0a3e08003d82003e0a00acb8
:100f300006660105240d00aa84aa0baa024b6105ce
:100f4000da0800dd01226211d701225d012206c507
:100f500001232805384bff3e0d003d8c003e0f005d
:100f60003d0f002e56dd0128064101236011064188
:100f7000010f96095d0428ac8bad0abe096040f8ec
:100f80000401052209006240a289aa8e661105c9e2
:100f90000c004b6105490a00e301a00aa083e400ac
:100fa00008d5000212e500020a7102207101340521
:100fb0006607009b8962119389dd012806410123a0
:100fc0009b8a471229a105c60c003f6617604005a1
:100fd0002e0c006c119009b80967017100cc94893e
:100fe000bc8968119481059e0b007311000002a258
:100ff00001050c0c009389bb8caa03bc816040f8ee
:101000000400fb2e0000fe059d08006240a181a99e
:10101000816603fb2e0000fe05250a00bc897c01c9
:1010200011a98172110001a181a98105b20900e312
:1010300001a00aa083e40003d5000208e500020530
:10104000e500030ad5000816e500050caa81aa8a66
:10105000ab03670d7100e8052d0b00731100000252
:10106000e301059b0b009081f90e020000fee400f5
:1010700003d5000208e5000205a889a902a90b67ab
:10108000067100e89289a102ba89610111ba8976d4
:101090000100552906f806010cf80600ec01610173
:1010a00010fb1af5403902fc05f62400a009d50012
:1010b0000b04e50004036602710104055a0600678b
:1010c000066080f9090312abfbee0000feb889064a
:1010d000c4e12076fb1e0002fe054a0900660105f8
:1010e000040b00fb1e0000fe0571d50f610115f811
:1010f00006000cf80601ec01610110fb1aeb403907
:10110000a8fbfb1e0080fe0552d50f610115f806f5
:10111000000cf80601ec01610110fb1aec40398962
:10112000fb6613710206fb1e0000fe0518d60f6158
:101130000115f806000cf80601ec0161012015fb11
:101140001aed403964fb670205440b0005d40b001f
:1011500067026702fbe2fcdd0000ecee610e205e40
:10116000fbe2fcdd0000eceefbf21c51000058ff3e
:10117000fb5200de0000fe2f5efbe21c5100005817
:10118000ef621f647fc3effbe2fcdd0000f8e600c6
:10119000fbe2e650000058ef622fc3effbe2e6509f
:1011a000000058e105082300fbe2e650000058ee7d
:1011b00061ae232ffb1a814039effa02fbe2e650c1
:1011c000000058ee610e201bfbe2e650000058efd5
:1011d000601fc3effbe2e650000058e105d022009b
:1011e00002027100f03e02003c070005282400a026
:1011f00081a8816141290cfb1a9f4005acfaff2ea2
:101200001ba881612116a88161311df806010cf827
:101210000600ec0161011c3c0701c500070fb38902
:10122000670460403c03003c0200059b220080896b
:10123000fbe2e6500000b08944e12a0538900071d5
:1012400000f06601a08181098101e3013c0c017578
:101250004426fb32a434f0ff662266510570440038
:10126000710010fbe2e650000058e17100f0a0812f
:101270003c0c013c05003c0401f80600754418fbd9
:1012800032cb34f0ff6622665105434400710010f2
:10129000b0897100f0a0813c0c013c05003c0401c8
:1012a000f80600754419fb32e434f0ff66226651fb
:1012b000051c4400710010fbe2e6500000c10e0363
:1012c000fbe2e650000058e105e421000529220078
:1012d000fbe2e7500000c3e1056622008081fbe2eb
:1012e000e7500000b08144e12a053892007100f017
:1012f0006601a08181098101e3013c0c0175442450
:10130000fb32fe34f0ff6622665105c243007100d5
:1013100010fbe2e750000058e17100f0a0813c0ca6
:10132000013c05003c0401f80600754417fb32231c
:1013300035f0ff6622665105954300710010b081bb
:101340007100f0a0813c0c013c05003c0401f80652
:1013500000754418fb323b35f0ff66226651056e7e
:101360004300710010fbe2e7500000c10e02fbe2f7
:10137000e750000058e105af2100670167016040b8
:101380003c02003c0100f80400710301710202fb01
:101390001e002110396b02b081610116c100012ebf
:1013a00012f804005801660239100058010578212e
:1013b00000c40003b08967017100dcc70123c702c4
:1013c000223e07003e0600fbe25435f0ffd4e00861
:1013d000d5e00109d5e0020ad5e0030b3e03003e4b
:1013e00002003c07003c0600f90908555559012345
:1013f000920966036642710110052bf3ffa189d59e
:10140000000e0aa98969019289fbe220de0000e44e
:10141000e00666036642710118050bf3ffa189fb24
:101420001220de0000a81906850107200cfb1e0013
:10143000211039a602a18159012261013abe003e64
:101440000310a981068501032236a98173110021a9
:1014500010a081a88166437102100516ceff818914
:10146000b189610115f806000cf80601ec01610173
:101470003a3f01fb1a8b400530f8ff383401710008
:10148000f06601a08181098101e3013c0c017544f2
:1014900025fb325c35f0ff66126651053142007162
:1014a0000010fb1e0021100520cdff8181b181615c
:1014b0000115f806000cf80601ec01610111fb1a98
:1014c000914005e5f7ff3e0600f90e02002110a845
:1014d000816643710210059acdff8189b18961014e
:1014e00015f806000cf80601ec0161013ac300fb97
:1014f0001a8c4005b4f7ff38b8003e0338a98106be
:101500008501032435a9817311002110a081a881d0
:101510006643710210055bcdff8189b189610115b8
:10152000f806000cf80601ec0161013a8400fb1a90
:101530008d400575f7ff2e797100f06601a081815d
:10154000098101e3013c0c01754425fb328235f031
:10155000ff6612665105774100710010fb1e0021e5
:10156000100566ccff8181b181610115f806000c80
:10157000f80601ec01610111fb1a9240052bf7ffff
:101580003e0600f90e02002110a881664371021088
:1015900005e0ccff8189b189610115f806000cf8de
:1015a0000601ec01610111fb1a8e4005fcf6ff59a2
:1015b00001237100f0a0813c0c013c05003c0401ba
:1015c000f80600754415fb32a835f0ff6612665127
:1015d00005fc4000710010a9816281a1816603664b
:1015e000427101180540f1ffa189fbe220de0000f5
:1015f000e10e06fbe220de0000e50e07016709713f
:1016000000e0a189a182a10b3e04003e03003e023e
:10161000003e0100a909610119fb1a8440058af600
:10162000ffa981610119fb1a8540057df6ffa98993
:10163000770100211011fb1a8640056df6ffa9897c
:10164000399800a0896603664271010c05d8f0ff45
:10165000a009a98977010021102116fbe220de00f4
:1016600000e10e03fbe220de0000e50e010109fbb4
:101670001a87400534f6ffe5000302a981f814003b
:10168000f90e040021102e36a8816081a081a901e5
:101690000689010266036642058cf0ffa009a88155
:1016a00006890104a819068501012112a88106896d
:1016b0000104a90ac11202a981f81401a88161815b
:1016c000230da981581e610e1df806010cf80600b5
:1016d000ec01610121b4670860c0a081f80600a890
:1016e0008177010000fe201977010080fe2012772b
:1016f000010021102113a881397608e3012e12a8d8
:1017000081391b07e30109fb1a8840059cf5ffecb2
:1017100001a00967037ea67100e8a109a102f909e9
:101720000312ab396104a089a90961012014a88eb4
:1017300039ae06a90aa8a4a82bec224b6139dc001b
:10174000a90161012016a88e6601390d05a902a81c
:10175000a4a82bec224b6139c200a8897701007e36
:10176000fe11a889770100fefe1df806010cf8069f
:1017700000ec016101a8893a8a007701ff7ffe240d
:1017800009f90e020080fe0ff90e020000fea8818a
:1017900005c9ce0f610115f806000cf80601ec0131
:1017a000610111fb1af4400500f5ff7100f06601bc
:1017b000a08181098101e3013c0c01754426fb32c3
:1017c000be35f0ff6612665105043f00710010a897
:1017d000816613710206056dcf0f610115f80600d1
:1017e0000cf80601ec01610111fb1aee4005baf498
:1017f000ffa88172110002a08975413f39e7032ecd
:101800001272110002a08939f60362115f1139d5f5
:1018100003a8893910023f66077100e0a10aa1837d
:10182000a18ca10177010000f0230ba90177010031
:1018300000ff2306f806010cf80600ec0161011e0a
:10184000a9017c0115f806010cf80600ec01610104
:1018500011fb1afd400552f4ff6643710214710139
:1018600006056e1300662371021871010a056213e2
:1018700000664371021c71010c05561300a9016634
:101880005371020605bfce0f610115f806000cf872
:101890000601ec016101200cfb1af340050bf4ff7b
:1018a000670867087100dc9409a18aa183928cc53e
:1018b000002815bc0906c5010b2905381401a981aa
:1018c0007601ff7ffcdbe5b50961013a8a00610e14
:1018d0002012e5000703ed0e0772ee0005e70e018a
:1018e0002e23ed0e06770effff002411ed0e07727a
:1018f000ee0005e70e03e500070109fb1af94005b4
:10190000a8f3ffed0e06688e63ae06890e0706810a
:101910000e0371eeecfd749e14d70e055d0e1106dc
:10192000c50e05281c5d0e11751e1471ee14a981db
:10193000688163a10689010743e1e301388900ed6d
:101940000e0172eeec04bc0906c1010575111443c9
:101950001ee30e2e72610e2011e5000703a98973a4
:1019600011008000a0092e21a9817701ffff00242a
:1019700010a9897311008000a089e500070109fb07
:101980001afa400524f3ffa9890689010606810198
:1019900003721100fe68919109bc0906c501052872
:1019a00014a98906890106bc0a62126c924321e3dc
:1019b000012e14a8097211007ebc0a06c102056c32
:1019c000924321e301b50ba98aec0139720009fbae
:1019d0001afb4005d4f2ffec01a10167097100dc9c
:1019e000ef12a10a6643ef0105e71100e40002a926
:1019f0000a6242662371010605d71100d50003066d
:101a0000a90a62626643ef0105c71100e40004e51c
:101a1000000206d500060ee5000408a981a98aaadd
:101a20000367096040e301fbe228de0000e3e1ec2c
:101a3000017e01fb2228de0000a02967017100f071
:101a4000a089a082818b6103a881a88a3a9b00713a
:101a5000111447122312a8817211ec0406850103a8
:101a60002306f806010cf80600ec0161012126a806
:101a70008172111405068501032412a8817211ecec
:101a800009068501032306f806010cf80600ec019f
:101a9000610115f806010cf80600ec01610115f86a
:101aa00006000cf80601ec01610111fb1af140057a
:101ab000f8f1ffa881721e0005a88a47e2221443ac
:101ac00012ef2efd749e14751e1443e2908238a40a
:101ad00000721100054312ef2efd749e14751e1442
:101ae00043e29082388e007211000247122312a83e
:101af000817211007e068501032306f806010cf8a9
:101b00000600ec0161012128a88173110082000602
:101b10008501032413a881731100fe0006850103cb
:101b20002306f806010cf80600ec01610115f80621
:101b3000010cf80600ec01610115f806000cf8062e
:101b400001ec01610111fb1af140055df1ffa88173
:101b5000731e008000a88a47e2220c43127622ffff
:101b60000190822e0f731100800043127622ff0134
:101b70009082b8816101200cfb1af240052bf1ff25
:101b8000670467046080f80600fbe228de0000e0de
:101b9000e0fb1228de0000a81906a00d017501ff68
:101ba000203139ea00fbe228de0000e0e07100f0bd
:101bb0006601a08181098101e3013c0c0175442b80
:101bc000fb32e535f0ff6622665105023b007100ed
:101bd00010ec016603fb2e0000fe3963feec01a051
:101be00009670260409009fb2228de0000912198dd
:101bf000097e01fb2228de0000912967016040f880
:101c00000500fbe228de0000d1e004fb1228de0024
:101c100000991906600d015f1e770effff0020324c
:101c2000390001fbe228de0000d1e0047100f0661b
:101c300001a08181098101e3013c0c0175442bfb6a
:101c4000321136f0ff6622665105833a00710010aa
:101c5000d40001b809670160808189052d07006102
:101c600011201761012117b1896101163d010a2e6a
:101c700015f9090100012e0e3d010009fb1af8407b
:101c80000527f0ffd5000102b88167027100f0fb63
:101c90001e007efe3970018189fb1e00fefe396642
:101ca000018181b189610115f806000cf80601ec8b
:101cb0000161012017b181610115f806000cf806d9
:101cc00001ec01610115f806010cf80600ec016158
:101cd00001200cfb1aef4005d0efff2e2ab18961dd
:101ce000012014f90e030000fefb1e0000fe39ea7d
:101cf000f9a0812e12f90e030080fefb1e0080fe6b
:101d000039d8f9a081a8817601ff7f250afb1af056
:101d1000400596efffa889068901023908fd67048e
:101d20007100ec3961fea101a9017701ff7ffe245a
:101d300010f90e030000fef90e020080fe2e0ef9cf
:101d40000e030080fef90e020000fea901068101cb
:101d500003721100fe68919089a881721100023906
:101d6000a500610115f806000cf80601ec016101ff
:101d700010b88971113f9089b8893969fe6705717a
:101d800000eca101a08a828b3c0301a90161011929
:101d9000fb1af6400513efff3e01002e19a809a912
:101da00002fec21eb28947e1163c03002e10a809ac
:101db0006211a009a8090685010323e3c500030aef
:101dc000b28167057100f0a089a082068502032513
:101dd00006e100020ce10003ec01a0096704604089
:101de00005a805006111126101210cf805002e0ff4
:101df000f809000109fb1af74005aeeeffd4000117
:101e0000b80967016080a0097543fffb2a00023909
:101e100070ff8081c5000203b08967027100c8a30a
:101e2000093e0b003e0a00f90427003e08003d0f62
:101e3000003d0e003e06003e05003e04003e03004d
:101e40003e02003e0100f90a0b00023e0a3f3d0f30
:101e5000013d0e00f90a040020f90a030040f90ac6
:101e6000020060e5000d01a809ef1e06890e035c63
:101e7000ee770effff002123068901045c1e770e1a
:101e8000ffff0018bb89a201388e00bb8aaa8168b7
:101e9000213933ffa201388000068901025c1e77d8
:101ea0000effff00aa81210dbb8a68113918ffa21d
:101eb000012e65bb8a63316821390bffa2012e58c0
:101ec000aa01068d010b068901015c1e770effff3a
:101ed00000213baa01068d010ba109f90427013e4f
:101ee00006002e21aa01068d010b06890106a80a0b
:101ef000fec21e755eff17f90427002e15a9816228
:101f000011a181a9810685010b23db0df9042700ae
:101f1000aa016211a201fbee00800006c10e0eaa0a
:101f2000016211068d010b47e12418590127610157
:101f300015f806000cf80601ec01610115f8060120
:101f40000cf80600ec0161013b78ff5901276101a3
:101f50001ff90e05008000a9097701018000230afe
:101f6000fb1a89400543edffa909a301670e710023
:101f7000e0a1893e05003c83003e03003e02003e96
:101f800001003e0508e50007012e3da889068d01e8
:101f9000050689010766820542c1ff6101a889061d
:101fa0008d010510a0813c83012e17755140210f32
:101fb000a9890515c2ff3e02003c83010c3c830049
:101fc000a8896211a089a889068d01057551402450
:101fd00017b489610115f806000cf80601ec0161df
:101fe0000115f806010cf80600ec016101219eb410
:101ff0008961011c3e0240a881755141230afb1ae8
:10200000894005a5ecffa881a1816708052ed2ffb4
:10201000055bd2ff0560d3ff05b5d2ff05acd3ff4a
:1020200005b5d2ff027100e43d0d003e05003e04ff
:10203000003e03003e02003e0100fbe21e51000094
:1020400058ee610e3be20005a72300e301ec0164ba
:10205000116111211e053303006101210cfb1a29b6
:10206000010546ecff6707fb1a3001053cecff67f2
:102070000705069dff9309bb097701ffff00212b90
:10208000fbe238e20000ecef622fe3effbe238e224
:102090000000ecee61ae220538ad00ec017801e302
:1020a00001ec0105b625006707fbe240e20000ec09
:1020b000ef06c90f0de3effbe23ce20000ecef623c
:1020c0001fe3effbe23ce20000ecee61ae2178059d
:1020d000b5caffa102a089a889fbe244e20000067c
:1020e00080e1a0093e0200fbe240e20000ece17565
:1020f0001164a884a80b660205ae3e00a109fb127c
:1021000044e20000a902a88ba01ae313a909053430
:102110002500fbe240e20000f8e600fbe23ce200c2
:1021200000f8e6006707fbe21e510000f8e4000536
:10213000489cff9309054fcafffb3244e20000a010
:102140003ae331670767077100e43d0d003e050083
:102150003e04003e03003e02003e0100fbe21f5130
:10216000000058ee610e3be20005852200e301ec21
:102170000164216121211e051102006101210cfb76
:102180001a29010524ebff6707fb1a3001051aeb3a
:10219000ff670705f69bff9309bb097701ffff0067
:1021a000212bfbe24ce20000ecef622fe3effbe2bd
:1021b0004ce20000ecee61ae220538ad00ec017897
:1021c00011e301ec01059424006707fbe254e200ef
:1021d00000ecef06c90f0de3effbe250e20000ec6c
:1021e000ef621fe3effbe250e20000ecee61ae2194
:1021f000780593c9ffa102a089a889fbe258e200f3
:10220000000680e1a0093e0200fbe254e20000ec7f
:10221000e1751164a884a80b6602058c3d00a10934
:10222000fb1258e20000a902a88ba01ae313a90927
:1022300005fb2300fbe254e20000f8e600fbe2505d
:10224000e20000f8e6006707fbe21f510000f8e437
:102250000005389bff9309052dc9fffb3258e200aa
:1022600000a03ae3316707670760c03e02003e0105
:1022700000fbe208100000f8e221534342fbe204b5
:10228000000000f8e221534342fbe20c100000f88a
:10229000e221534342fbe210130000f8e2215343d2
:1022a00042fbe234de0000f8e600fbe238de00002c
:1022b000f8e600fbe23cde0000f8e600fbe2e85056
:1022c0000000f8e4007543106602fb1240de0000d7
:1022d00005e70900fbe250de0000f8ee000210fb0b
:1022e0001260e200000596c7ff0515c7fffb126ce0
:1022f000e2000005d6c5ff056cc5ff05b6d7ff0592
:102300005d99ff05d9240005b0dcff055fc8ffa07b
:1023100082a0092e1d05ce2400610115f806000ccf
:10232000f80601ec016101110542c8ffa082a00975
:10233000a882a809754332055fc8ff610115f80638
:10234000000cf80601ec01610121cc660105fc9846
:10235000ff397c053934007100f03c0c01a0813c50
:1023600005003c0401f80600754414fb324036f0c9
:10237000ff661266b1055733007100106703fbe278
:1023800020510000f8e4010260c03e01023c03005d
:10239000fb1a030e05a3c3ff8089b0896101153eb6
:1023a00001000c3e0101a809a08167036040fbe227
:1023b00034de0000fbf220e20000e0fefbe234de4f
:1023c0000000ece1e3016701fbe238de0000ecef26
:1023d000621fe3ef026040fbe238de0000ece1e365
:1023e00001670105c3dbff0583c7fffb3278e2000d
:1023f00000a03ae3310260800572c7ffa00ae30142
:10240000fb1278e20000a81aec1e06840e06a1005a
:1024100002012232fbe278e20000a809ec02068009
:10242000e206a100e101660e755264fc03e1231689
:10243000fb1278e20000a80aec03a01ae313056877
:10244000dbff67026702052bcdff02fbe204000001
:1024500000ecee740e2153434211fb1a8e410549e4
:10246000e8fffbe208100000ecee740e215343423b
:1024700011fb1a79410532e8fffbe20c100000ec79
:10248000ee740e2153434211fb1a8f41051be8ffe6
:10249000fbe210130000ecee740e2153434212fbda
:1024a0001a80410504e8ff0202604039ddfe611137
:1024b000202c6101213505e81000fbe240de000020
:1024c0000684e1202e05d91000fbe240de0000e387
:1024d000e1fbe2e8500000f8e4012e17fbe240dee9
:1024e0000000ece105e8100009fb1a8a4105bae793
:1024f000fffbe2e850000058ee610e200e39d8fed6
:102500007551152306f806010cf80600ec0161016f
:102510003ae100fbe240de0000ece17100f06351c3
:10252000a0813c0c013c05003c0401f806006684d7
:10253000fb325536f0ff661266b10592310071002c
:1025400010fb1240de0000b8917100f0a0813c0c3d
:10255000013c05003c0401f8060066e4fb325e36ef
:10256000f0ff661266b105663100710010fb124083
:10257000de0000b8997100f0a0813c0c013c050020
:102580003c0401f8060066e4fb326d36f0ff66128b
:1025900066b1053a3100710010fb1240de0000b94f
:1025a000117100f0a0813c0c013c05003c0401f8d5
:1025b000060066e4fb327c36f0ff661266b1050e5b
:1025c0003100710010fb1240de0000b9197100f0fb
:1025d000a0813c0c013c05003c0401f8060066e4c7
:1025e000fb328b36f0ff661266b105e230007100f7
:1025f00010fbe22151000058ee610e200e39a904b3
:10260000fbe221510000f8e400fbe2e85000005832
:10261000ee610e1839c1fd7551141df806010cf854
:102620000600ec0161012019393b04fbe221510055
:1026300000f8e401fbe2e8500000f8e400670167fd
:1026400001055944ff662105240a00027100e8854e
:1026500089a102838b3e02003c070005fbdaff6183
:102660000112b58961011df806010cf80600ec01a4
:102670006101207005cfdcffa081a8817100f066a8
:10268000128302a081810a8102f80600754441fb91
:10269000329a36f0ff66b105353000710010a9019d
:1026a00005970600a8810685010420277100f066c1
:1026b00001a08181098101e3013c0c01754413fbf8
:1026c00032dc36f0ff661266b1050330007100108f
:1026d0000805ecddff3c0701b38aa881059a5aff83
:1026e0002e267100f06601a08181098101e3013c81
:1026f0000c0175445cfb32f036f0ff661266b105e2
:10270000cd2f00710010b189610115f806000cf899
:102710000601ec016101150583ddff392bfd67061c
:102720007ea660c091093c09013c08003c0700b945
:102730000e050a090061111df806000cf80601ecef
:10274000016040e30171030b71020c6611ef640537
:102750002ab2ff62408209b20961011f39eafc3fd7
:1027600066043f66046040fbe240de0000d5e00204
:1027700001b809670160409009fb2240de0000902b
:10278000a1b809053e120067016040fbe240de008f
:1027900000d5e00401b809670160409009fb2240c0
:1027a000de00009121b809050c130067016040fbb1
:1027b000e240de0000d5e00301b809670160409007
:1027c00009fb2240de000090a9b809056f120067de
:1027d000016040fbe240de0000d5e00501b809677a
:1027e0000160409009fb2240de00009129b80905f4
:1027f0003d13006701fbe240de0000f8e600fb123b
:1028000040de00003d1200fb1240de00003d1300e0
:10281000fb1240de00003d1400fb1240de00003dd4
:102820001500fb1240de00003e1300397901fbe287
:1028300040de0000ece105960d00fb1240de0000da
:10284000b8913933fffb1240de0000b8993970ffb0
:10285000fb1240de0000b9113941fffb1240de00df
:1028600000b919397eff0205bcb5ff052eb8ff057a
:102870006fd3ff02fbe234de0000ecef621fe3eff8
:10288000fbe23cde0000ecef621fe3ef39fcfa6193
:1028900011213bfbe23cde0000ecee760e307523ae
:1028a0002dfbe240de0000ecef621fe3effbe23cb9
:1028b000de0000f8e600fbe2e8500000f8e401fb6f
:1028c000e240de0000ece105050d000202fbe250f3
:1028d000de0000f8ee00021039b0fa6111210e3965
:1028e0004502fbe250de0000e3e1020260803c07ab
:1028f000003c0600fbe250de000066ff06a00cef85
:1029000011fb1a904105a2e3fffbe250de0000ec50
:10291000ee770e0121102205388400fb1a8b410549
:1029200088e3ff2e79fbe250de0000ecef71ff1030
:10293000e3effbe250de0000ecee770e0021102307
:102940000dfbe250de0000f8ee000210fbe250de6c
:102950000000ece17542100582b7ff61111e3c06d4
:10296000012e3bfbe250de0000754f3f06a00cef4e
:10297000212cfbe250de0000ece1054db8ff81891f
:10298000b189610115f806000cf80601ec0161013e
:1029900011fb1a8d410512e3ff3c0601b181610173
:1029a0002085670260c03c0b0039dff961113bb341
:1029b00000fbe250de0000ece16683fb2240de001b
:1029c00000051abaff8289b289610115f806000c68
:1029d000f80601ec01610111fb1a814105cbe2ff10
:1029e000fb32a5a5a5a566c2fb1240de0000053698
:1029f000ddffa009fbe250de0000ece175421005ae
:102a0000dab6ff6111200ffbe240de0000a80906e4
:102a100085e10315f806010cf80600ec01610120c0
:102a2000427543106602fb1240de0000058b020077
:102a3000fbe250de0000f8ee0021107100f06601ac
:102a4000a08181098101e3013c0c0175441afb322c
:102a50004d37f0ff661266b105742c0071001067e7
:102a600003670360803c07003920f9611121373981
:102a70007dfefbe250de0000ece16663fb2240deff
:102a8000000005eeb7ff8189b189610115f80600e4
:102a90000cf80601ec016101200cfb1a82410509ca
:102aa000e2ff6702670260c03c0b003e010039daba
:102ab000f86111216ffb32a5a5a5a566c2fb1240e6
:102ac000de00000561dcffa009fbe250de0000ec47
:102ad000e162c166237102040598b7ff8289b28959
:102ae000610115f806000cf80601ec01610111fb0b
:102af0001a834105b4e1fffbe250de00007100f0f3
:102b000066128302e4e002810a8102f8060075443d
:102b100014fb326837f0ff660105b32b007100101b
:102b2000670367037100d43e05003e0400f90e03fd
:102b30000002103c0b00f90e05000210388100a9bc
:102b40000966837102180595b8ff8289b28961010f
:102b500015f806000cf80601ec016101200cfb1ac7
:102b60008c410545e1ff2e50fb32a5a5a5a566c207
:102b700071011805b1dbffa009a909754210055bb9
:102b8000b5ff6101210ea981068501042306f8061f
:102b9000010cf80600ec016101200da80906850171
:102ba000091df806010cf80600ec01610111e500b1
:102bb0000604e5000503a909711110a109a9097707
:102bc0000100211022053879ffa889a281670b71c5
:102bd00000f0a089a082a00ba8896101210cfb1a3a
:102be000844105c5e0ff6704a8816101210cfb1a3f
:102bf000854105b5e0ff6704a8810685010322121f
:102c0000a88106890101068501032506f806010c45
:102c1000f80600ec0161012024fb1a8641058ae0d8
:102c2000ff6704a881a88ac012a8896211a089a898
:102c3000816211a081a8096011a009a80961012180
:102c4000e467047100e0a189a182a10b3c8201e547
:102c5000000703e5000602e5000501a989610119e5
:102c6000fb1a87410543e0ffa9816101212cfb1a72
:102c700088410535e0ff2e22a889581ea881441ef0
:102c8000163c82002e14a8096011a009a8896211bf
:102c9000a089a8816211a081b481610112a8096193
:102ca0000115f806010cf80600ec01610121cbc505
:102cb000001213b489670860c0a081818ae303a869
:102cc000816101211efb1a894105dedfff2e14b14f
:102cd00089a882c321a8816211a081ec016011e35f
:102ce00001ec01610121ea670339a305fbe254de2f
:102cf0000000f8e600027ea66040ef16e306058bb2
:102d00001500c361ec0605f815009069ec06052076
:102d1000160090e9ec060548160090e1ec060570f7
:102d200016009161ec06059816009169ec0605a065
:102d3000150092613f66026040e301fbe258de004d
:102d400000e3e167017ea660c0a081051fd8ffe314
:102d500001ec01610119fb1aa041054ddfffa881bb
:102d6000610119fb1aa2410540dfffec01a882e0d6
:102d700012a8860525d9ff90e13c07002e0eb18ae6
:102d80004b218192b18962118189b18961c1a88188
:102d900023ee3c9200a88166037542140588d9ff92
:102da000fbe254de0000e3e1fbe254de0000ece174
:102db000050e0e003f66046080a00905afd7ffe353
:102dc00001ec01610119fb1aa14105dddeffa80933
:102dd000610119fb1aa34105d0deffec01a80ae04e
:102de00012a8093d12ffa809626166c3660205c9ff
:102df000feffa8093c9200a8096603754214052647
:102e0000d9fffbe254de0000e3e1fbe254de000008
:102e1000ece105ac0d0067026040f8060066037542
:102e20004214fb1258de000005fcd8ffe301fbe270
:102e300054de0000ecee06840e200cfb1a0d420559
:102e400068deff6701670160c0a0813c0601a881c0
:102e5000610119fb1a0c420550deff39bdff0571f7
:102e6000d2ff610115f806000cf80601ec016101c2
:102e700020283c06007100f06601a08181098101d3
:102e8000e3013c0c0166f4fb328037f0ff663266ea
:102e900051053b280071001005fdd1ff610115f8b7
:102ea00006000cf80601ec01610120293c060071c6
:102eb00000f06601a08181098101e3013c0c0175ec
:102ec0004412fb329037f0ff66326651050028004d
:102ed0007100100583d2ff610115f806000cf80699
:102ee00001ec01610120293c06007100f06601a09f
:102ef0008181098101e3013c0c01754417fb32a378
:102f000037f0ff6632665105c52700710010c50015
:102f10000607b18967036080a009e302a80961017f
:102f200019fb1aa5410582ddffec01610119fb1aad
:102f3000a6410575ddffa80afb1258de00003930f6
:102f400004ec01ec1139f2fd6603754214fb1258d2
:102f5000de000005d1d7fffbe254de0000e3e1fb19
:102f6000e254de0000ece105570c0067026080a02f
:102f700009e302a809610119fb1aa741052bddff2e
:102f8000ec01610119fb1aa841051eddffa80afb2f
:102f90001258de000039d903ec01fbe258de0000d4
:102fa000d51e0202ec026262fb1258de0000626172
:102fb00066c3051dfcffec01ec11397dfd66037550
:102fc0004214fb1258de0000055cd7fffbe254de22
:102fd0000000e3e1fbe254de0000ece105e20b005f
:102fe00067026040e301610119fb1a0a4205badc7d
:102ff000ffec01fb226cde0000712230399f036779
:10300000016040e301610119fb1a0b42059bdcffe3
:10301000ec02fb126cde00007211e000397f03ec61
:1030200002fb120ce000007211e000397003fbe2b9
:103030006cde0000fae49e010167016040fbe26c77
:10304000de0000edee64fbf20ce000000685fe649d
:10305000200e05f1ddfffb1a5042054ddcfffbe2bf
:103060006cde0000ede164e30167016040e30161b3
:1030700051290afb1a0e420530dcfffbe20ce0008e
:1030800000e40e64fbe26cde0000e40e64670160a5
:1030900040fbe26cde00005aee9401fbf20ce00013
:1030a0000046fe9401200e059cddfffb1a514205ef
:1030b000f8dbfffbe26cde0000c6e0940103b089a0
:1030c000670160408089fbe26cde0000cbe1940187
:1030d000fbe20ce00000c90e039401670160408030
:1030e000893c0180f80400b089610119fb1aa242f1
:1030f00005b7dbfff804002e18661e5801fd621e9e
:10310000b08a532e472e1d80092e0c6211c3015820
:1031100001617123e6b00975518019fb1aa14205be
:1031200088dbffb009fbe26cde00004b1e5aee9517
:1031300001fbf20ce000004b1f46fe9501200e053e
:1031400004ddfffb1aa0420560dbfffbe26cde0042
:1031500000490e01c6e0950102b081670160408020
:103160008980823c0180f80400b089610119fb1a52
:10317000a4420535dbfff804002e18661e5801fd39
:10318000621eb08a532e472e1d80092e0c6211c379
:10319000015801617123e6b00975518019fb1aa32a
:1031a000420506dbfffbe26cde0000490e01c90ea2
:1031b000029501fbe20ce00000490e01c90e0295e8
:1031c00001670160408089fbe26cde0000cbe19c7e
:1031d00001fbe20ce00000c90e039c0167016040a6
:1031e000fbe26cde00005aee9d01fbf20ce00000f9
:1031f00046fe9d01200e054ddcfffb1a534205a93a
:10320000dafffbe26cde0000c6e09d0103b08967d7
:103210000160408089fbe26cde0000cbe19d01fb98
:10322000e20ce00000c90e039d0167016040fbe273
:1032300058de0000ece1e30167016040fbe258de8c
:103240000000c5e00403b089670160408089fb127b
:1032500058de0000b08a909267016080a009e30206
:10326000a809610119fb1a5c42053edaffec016115
:10327000c111fb1a5d420531daffec03a809fb22fc
:1032800058de000062620549f9ff6702fbe26cde6e
:103290000000f9e66400fbe20ce00000f9e66400df
:1032a000fbe26cde0000fae4940100fbe20ce000bb
:1032b00000fae4940100fbe26cde0000fae49c01f9
:1032c00000fbe20ce00000fae49c0100fbe26cde93
:1032d0000000fae49d0100fbe20ce00000fae49d2e
:1032e0000100fbe26cde0000fae49e0100fbe20c50
:1032f000e00000fae49e0100fb126cde0000711198
:1033000030392a00fb126cde00007211e000391d1a
:1033100000fb120ce00000711130391100fb120c9f
:10332000e000007211e000390400026040e3016136
:103330000119fb1a0f420571d9ffec013e9000ec18
:10334000013d1700ec013c1300ec013c1400ec01c2
:103350003e1500ec013d1300ec013d1400ec013d75
:103360001500ec013d1600ec013e14006701608081
:10337000a009e302a809610119fb1a1442052ad920
:10338000ffec01610119fb1a1342051dd9ffec0284
:10339000a809754314053af8ff67026080a009e3a5
:1033a00002a809610119fb1a124205fdd8ffec01c0
:1033b000610119fb1a114205f0d8ffec02a809754a
:1033c00043b0050df8ff6702608081898182b18971
:1033d00061011ab18161011df806010cf80600eccb
:1033e0000161012118b189610112b181610115f8f2
:1033f00006010cf80600ec01610115f806010cf855
:103400000600ec01610115f806010cf80600ec015c
:103410008109b1096702608081898182b189610176
:103420001ab181610115f806010cf80600ec016182
:10343000012118b189610112b18161011df80601f4
:103440000cf80600ec01610115f806010cf8060005
:10345000ec01610115f806010cf80600ec01810988
:10346000b109670260808189b18961011df8060197
:103470000cf80600ec018181b18167026040fbe23b
:103480006cde000059ee33fbf20ce0000045fe3329
:10349000200e05b1d9fffb1a1f42050dd8fffbe234
:1034a0006cde0000c5e03303b089670160408089ad
:1034b000fbe20ce00000c7e133fbe26cde0000c57c
:1034c0000e033367016040fbe26cde000059eee35f
:1034d000fbf20ce0000045fee3200e0568d9fffb7f
:1034e0001a204205c4d7fffbe26cde0000c5e0e312
:1034f00003b08967016040fbe26cde000059ee34e6
:10350000fbf20ce0000045fe34200e0538d9fffb2d
:103510001a21420594d7fffbe26cde0000c5e034bf
:1035200003b089670160408089fbe20ce00000c7be
:10353000e134fbe26cde0000c50e0334670160403d
:10354000fbe26cde000059eee4fbf20ce00000450b
:10355000fee4200e05efd8fffb1a2242054bd7fff1
:10356000fbe26cde0000c5e0e403b0896701604067
:10357000fbe26cde0000edee46fbf20ce000000624
:1035800085fe46200e05bed8fffb1a1842051ad745
:10359000fffbe26cde0000ede146e3016701604005
:1035a000fb126cde0000ac19fbe20ce000000685ab
:1035b000e111200e058fd8fffb1a254205ebd6ff3f
:1035c000fb126cde0000ac19e30167016040e3010f
:1035d000fb220ce00000a429fbe26cde0000e40efc
:1035e0001167016040fbe26cde0000edee3dfbf296
:1035f0000ce000000685fe3d200e0549d8fffb1ab1
:10360000264205a5d6fffbe26cde0000ede13de3be
:103610000167016040fbe26cde0000edee20fbf292
:103620000ce000000685fe20200e0519d8fffb1acd
:1036300019420575d6fffbe26cde0000ede120e3e8
:103640000167016040e301fbe20ce00000e7e120dc
:10365000fbe26cde0000e40e2067016040fbe26ce0
:10366000de0000edee4cfbf20ce000000685fe4ca7
:10367000200e05d1d7fffb1a1a42052dd6fffbe21b
:103680006cde0000ede14ce30167016040fb126c71
:10369000de0000af11fbe20ce000000685e11c201b
:1036a0000e05a2d7fffb1a294205fed5fffb126cbf
:1036b000de0000af11e30167016040e301fb220c73
:1036c000e00000a721fbe26cde0000e40e1c6701b5
:1036d0006040fbe26cde0000edee48fbf20ce00027
:1036e000000685fe48200e055cd7fffb1a2a42051e
:1036f000b8d5fffbe26cde0000ede148e3016701b5
:103700006040e301fb220ce00000a5a1fbe26cdebf
:103710000000e40e1667016040fb126cde0000bf83
:1037200099fbe20ce0000006c5e11f200e0516d74c
:10373000fffb1a2b420572d5fffbe26cde0000d5c1
:10374000e01f01b809670160409009fb220ce0000e
:103750000097a9fbe26cde0000d50e011f67016037
:10376000806601395d06610115f806000cf8060156
:10377000ec016101200e05cdd6fffb1a2e42052972
:10378000d5fffb126cde000072118400a0096702f5
:103790006040e301610119fb1a3042050cd5ffecd2
:1037a00002fb120ce000007211840075435c0521dd
:1037b000f4ffec02fb126cde000072118400754312
:1037c0005c050ef4ff67016080661139f505610143
:1037d00015f806000cf80601ec016101200e0565e4
:1037e000d6fffb1a324205c1d4fffb126cde00008b
:1037f00072113401a009670260408089fbe26cde2f
:103800000000c7e18ffbe20ce00000c50e038f67ec
:10381000016080fbe20ce0000059e28ffbe26cde0d
:10382000000059e18f39a3fb610115f806000cf87f
:103830000601ec016101200e050bd6fffb1aaf4219
:103840000567d4fffbe26cde0000c5e08f07b1899d
:10385000670260408089fbe26cde0000c7e18efbfe
:10386000e20ce00000c50e038e67016080a00ae351
:1038700001fbe26cde0000e7e229e7e128fbe20c55
:10388000e00000a809ec02e7e129e7e2286702600e
:10389000409009fbe26cde0000d7e149fbe20ce05e
:1038a0000000d50e0149670160408089fbe26cdeb3
:1038b0000000c7e190fbe20ce00000c50e0390673a
:1038c0000160408089fbe26cde0000c7e184fbe21e
:1038d0000ce00000c50e038467016040e301fbe2d9
:1038e0006cde0000e7e12afbe20ce00000e40e2ab7
:1038f000670160c0fbe20ce0000059e2a0fbe26c53
:10390000de000059e1a039c2fa610115f806000c89
:10391000f80601ec016101200e052ad5fffb1ab063
:10392000420586d3fffbe26cde0000ede229ede10b
:1039300028a082a00967036080fbe20ce000005928
:10394000e285fbe26cde000059e185397dfa610118
:1039500015f806000cf80601ec016101200e05e5e2
:10396000d4fffb1aab420541d3fffbe26cde000043
:10397000c5e08507b189670260408089fbe26cdea3
:103980000000c7e185fbe20ce00000c50e0385677f
:10399000016040fb126cde0000be99fbe20ce0000f
:1039a0000006c5e11b200e059cd4fffb1a4842050a
:1039b000f8d2fffbe26cde0000d5e01b01b809671e
:1039c0000160409009fb220ce0000096a9fbe26c2c
:1039d000de0000d50e011b67016040fbe26cde00db
:1039e000005dee73fbf20ce0000006c5fe73200ed6
:1039f0000553d4fffb1a494205afd2fffbe26cde50
:103a00000000d5e07301b80967016040fb126cde6d
:103a10000000bf11fbe20ce0000006c5e11c200e17
:103a20000523d4fffb1a4a42057fd2fffbe26cde7e
:103a30000000d5e01c01b809670160409009fb2235
:103a40000ce000009721fbe26cde0000d50e011cab
:103a500067016040fbe26cde00005dee74fbf20c7f
:103a6000e0000006c5fe74200e05dad3fffb1a4bfa
:103a7000420536d2fffbe26cde0000d5e07401b8ef
:103a80000967016040fb126cde0000bf19fbe20c0d
:103a9000e0000006c5e11d200e05aad3fffb1a4c6d
:103aa000420506d2fffbe26cde0000d5e01d01b846
:103ab00009670160409009fb220ce000009729fb98
:103ac000e26cde0000d50e011d67016040fbe26c78
:103ad000de00005dee75fbf20ce0000006c5fe7531
:103ae000200e0561d3fffb1a4d4205bdd1fffbe25d
:103af0006cde0000d5e07501b80967016040fb127b
:103b00006cde0000bf91fbe20ce0000006c5e11e88
:103b1000200e0531d3fffb1a4e42058dd1fffbe28b
:103b20006cde0000d5e01e01b80967016040900915
:103b3000fb220ce0000097a1fbe26cde0000d50e3a
:103b4000011e67016040fbe26cde00005dee76fb6b
:103b5000f20ce0000006c5fe76200e05e8d2fffb61
:103b60001a4f420544d1fffbe26cde0000d5e0763f
:103b700001b80967016040fbe26cde000059ee32db
:103b8000fbf20ce0000045fe32200e05b8d2fffb30
:103b90001a33420514d1fffbe26cde0000c5e032af
:103ba00003b089670160408089fbe20ce00000c738
:103bb000e132fbe26cde0000c50e033267016040bb
:103bc000e301fb220ce00000a421fbe26cde00001c
:103bd000e40e1067016040fb126cde0000ad99fb43
:103be000e20ce000000685e117200e0558d2fffb2d
:103bf0001a354205b4d0fffb126cde0000ad99e32c
:103c00000167016040e301fb220ce00000a5a9fb75
:103c1000e26cde0000e40e1767016040fb126cde10
:103c20000000ae11fbe20ce000000685e118200e5a
:103c30000513d2fffb1a3642056fd0fffb126cde74
:103c40000000ae11e30167016040e301fb220ce0dc
:103c50000000a621fbe26cde0000e40e18670160a4
:103c600040fb126cde0000ae19fbe20ce000000627
:103c700085e119200e05ced1fffb1a3742052ad067
:103c8000fffb126cde0000ae19e30167016040e348
:103c900001fb220ce00000a629fbe26cde0000e440
:103ca0000e1967016040fb126cde0000ae91fbe272
:103cb0000ce000000685e11a200e0589d1fffb1af1
:103cc000174205e5cffffb126cde0000ae91e30169
:103cd00067016040e301fb220ce00000a6a1fbe2cb
:103ce0006cde0000e40e1a67016040fb126cde001f
:103cf00000ae99fbe20ce000000685e11b200e05fa
:103d000044d1fffb1a384205a0cffffb126cde0046
:103d100000ae99e30167016040e301fb220ce00083
:103d200000a6a9fbe26cde0000e40e1b6701604008
:103d3000fbe26cde000059ee30fbf20ce0000045c7
:103d4000fe30200e05ffd0fffb1a3a42055bcfff85
:103d5000fbe26cde0000c5e03003b0896701604023
:103d60008089fbe20ce00000c7e130fbe26cde0082
:103d700000c50e033067016040fbe26cde000059b5
:103d8000ee31fbf20ce0000045fe31200e05b6d00e
:103d9000fffb1a3b420512cffffbe26cde0000c5c1
:103da000e03103b089670160408089fbe20ce000ec
:103db00000c7e131fbe26cde0000c50e0331670194
:103dc0007100f083893c0d013e02003e0100b38981
:103dd0006101201cfb126cde000072113401a08115
:103de000fb120ce0000072113401a0092e1afb1224
:103df0006cde000072118400a081fb120ce0000058
:103e000072118400a009a8095812a881581139ba62
:103e1000f5610115f806000cf80601ec01610117c7
:103e20003c0d00386201a881b091a80a4521021713
:103e30003c0d00385201a881b099a80a452103170a
:103e40003c0d00384201a881b111a80a4521041790
:103e50003c0d00383201a881b119a80a4521051787
:103e60003c0d00382201a881b191a80a452106170e
:103e70003c0d00381201a881b199a80a4521071705
:103e80003c0d00380201a881b211a80a452108178b
:103e90003c0d0038f200a881b219a80a4521091783
:103ea0003c0d0038e200a881b291a80a45210a170a
:103eb0003c0d0038d200a881b299a80a45210b1701
:103ec0003c0d0038c200a881b311a80a45210c1787
:103ed0003c0d0038b200a881ba91a80a06c5210a93
:103ee000173c0d0038a100a881b999a80a06c52180
:103ef00007173c0d00389000a881ba11a80a06c522
:103f00002108173c0d00387f00a881ba19a80a06bd
:103f1000c52109163c0d002e6ea881a991a80a069c
:103f2000852106163c0d002e5ea881aa19a80a0656
:103f3000852109163c0d002e4ea881ac91a80a06d9
:103f4000852112163c0d002e3ea881ac99a80a06c8
:103f5000852113163c0d002e2ea881ad12a80b064c
:103f6000813214ad190681311557126102163c0dcc
:103f7000002e14a881ad91a80a06852116153c0dc6
:103f8000000c3c0d01c5000d0eb38167046040fbc1
:103f9000126cde0000ad11fbe20ce000000685e1d2
:103fa00014200e05a0cefffb1aae4205fcccfffb91
:103fb000126cde0000ad11e30167016040fb126c82
:103fc000de0000ad19fbe20ce000000685e11520e3
:103fd0000e0572cefffb1aae4205ceccfffb126c73
:103fe000de0000ad19e301670160409009fb120c8f
:103ff000e00000b80aa492b809fb226cde0000a41d
:10400000a1670160409009fb120ce00000b80aa40f
:104010009ab809fb226cde0000a4a967016040e3a6
:1040200001fb220ce00000a521fbe26cde0000e4b5
:104030000e1467016040e301fb220ce00000a5299b
:10404000fbe26cde0000e40e1567017ea660803c9a
:1040500007003c0600fb1ec07f10056da1ff81819b
:10406000b181610115f806000cf80601ec0161014f
:10407000200dfb1a93400531ccff3f6603fb626cb9
:10408000de0000fb32a5a5a5a5754214ef610596db
:10409000c6ffa16966c3fb226cde0000fb1ec07f69
:1040a0001005cfa1ff8189b189610115f806000cc7
:1040b000f80601ec016101200dfb1a8f4005eacbe7
:1040c000ff3f66033f66037100f03c0f003c0e00ab
:1040d0003c0700754218fb1ec07f1005fe9fff8342
:1040e00081b381610115f806000cf80601ec01614d
:1040f000013a7f00754318fb226cde0000fb1ec0f6
:104100007f1005d9a2ff8389b389610115f80600e4
:104110000cf80601ec01610111fb1aad41058acbd7
:10412000fffb32a5a5a5a5754214fb126cde0000ad
:1041300005f4c5ffa081fbe26cde000058ee755e61
:1041400029240ffb126cde0000ba1175511f2306e3
:10415000f806010cf80600ec016101143c0701fbb4
:10416000e26cde0000a8810685e105103c07010c29
:104170003c0701b18961112163fbe26cde0000f9ab
:10418000e905f023fb126cde00003d1100fb126c10
:10419000de00003d1300fbe26cde0000f9e902ffe7
:1041a000fffbe26cde0000f9e904ffff05dce1ff44
:1041b00061012116fbe26cde0000f8e40cfb126cde
:1041c000de00003d18002e14fbe26cde0000f8e477
:1041d00020fb126cde00003d1800fbe20ce000004a
:1041e000fbf26cde0000c0fefbe20ce00000fbf224
:1041f0006cde0000d5fe0101fbe20ce00000fbf2ea
:104200006cde0000d5fe0303fbe20ce00000fbf2d5
:104210006cde0000d5fe0202fbe20ce00000fbf2c7
:104220006cde0000d5fe0404fbe20ce00000fbf2b3
:104230006cde0000d5fe0505fbe20ce00000fbf2a1
:104240006cde0000d5fe0808fbe26cde000058e1e1
:1042500005e304ff0546a7fffb126cde0000b41166
:10426000053e04fffb126cde0000b919056105ff75
:10427000670460408089fbe20ce00000c3e1fbe2e0
:104280006cde0000c10e0367016040fbe26cde00e3
:104290000058eefbf20ce0000044fe200e05a6cb19
:1042a000fffb1aaa410502cafffbe26cde0000c454
:1042b000e003b089670160409009fb220ce0000038
:1042c0009221fbe26cde0000d50e01086701604020
:1042d000fb126cde0000ba11fbe20ce0000006c528
:1042e000e108200e055fcbfffb1aac4105bbc9ffff
:1042f000fbe26cde0000d5e00801b8096701604010
:10430000fb126cde0000b819fbe20ce0000006c5f1
:10431000e101200e052fcbfffb1aae41058bc9ff33
:10432000fbe26cde0000d5e00101b80967016040e6
:10433000fb126cde0000b899fbe20ce0000006c541
:10434000e103200e05ffcafffb1aae41055bc9ff62
:10435000fbe26cde0000d5e00301b80967016040b4
:10436000fb126cde0000b891fbe20ce0000006c519
:10437000e102200e05cfcafffb1aaf41052bc9ff92
:10438000fbe26cde0000d5e00201b8096701604085
:10439000fb126cde0000b911fbe20ce0000006c568
:1043a000e104200e059fcafffb1aaf4105fbc8ffc1
:1043b000fbe26cde0000d5e00401b8096701604053
:1043c000fb126cde0000b919fbe20ce0000006c530
:1043d000e105200e056fcafffb1ab04105cbc8ffef
:1043e000fbe26cde0000d5e00501b8096701604022
:1043f000fb126cde0000af19fbe20ce0000006854a
:10440000e11d200e053fcafffb1aa941059bc8ff0d
:10441000fb126cde0000af19e30167016040fb1284
:104420006cde0000b611fbe20ce0000045e1182054
:104430000e0512cafffb1aab41056ec8fffbe26c0a
:10444000de0000c5e01803b08967016040fb126c14
:10445000de0000bd11fbe20ce0000006c5e1142007
:104460000e05e2c9fffb1aac41053ec8fffbe26c3a
:10447000de0000d5e01401b809670160408089fbc7
:10448000226cde00008621fbe20ce00000c50e037a
:1044900018670160409009fb226cde00009521fb4b
:1044a000e20ce00000d50e0114670160409009fbaa
:1044b000226cde00009329fbe20ce00000d50e0127
:1044c0000d670160409009fb226cde000093a9fba0
:1044d000e20ce00000d50e010f670160409009fb7f
:1044e000226cde00009029fbe20ce00000d50e01fa
:1044f00001670160409009fb226cde000090a9fb7f
:10450000e20ce00000d50e0103670160409009fb5a
:10451000226cde000091a1fbe20ce00000d50e0150
:1045200006670160409009fb226cde000091a9fb48
:10453000e20ce00000d50e010767016040fb126c41
:10454000de0000b991fbe20ce0000006c5e10620a8
:104550000e05f2c8fffb1ab241054ec7fffbe26c25
:10456000de0000d5e00601b80967016040fb126c6f
:10457000de0000b999fbe20ce0000006c5e107206f
:104580000e05c2c8fffb1ab341051ec7fffbe26c54
:10459000de0000d5e00701b809670160409009fb23
:1045a000226cde000093a1fbe20ce00000d50e01be
:1045b0000e670160409009fb226cde00009421fb35
:1045c000e20ce00000d50e0110670160409009fb8d
:1045d000226cde000090a1fbe20ce00000d50e0191
:1045e00002670160409009fb226cde00009121fb14
:1045f000e20ce00000d50e0104670160409009fb69
:10460000226cde00009429fbe20ce00000d50e01d4
:1046100011670160409009fb226cde00009129fbcc
:10462000e20ce00000d50e010567016040e301fbec
:10463000220ce00000a7a9fbe26cde0000e40e1fe4
:1046400067016040e301fb220ce00000a7a1fbe250
:104650006cde0000e40e1e67016040e301fb220ceb
:10466000e00000a729fbe26cde0000e40e1d6701fc
:1046700060c03c0a010516f0ffa009fbe2225100d0
:104680000058ee610e3bd100a809762100047601a6
:10469000000419fb1a00410510c6ffa80976210085
:1046a000087601000819fb1a014105fdc5fffbe270
:1046b00080e20000ecee755e7d2a0ffbe280e200f6
:1046c00000ecee750ec82a06f806010cf80600eca0
:1046d000016101203dfbe284e20000ecee619e24da
:1046e0000efbe284e20000ecef622fe3effbe284da
:1046f000e20000ecee61ae2314058fdcff6101a83f
:10470000091e78a1a0090d78b1a0093c0a002e412c
:10471000fbe280e20000ecee755e772913fbe2809d
:10472000e20000ecee755e792a06f806010cf80648
:1047300000ec016101201afbe284e20000ecee6172
:104740000e200efbe284e20000ecef601fe3efa816
:10475000090568efff0afbe222510000f8e40005ba
:10476000200000fbe280e20000e3e1fbe280e200e7
:1047700000ece1058defffc5000a0bb2896703600d
:10478000803c06003d02003d01006631059774ff44
:104790009081b88176010010230cfb1a02410509b3
:1047a000c5ff2e30b8817551a724073d02a82e0ff2
:1047b000b8817601c80f2307f90902c70fb88172c3
:1047c0001158ff9009b809fbe223510000fece11f9
:1047d0008181c5000607b189cf11670266110565a1
:1047e000eeff027100ec3c82003e0200059feeffee
:1047f000a0096611396a018409661139b20584017c
:10480000b409610112b401610115f806010cf80642
:1048100000ec016101143c820105e674ffa081a84f
:104820008176014706230aa88176015f082306f8ee
:1048300006010cf80600ec0161012020fbe288e291
:104840000000f8e60a0543dbff6111a8091f784163
:10485000a0092e5b7851a0092e55a8817601880603
:10486000230ea881760108082406f806010cf80634
:1048700000ec0161012038fbe288e20000ecee610f
:104880000e200efbe288e20000ecef601fe3effb7e
:10489000e288e20000ecee610e211405eddaff6122
:1048a00011a8091e7a41a0090d7a51a009a88176a4
:1048b000014f03240a6621058cedff2e2b0556edd2
:1048c000ff6111200ea881760170032406f806010d
:1048d0000cf80600ec0161011066310568edff0f70
:1048e00066110561edff052c74ff8389b3896101b1
:1048f0002113fbe28ce20000f8e60aa8097881a007
:10490000092e1afbe28ce20000ecee610e200efb99
:10491000e28ce20000ecef601fe3ef051374ff830d
:1049200081b38161012113fbe290e20000f8e60a05
:10493000a8097891a0092e1afbe290e20000eceea3
:10494000610e200efbe290e20000ecef601fe3ef4f
:10495000a8090567edffc5001213b489670571004a
:10496000ec84893c81013e03003e0200051fedffff
:10497000a009b489610112fbe243600000f8e40180
:10498000fbe24360000058ee610e2110fbea3003a9
:1049900006a10c0e011df806010cf80600ec0161e1
:1049a000013a3601a8096411611119fb1ae04205a8
:1049b000f8c2ffa8096421612119fb1ae14205e947
:1049c000c2ff0513f2ffa089a88976018d06240a8b
:1049d000a8897601ee052406f806010cf80600ec1d
:1049e0000161012031fbe294e20000ecee619e24c3
:1049f0000efbe294e20000ecef622fe3effbe294a7
:104a0000e20000ecee61ae2308a8097801a0093ca1
:104a100081002e37a88976012c06230ea8897601fd
:104a200049062406f806010cf80600ec0161012095
:104a30001afbe294e20000ecee610e200efbe29421
:104a4000e20000ecef601fe3ef05d1f1ffa081a8c9
:104a50008176018d06240aa8817601ee052406f8e8
:104a600006010cf80600ec0161012031fbe298e23e
:104a70000000ecee619e240efbe298e20000eceff9
:104a8000622fe3effbe298e20000ecee61ae230858
:104a9000a8097811a0093c81002e37a88176012c45
:104aa00006230ea881760149062406f806010cf8b3
:104ab0000600ec016101201afbe298e20000ecee36
:104ac000610e200efbe298e20000ecef601fe3efc6
:104ad000a80905e7ebff0afbe243600000f8e400e9
:104ae00005b371ffa08905d071ffa081a8890515c4
:104af000f1ffa8810554f1ffc5001112b4816705cb
:104b00006e697100f083893c0d013e0200057eeb69
:104b1000ffa009b389610112fbe244600000f8e4e0
:104b200001fbe24460000058ee610e2110fbea3008
:104b30000306a10c0e011df806010cf80600ec019d
:104b400061013a3901a80975214075514019fb1ad4
:104b5000e4420555c1ffa8097621800075518019ee
:104b6000fb1ae5420543c1ff0581f1ffa0810585e0
:104b700072ffef16057f72ff6351fd7491644b164f
:104b800006850602231a056d72ffef16056772ff90
:104b90006351fd7491644316068506022506f806e6
:104ba000010cf80600ec016101203efbe29ce200f2
:104bb00000ecee619e240efbe29ce20000ecef6252
:104bc0002fe3effbe29ce20000ecee61ae23140564
:104bd000b9d7ff6111a8091e7861a0090d7871a0ed
:104be000093c0d00389000a886050a72ffef1705f2
:104bf0000472ffef1805fe71ffef1905f871ff63ee
:104c000058fd74986443876351fd74916443196c33
:104c100029fd7499644b974767223aa88605d67197
:104c2000ffef1905d071ffef1805ca71ffef1705e7
:104c3000c471ff6358fd7498644b896351fd74918e
:104c4000644b176c27fd749764437947692506f810
:104c500006010cf80600ec016101201afbe29ce25f
:104c60000000ecee610e200efbe29ce20000ecef97
:104c7000601fe3efa8090543eaff0afbe244600076
:104c800000f8e400056870ffa081a881058bf0ffa3
:104c9000c5000d0eb3813f690860c082893c0901df
:104ca00005ebe9ffe301b289610112fbe245600017
:104cb00000f8e401fbe24560000058ee610e3bc6df
:104cc00000ec01762100017601000119fb1ae64291
:104cd00005d7bfffec01762100027601000219fb27
:104ce0001ae74205c4bfff0547f0ff8201b2016128
:104cf00001fbe2a0e20000ecee2129619e240efb04
:104d0000e2a0e20000ecef622fe3effbe2a0e200a2
:104d100000ecee61ae2308ec0e788ee30e3c090049
:104d20002e12610e200efbe2a0e20000ecef601fed
:104d3000e3ef0545f0ff8189b1896101fbe2a4e25f
:104d40000000ecee2129619e240efbe2a4e20000ab
:104d5000ecef622fe3effbe2a4e20000ecee61aec9
:104d60002308ec0e789ee30e3c09002e12610e2003
:104d70000efbe2a4e20000ecef601fe3efec0105a4
:104d80003ae9ff0afbe245600000f8e40005856fa0
:104d9000ff8201059b6fff8189b20105c3efffb15f
:104da000890506f0ffc500090ab28167037100f0aa
:104db00083893c0d013e020005d3e8ffa009b389b9
:104dc000610112fbe247600000f8e401fbe247608a
:104dd000000058ee610e2110fbea300306a10c0e14
:104de000011df806010cf80600ec0161013abb0058
:104df000a8096441614119fb1ae24205acbeffa853
:104e0000096481618119fb1ae342059dbeff0551ca
:104e1000eeffa081a8817601ee09240aa88176011f
:104e2000fb082406f806010cf80600ec01610120dd
:104e300043fbe24660000058ee619e240efbe24612
:104e400060000058ef622fc3effbe246600000589d
:104e5000ee61ae231a0533d5ff6111a8091e782132
:104e6000a0090d7831a009a8090550e8ff3c0d0004
:104e70002e41a88176015909230ea881760188095f
:104e80002406f806010cf80600ec0161012024fb61
:104e9000e24660000058ee610e2018fbe24660001a
:104ea0000058ef601fc3ef0afbe247600000f8e420
:104eb0000005286effa081a88105d4edffc5000d77
:104ec0000eb38167047100ec84893c81013e0300cc
:104ed000059ee6ffa08105b5e7ffa009b489610141
:104ee00012fbe248600000f8e401fbe248600000c9
:104ef00058ee610e2110fbea000306a10c0e011d05
:104f0000f806010cf80600ec0161013abd000596b7
:104f1000edffa089a88976014706230aa8897601b2
:104f20005f082306f806010cf80600ec0161012079
:104f30001cfbe2a8e20000ecee619e2445fbe2a827
:104f4000e20000ecef622fe3ef2e37a889760188ac
:104f500006230ea889760108082406f806010cf835
:104f60000600ec016101201afbe2a8e20000ecee71
:104f7000610e200efbe2a8e20000ecef601fe3ef01
:104f8000fbe2a8e20000ecee61ae231905fcd3ffc2
:104f90006111a8091e7841a0090d7851a0093c8132
:104fa000002e20fbe2a8e20000ecee610e211405c9
:104fb000d9d3ff6111a8091e7a41a0090d7a51a029
:104fc00009a80905f6e6ff0afbe248600000f8e4dc
:104fd00000a8890689010276019f06240a66210538
:104fe00064e6ff2e2f052ee6ff61112012a8890628
:104ff0008901027601e1062406f806010cf8060094
:10500000ec016101106631053ce6ff0f66110535c4
:10501000e6ff05ed6cffa089a88905b8ecffc50087
:105020001112b48167057ea660803e0100055ee630
:10503000ffe30105471cfffbe2ace200000688e14c
:10504000e3e1fbe2b0e20000ecef621fe3effbe222
:10505000b0e20000ecee760ee8032161fbe2ace288
:105060000000ece1fbe2b0e2000006a009e1a009cb
:10507000a80e05ecf2ff4761241c050ed3ff610169
:10508000ec011e7901e3010d7921e301ec01052b0f
:10509000e6ff2e1405f4d2ff6101ec011e7b01e353
:1050a000010d7b21e301fbe2ace20000f8e600fb2e
:1050b000e2b0e20000f8e6003f66033f66037ea62a
:1050c00060803e010005c6e5ffe30105be1bfffb56
:1050d000e2b4e200000688e1e3e1fbe2b8e20000ae
:1050e000ecef621fe3effbe2b8e20000ecee760ebd
:1050f000e803214dfbe2b4e20000ece1fbe2b8e2a0
:10510000000006a009e1a009a80e0584f2ff47618e
:10511000241a0576d2ff6101ec011e7911e3010d1d
:105120007931e301ec010593e5fffbe2b4e2000015
:10513000f8e600fbe2b8e20000f8e6003f66033f55
:10514000660305a365ff0509a4ff027100d4a281cf
:10515000f90e022090083e0580f90a070020e500bc
:105160000a033e04003e0132f806023e0600f9043e
:1051700020803e0901ef02660105c780ff670b052d
:10518000bf66ff6601053783ff055ca1ff0205ece2
:1051900066ff05b4a1ff6601058283ff0260403c03
:1051a0000200fbee082008ecee610e1c3c0201c57b
:1051b000000203b08967017ea67100cc3e02003e6a
:1051c00001013e0b003e0c013e08013e09003e0a73
:1051d000013e06003e07023e03013e04003e05017b
:1051e000f8060305577effef0105787bffef010509
:1051f0007f7cfffb12bce2000005f59bff05b69b20
:10520000ff710120058c7eff71010c05857effa8d2
:1052100081660205437fffa8096602053b7fffa860
:1052200086050df1ff5f12ef6105fe7effa80e05fa
:10523000cff0ff5f12ef6105f07eff05bb7bff053e
:10524000c47cff3f660e7100d4a281f90e024c2986
:105250000c3e0580f90a070020e5000a033e040021
:105260003e01c8f806023e0600f90420f53e090199
:10527000ef02663105cc7fff670b05399bff663176
:10528000053c82ff02053f9bff6631058f82ff02ce
:1052900060403c0200fbeede200858eefc5aee199e
:1052a00004610e1c3c0201c5000203b08967016065
:1052b0004005ea6aff7542c84312e302ef21670125
:1052c0000546a3ff027100b005c0d0ff6101212691
:1052d000fb122809f0ffa301fbe22c12f0ffe4e02f
:1052e0000bfb122809f0ffa081fbe22c12f0ffe477
:1052f000e0012e24fb12f009f0ffa301fbe23012c3
:10530000f0ffe4e00bfb12f009f0ffa081fbe230bc
:1053100012f0ffe4e0013e0f00f90a110020f90e3f
:105320000d1e1a0cf90e0e0080003e0a013e800090
:10533000f90448f13e8301710228661105047fffdc
:105340006611057a81ff3e0500f90a070020f90e73
:10535000032a1a0cf90e04008000f806013e06002c
:10536000f90420f33e0901ef02662105d57eff66b0
:1053700021054b81ff05939fff67147100e8a10988
:10538000a102a08b3e0100fbe29aaf00005cee613f
:105390000e2110a88ba90266010579a8ffa0092e8d
:1053a0004ba809a902fec21efbfe03000dc3fea806
:1053b000096211a009fb1e03000db019fc5a1e1949
:1053c00004610e2115fb1e03000db019fc5a1e1eb0
:1053d00004610e1df806010cf80600ec01610121c4
:1053e000d603a8090685010323b9a809a081670689
:1053f0002e0303660105eda7ff7601002021f502cb
:1054000060c0a081f806000d6211e301ec01a882e2
:10541000fec21e610e21f3a00967037100f0a0898e
:105420003e0100a88939dbff5b116011e3012e2cde
:10543000a809a88afec2118289a889ec02fec12ea1
:10544000a80afe012eb289ec02a88bfe0321a8094e
:105450006211a009ec016011e301a809068401238f
:10546000d167047100f0a089a082f80600a889ef36
:105470001efd749e0a63ae43e1753130ec02a883d1
:10548000fe0321ec016211e301a889fd74910aa0d9
:1054900089a889610121d8660eec01a882fe021e4e
:1054a000a8813979ffec01a00967047100eca10122
:1054b000a08a3e01003c0300a9016101260d3c03c6
:1054c00001a9017e016211a101a901ef1efd749ed7
:1054d0000a63ae43e1753130a80aa88bfe0321a808
:1054e000096211a009a901fd74910aa101a9016134
:1054f000012ad8b08961012012754e2da809a88a09
:10550000fe021ea8096211a009660ea809a88afe5b
:10551000021ea8893907ffa809a08167057100e864
:10552000a109a1023e02003d03003c0500754e307a
:10553000a881a902fe021ea8816211a081754e7881
:10554000a881a902fe021ea8816211a0813d031c50
:105550002e35a909988afd602164f18109b109619c
:10556000912408711130e3010e711137e3015801e4
:105570008109a882a903fe0321a8816211a0819854
:1055800089604190899889610126c9660ea881a920
:1055900002fe021ea881a08967067100f0a089a002
:1055a00082a00bf806002e14ec01a882fec21ea8f1
:1055b0008afe021eec016211e301ec010685010185
:1055c00023e867047100e4a181a10aa1033e02005f
:1055d00066aea881a902fe021ea8816211a081a95f
:1055e00082751214fb12c8e200004b21628139124d
:1055f000fea009a90106890102a984a80b7514144b
:10560000fb22c8e200004b4262823990ffa881066b
:10561000890101a081e100012e14754e20fe012eaa
:10562000a8816211a081ec016211e301ec0161a18a
:10563000a881a90223e6754e2cfe012ea8816211d5
:10564000a081a9096111210e754e49a881a902fe08
:10565000021e2e18a9096121a881a90218754e57aa
:10566000fe012e0f754e45fe012ea8816211a0810c
:10567000754e2ca881a902fe021ea8816211a0818c
:1056800005ea94ffa9020689020239d9fd068901bb
:1056900002a081754e2ca881a902fe021ea881627b
:1056a00011a0810532cdffa9020689020239b6fd9b
:1056b00006890102a081754e2ca881a902fe021e56
:1056c000a8816211a081a881a08967077100b0a498
:1056d00089a482a40ba404e500150fc500583bc59e
:1056e00000593ae500170dc50060333e0b003e0a35
:1056f000003e0100ac89751114fbe2c8e20000fe17
:10570000ce1e610e201bac89751114fb22c8e2006d
:10571000004b12a829068501122a06f806010cf88a
:105720000600ec0161013a3601590133610120465e
:10573000ac82ac89710308398dfea289a809aa8bb5
:1057400043137102084b1266013932fc06890101cc
:10575000a009aa890681010161012011fbe298af2d
:1057600000005cee610e1df806010cf80600ec016d
:10577000610121caac016101203e3e0100a809ef90
:105780001206890211ac034313660139f0fb068946
:105790000101a009ac010681010161012011fbe2b8
:1057a00098af00005cee610e1df806010cf80600d3
:1057b000ec01610121c959013b6101205859013aad
:1057c0006101ab09127102083955fda28909710204
:1057d0000839dafca2893e0100a809aa8b4313719b
:1057e00002084b1266013995fb06890101a009aa3e
:1057f000890681010161012011fbe298af00005c84
:10580000ee610e1df806010cf80600ec01610121a5
:10581000ca2e4bab8961012045ab8939e5fba281da
:105820003e0100a809ef120689020faa83431366fe
:1058300001394afb06890101a009aa8106810101fb
:1058400061012011fbe298af00005cee610e1df8d3
:1058500006010cf80600ec01610121c96714710012
:10586000e88589a102838b3e02003c0700b3896171
:10587000012012754e20a881a902fe021ea8816295
:1058800011a0813d02042e33b5899882fd60216408
:10589000f18189b1896191a882a90324087111302d
:1058a000e3010e711137e301ec01fe0231a88162c0
:1058b00011a0819881604190819881610126cb6718
:1058c000067100b8a409a402a38ba384e500130dfc
:1058d000e500140cc500542f3e02003e0100ac0947
:1058e000751114fbe2c8e20000fece1e610e201b03
:1058f000ac09751114fb22c8e200004b12a829065e
:105900008501102a06f806010cf80600ec01610179
:105910003aec0059012f61012049ac02ac09710336
:105920000f39a3fca0813e0100a809a8834313718d
:10593000020f4b1266013945fa06890101a009a838
:10594000810681010161012011fbe298af00005c3a
:10595000ee610e1df806010cf80600ec0161012154
:10596000caab816101203e3e0100a809ef12068901
:10597000020fab83431366013903fa06890101a0c4
:1059800009ab810681010161012011fbe298af00a2
:10599000005cee610e1df806010cf80600ec0161da
:1059a0000121c93e02002e4ea881ab0afec211663b
:1059b0001371020f39aafe3e0100a8096633431392
:1059c00071020f4b12660139b4f906890101a00971
:1059d000a80961312011fbe298af00005cee610e76
:1059e0001df806010cf80600ec01610121cea8812a
:1059f0006211a081a8810685010c23ae6712710097
:105a0000eca101a08a2e1a610e1e3e01002e2ded82
:105a10000e04621ee70e04ed0e03621ee70e03ed98
:105a20000e0458eea889441e20dfa889441e2806cb
:105a3000f806ff0cf80601e40001a809a08167053b
:105a40007100e8a109a102a08b2e38a909581ea94e
:105a500001441e2014a901441e2806f806ff0cf874
:105a60000601e400012e25610e1e3e01002e1da937
:105a7000096211a109a9016211a101a8896011a0ff
:105a800089a889610121c63e0100a809a081670695
:105a90007100f0a0893e0114f806002e23ec03a843
:105aa0008a751314fb12c8e200004b316281395031
:105ab000ff6101ec011da0092e0d6211e301ec0153
:105ac00075511423daa809a08167047100e0a18947
:105ad000a182c42013a9816211a181b48961011539
:105ae000f806000cf80601ec01610117e50007015a
:105af0002e44a981390cf9a089a989c4100ba98960
:105b00006211a189b289610115f806000cf806013d
:105b1000ec016101163e01002e1cb28945011321e2
:105b2000daa88ba982a9893919ff610121cda98938
:105b30006011a009a809a10967087100cca3013e62
:105b40000b003e0a003e0100ab01fb22bc37f0ff18
:105b5000397bffa289aa890681010ca281aa8961e9
:105b600001200daa8175511e2406f806010cf806c5
:105b700000ec0161013a5401aa83ab0271010839ba
:105b80001bfaaa81710e08660ffe0e1f71010839fb
:105b900001ffa009a8097551132505380601aa8936
:105ba0006211a289a809751114fbe2c8e200004b3a
:105bb0001eaa89581f755f311df8e4010cf8e40036
:105bc000aa896221a289aa89581e755e572114a844
:105bd00009751114fb22c8e200004b123e21022e6f
:105be00039aa89581e755e452114a809751114fb40
:105bf00022c8e200004b123e21032e1ea809751197
:105c000014fb22c8e200004b12aa89581e755e4997
:105c10001d3e21010c3e21007100f06601a0818132
:105c2000098101710e18e30e3c0c0175441ffb3213
:105c3000be37f0ff661266313994fa710010a80978
:105c4000751114fbe2c8e20000fece117100f0668f
:105c5000028302a081810ae3023c04016674fb32e4
:105c6000de37f0ff661266313964fa710010a80958
:105c7000751114fbe2c8e200004b1e7100f06601d2
:105c80008301e5e001028109e3013c040166b4fb04
:105c900032e637f0ff661266313933fa7100106769
:105ca0000d7100f06601a08181098101710e18e378
:105cb0000e3c0c01754418fb32f237f0ff6631eff1
:105cc00012390bfa710010670d670d7100b8a40945
:105cd000a4023e02003e0100a881710e0e66affed6
:105ce0000e1fa8816211a08171020e06890202ac0a
:105cf000093972f706890102a081a881710e0e751b
:105d00004f2cfe0e1fa8816211a08171020e068920
:105d10000202ac01394ff706890102a081a809a847
:105d200083431371020e4b1266013951f606890145
:105d300001a009a8810681010161012011fbe298ff
:105d4000af00005cee610e1df806010cf80600ecd9
:105d500001610121ca67127100b4a481a40aa403dd
:105d60003e02003e0100a881710e0e66affe0e1fbe
:105d7000a8816211a08171020e06890202ac8139ec
:105d8000e4f606890102a081a881710e0e754f2ce0
:105d9000fe0e1fa8816211a08171020e0689020207
:105da000ac0939c1f606890102a081a881710e0ee5
:105db000754f2cfe0e1fa8816211a08171020e0684
:105dc000890202ac01399ef606890102a081a80968
:105dd000a883431371020e4b12660139a0f50689a0
:105de0000101a009a8810681010161012011fbe2e6
:105df00098af00005cee610e1df806010cf806007d
:105e0000ec01610121ca67137100b0a489a482a4c6
:105e10000ba4043e02003e0100a881710e0e66af85
:105e2000fe0e1fa8816211a08171020e0689020276
:105e3000ac893931f606890102a081a881710e0e64
:105e4000754f2cfe0e1fa8816211a08171020e06f3
:105e5000890202ac81390ef606890102a081a8816f
:105e6000710e0e754f2cfe0e1fa8816211a081715c
:105e7000020e06890202ac0939ebf506890102a07f
:105e800081a881710e0e754f2cfe0e1fa881621124
:105e9000a08171020e06890202ac0139c8f506899b
:105ea0000102a081a809a883431371020e4b126658
:105eb0000139caf406890101a009a88106810101fe
:105ec00061012011fbe298af00005cee610e1df84d
:105ed00006010cf80600ec01610121ca6714660e88
:105ee0007df2200c651e7e027e11fd7422007df481
:105ef000200efd74de017e047e13fd742400fd2659
:105f00000efd7cc40000ff20346605660f660e4758
:105f100042250a62156c137e5426f64331fc034277
:105f200022094b31fc0b427fb07e5e7e5f68147e9f
:105f300043601526e8eff2efe12e5e610420106d5c
:105f400004fd903e57e46d037545102ec0fd7cc3e3
:105f50000000ff12ef3466037545202eb061021f6a
:105f6000610121322e33ef24ef15fc2734ef4e4f21
:105f70003443426d0269055725ef52fc2735ef5f28
:105f80004f3543526d025f115721fc27316d0f577a
:105f9000f1efe20cfc2731fd2a0e610e117e027e2c
:105fa00011fd74220002fd7cc40000ff203766054d
:105fb000660f660e7df4220e4742250a62156c13a9
:105fc0007e5426f64331fc034222094b31fc0b423e
:105fd0007fb07e5e7e5f68147e43601526e8eff238
:105fe000efe102610420106d04fd903e57e46d0363
:105ff0007545102ebdfd7cc30000ff12ef34660313
:106000007545202ead61021e6101213102ef24efa2
:1060100015fc2734ef4e4f3443426d026905572576
:10602000ef52fc2735ef5f4f3543526d025f11573a
:1060300021fc27316d0f57f1efe202fc2731026e90
:1060400015fb425812f0fffb527012f0ff66022e51
:1060500010fd2a41fd2a434713250643137f884735
:106060004524f0fb423412f0fffb525812f0ff2e91
:1060700013fd2a42fd2a43fd2a41472325064323d7
:106080007f8f474524ed6f150260c03e02003e0140
:1060900000f8060005cd9eff050190ffa08105c90f
:1060a000c7ff05c0e8fea8817100f066128302a058
:1060b00081810a8102f8060066e4fb324329f0ff81
:1060c0006601050af6ff710010a8810530e9fe059a
:1060d000bfeafe0564edfe0533eafe058f8affa0e8
:1060e0000ae301a809ec027222f401fd742100a068
:1060f00009e30205dba5ffa80aec034b13fd74229c
:1061000000a00ae3030d05f0c2ff05608aff0684c4
:106110000106a100020123f005f4beff056cf1feab
:10612000fb1a701705fcc5ff0556c2ff05c709ff1e
:10613000052620ff0507cfff61311d056b20ff05f8
:10614000fcceff61212125059220ff05ea9eff2e4e
:106150001b05fcf0fe2e15052af1fe2e0f6611051b
:1061600048abff0f66210541abff0579c2ff055a19
:10617000c2ff053d9aff05c5ceff610120e1711efa
:10618000fe612e23ce614120d02edbfbee84e07f2a
:10619000f8e901aafbee84e07ff9e902015502600b
:1061a000403c0201fbe218e20000eceef8e4b3fb35
:1061b0001e10e07faf11fc5a1e1104611e21f2fb7c
:1061c000ee10e07f58eefc5aee1c04610e200d3cf0
:1061d0000200fb1a0824050428f0c5000203b08958
:1061e000670160803c0601fbee10e07f5dee587cad
:1061f0000e2031fb1e10e07faf11fc5a1e1404610b
:106200000e2111fb1e10e07faf11fc5a1e1304611a
:106210000e15f806010cf80600ec01610115f806f0
:10622000010cf80600ec016101200f3c0600fb1a8e
:10623000092405a827f02e59fbee10e07f5dee58eb
:106240007c1e2031fb1e10e07faf11fc5a1e14048f
:10625000610e2111fb1e10e07faf11fc5a1e1304ca
:10626000610e15f806010cf80600ec01610115f845
:1062700006010cf80600ec013c0600610112fb1a55
:106280000724055827f009fb1a0824054f27f0fbbf
:106290001e10e07faf11fc5a1e1204611e2118fb74
:1062a000ee10e07f58eefc5aee1904611e18fbee6a
:1062b00010e07ff0effb1e10e07faf11fc5a1e1aba
:1062c00004611e1e39dbfe8181c5000607b18967a6
:1062d0000260403c02012e21fbe2acdd0000ecef4d
:1062e00071f5ffe3e5610f211039b6fe3c0200fbba
:1062f0001a0a2405e726f0fb1e10e07faf11fc5ab6
:106300001e1104611e21d3b08161112116fbee1014
:10631000e07f58eefc5aee1c04610e1639c6fe8072
:1063200081c5000203b0896701fbee10e07f58eee3
:10633000fc5aee1904611e18fbee10e07ff0ef39f5
:106340004cfe395dfefbee10e07ff9e93a00aafb56
:10635000ee10e07f5dee3a610e21f60260403c02f5
:1063600001fbe2acdd0000f8ea80253966ff8081a0
:10637000fbee84e07ff8e900aafbee84e07f5ceeb0
:10638000610e21f7c5000203b089670160c0a081da
:106390003c0500e100027fb83c06002e1ab181fbeb
:1063a000e2700df0fffe61ee06840e1c3c0501b1ab
:1063b0008162118181b18175512623e3b1096101a7
:1063c000210dfb1a0224051426f038a200ec01fb73
:1063d000e2700df0ff0685e11e2310fbe2acdd004c
:1063e00000f8e20074b7012e0efbe2acdd0000f80d
:1063f000e200d0dd063996fdfbee30e07ff9e5588e
:1064000001fbee30e07fe00efbe218e20000ecee74
:10641000f8e420fbe218e20000eceef8e4d039b337
:10642000fe8109fbee30e07f5dee2a611e212aec41
:1064300001fbe2700df0ff0685e11e2410fbe2accb
:10644000dd0000f8e200d0dd062e0efbe2acdd0040
:1064500000f8e20074b701b10961011c39cdfe39c1
:10646000fdfe8109b10961011c39c0fe7fa8c5008c
:106470000507b18967037100e4a181a10aa1033c6a
:106480000e01e50006023e01007fb8a90961012165
:10649000103c0e00fb1a0324054225f0383501a8f4
:1064a00081fbe2700df0ff0684e12310a881fbe27e
:1064b000700df0ff0685e1252506f806010cf806ab
:1064c00000ec01610120103c0e00fb1a0024050cb9
:1064d00025f038ff00b201610120103c0e00fb1acc
:1064e000002405f824f038eb00a901755181231030
:1064f0003c0e00fb1a052405e324f038d600398d44
:10650000fcfbe2acdd0000f8ee00f915fbee30e03c
:106510007fe10e02fbe218e20000eceef8e4e8fb9b
:10652000e218e20000eceef8e4803e01002e18a82c
:1065300009a90afe512efbf27cae0000fe11fea856
:10654000096211a009a8090685010423e4e50004f5
:10655000012e16a809fbe27cae0000fbf6fffe113f
:10656000efa8096211a009a80975518023e73e012f
:10657000002e28fbf27cae0000a809fe51ffd3efed
:10658000fbee30e07fedee14fc5aee1604611e20a7
:10659000f1ed0e01621ee70e01ed0e01755e80fb4e
:1065a000e218e20000ecee23ccf8e4d03925fd83bc
:1065b00081fbe2acdd0000f8ee00f915b38161016a
:1065c0001c3968fd3998fd8381b38161011c395bf9
:1065d000fd7fa8c5000e0fb38967077100e8a10908
:1065e000a102a08b3c0901e5000501a9016101217f
:1065f000103c0900fb1a042405e223f0388c00a8a3
:1066000009fbe2700df0ff0684e12310a809fbe20c
:10661000700df0ff0685e1252506f806010cf80649
:1066200000ec016101200f3c0900fb1a012405acbc
:1066300023f02e56b1016101200f3c0900fb1a0125
:1066400024059923f02e43a889755181230f3c0915
:1066500000fb1a0624058523f02e2ffbee84e07f35
:10666000f8e900aa3c0a002e19b281ef1e06890e35
:10667000014b1edceea902fe112eb2816211828155
:10668000b2810685010323e3c500090bb2896706c1
:10669000ffffffffffffffffffffffffffffffff0a
:1066a000fffffffffffffffffffffffffffffffffa
:1066b000ffffffffffffffffffffffffffffffffea
:1066c000ffffffffffffffffffffffffffffffffda
:1066d000ffffffffffffffffffffffffffffffffca
:1066e000ffffffffffffffffffffffffffffffffba
:1066f000ffffffffffffffffffffffffffffffffaa
:00000001ff
