:020000040800F2
:10B00000C037002081B2000839120108AB0C0108DA
:10B010003512010809D30008D11E01080000000004
:10B02000000000000000000000000000DD15010825
:10B0300079D30008000000003D120108E115010865
:10B040009BB200089BB200089BB200089BB20008AC
:10B050009BB200089BB200089BB200089BB200089C
:10B060009BB200089BB200089BB200080DD30008F9
:10B070009BB200089BB200081DD300082DD3000826
:10B080009BB200089BB200089BB200089BB200086C
:10B090009BB200089BB200089BB200089BB200085C
:10B0A0009BB200089BB200089BB200089BB200084C
:10B0B0009BB20008A11601089BB200089BB20008D1
:10B0C0009BB200089BB200089BB2000869120108FD
:10B0D0006D120108B11E0108C11E01089BB20008D3
:10B0E0007BD300089BB200089BB200089BB200080B
:10B0F000B11601089BB200089BB200089BB2000881
:10B100009BB200089BB200089BB200089BB20008EB
:10B110009BB200089BB200089BB200089BB20008DB
:10B120009BB200089BB200089BB200083DD3000808
:10B1300000F002F800F094F80AA090E8000C8244B5
:10B140008344AAF10107DA4501D100F089F8AFF292
:10B15000090EBAE80F0013F0010F18BFFB1A43F0F5
:10B160000103184704E2000024E20000103A24BF63
:10B1700078C878C1FAD8520724BF30C830C144BF5C
:10B1800004680C607047000000230024002500269E
:10B19000103A28BF78C1FBD8520728BF30C148BF3A
:10B1A0000B6070476E2900F03384702900F09D8594
:10B1B00066290DF08E8465290DF08B8467290DF0CA
:10B1C000888461290DF0878403681B0A28BF41F039
:10B1D0008001692900F02681642900F02381752906
:10B1E00000F020816F2900F02A85782900F0698518
:10B1F000E92900F0C584E42900F0C284F52900F0B3
:10B20000BF84EF2900F02785F82900F068850368DE
:10B21000DB0928BF41F08001632900F034847329E1
:10B2200000F03984E32901F0C781F32901F0CC81D2
:10B23000002070471FB59DE8030000F009FB01F0F6
:10B2400085FA0400002000210CF040FD401C6060E5
:10B25000002000210CF050FDE0601FBD10B510BDB6
:10B2600001F04FFA1146FFF7E5FF0AF03FFD01F04C
:10B2700031FB03B4FFF7F2FF03BC01F061FB0000F8
:10B280000948804709480047FEE7FEE7FEE7FEE77A
:10B29000FEE7FEE7FEE7FEE7FEE7FEE704480549B6
:10B2A000054A064B704700009116010831B10008AD
:10B2B000C0310020C0370020C0330020C033002040
:10B2C00070B5064600F0A4FA056806F10B0020F000
:10B2D0000704B4429CBF002070BD2B466A68BAB117
:10B2E0001068A04210D304F1080188423CBF5068A6
:10B2F000586007D35168101941601168091B01603B
:10B3000058601460101D70BD13465268002AE7D1C2
:10B310002146284600F088FA0028DED170BD70B5BD
:10B320000446051F00F074FA0068002C14BF44683E
:10B3300070BD002C18BFAC423CBF20466468F8D3F7
:10B3400001680A18AA4218BF456003D12A68054659
:10B350001144016028684119A1421CBF6C6070BD96
:10B360006168696021680844286070BDB2F12003FB
:10B370000AD5C2F1200320FA02F001FA03F321FA00
:10B3800002F140EA0300704721FA03F04FF0000198
:10B39000704700001CB50C46064B7B446946009084
:10B3A000204600F04EFB04460020694600F05CFB9E
:10B3B00020461CBDCB0600000FB4044910B503AAFB
:10B3C000029800F06DFB10BC5DF814FBAC0000208F
:10B3D00070B50C460546012A05D02878800600D5B0
:10B3E000EA69002302E0012305E05B1C934202D2DC
:10B3F000E05C0028F9D1A869E618C01AA861286A9B
:10B4000018442862284600F071FA04E0D5E90121C9
:10B4100014F8010B9047B442F8D3284600F07CFAA8
:10B4200070BD00002DE9F041064600241068752922
:10B43000314616A510D000F080FA002802DA40420A
:10B4400013A507E031688A0701D512A502E0490774
:10B4500004D511A5012401E000F078FA00210A22A8
:10B4600006F1240709E0B0FBF2FCB0FBF2F302FBAB
:10B470001C00303078541846491C0028F3D123466C
:10B480002A463046BDE8F04100F069BA00000000ED
:10B490002D0000002B000000200000002DE9F05FCF
:10B4A000894604464FF0000ADFF874B1FB44C0F847
:10B4B00020A02046E1688847002874D0252806D0BF
:10B4C000D4E901219047206A401C2062F1E7002660
:10B4D0005F462046E16888472028054607DB312D76
:10B4E00005D2781910F8200C08B10643F1E7B0072F
:10B4F00001D526F00406C4F81CA00027C4F818A043
:10B500002A2D09D0284606F079FD38B304EB8708C8
:10B51000303DC8F8185019E059F8041B204604EBD8
:10B5200087029161E1688847012F054618D1E069DB
:10B53000002820DA26F020061DE0D8F8180000EBDD
:10B54000800005EB40003038C8F818002046E1685C
:10B550008847054606F052FD0028EED1012F0AD09B
:10B560002E2D08D12046E16888477F1C0546022F12
:10B5700046F02006C4DBA069002803DA404246F00A
:10B580000106A061F00701D026F010066C2D0BD04B
:10B59000682D09D04C2D39D06A2D35D0742D35D079
:10B5A0007A2D33D016E038E0E1682F4620468847F0
:10B5B000B842054609D16C2F26D04FF48060E1686F
:10B5C000064320468847054604E06C2F1AD04FF406
:10B5D000807006430DB3A5F14100192802D820352B
:10B5E00046F400664A462946204626604E46FFF746
:10B5F000D9FD80B101280BD0F61D26F0070000F11F
:10B60000080956E74020E4E78020D8E70020D6E785
:10B6100006F104094DE7284652E7206ABDE8F09F8D
:10B6200025DD000070B5064600F0F6F80468054612
:10B6300030460A22002100F063FB2C6070BD09F047
:10B6400001BE0000014A00F093BB0000FC00002096
:10B65000401ECAB210F8011F8A4202D00029F9D157
:10B660000020704740EA0103024630B59B0710D125
:10B670004FF0013400E008C208C91D1B9D4315EAC4
:10B68000C41FF8D013F0FF0102F8011B0DD01B0AF4
:10B69000F8E711F8013B002B02F8013B05D011F847
:10B6A000013B002B02F8013BF3D130BD2DE9F04105
:10B6B0000E460546002400E0641C285D00F009F9F0
:10B6C0000746305D00F005F9381A02D1295D0029DE
:10B6D000F2D1BDE8F08110B5431C02E010F8011B67
:10B6E00071B18107FAD14FF0013202C88C1A8C4334
:10B6F00014EAC211F9D0C01A0A0603D0C01E10BD48
:10B70000C01A10BD0A0401D0801E10BD0902FCD071
:10B71000401E10BD10B5203AC0F00B80B1E81850A3
:10B72000203AA0E81850B1E81850A0E81850BFF42B
:10B73000F5AF5FEA027C24BFB1E81850A0E81850CA
:10B7400044BF18C918C0BDE810405FEA827C24BF1E
:10B7500051F8043B40F8043B08BF7047D20728BFAC
:10B7600031F8023B48BF11F8012B28BF20F8023BFB
:10B7700048BF00F8012B70474FF000020429C0F0C9
:10B78000128010F0030C00F01B80CCF1040CBCF113
:10B79000020F18BF00F8012BA8BF20F8022BA1EB65
:10B7A0000C0100F00DB85FEAC17C24BF00F8012B4A
:10B7B00000F8012B48BF00F8012B70474FF0000242
:10B7C00000B5134694469646203922BFA0E80C5097
:10B7D000A0E80C50B1F12001BFF4F7AF090728BF72
:10B7E000A0E80C5048BF0CC05DF804EB890028BFEE
:10B7F00040F8042B08BF704748BF20F8022B11F017
:10B80000804F18BF00F8012B704770477047704792
:10B810000048704764310020004870475C310020C8
:10B82000704770477047704738B504460A46002095
:10B830006946AFF30080002808BF38BD0246009972
:10B84000204600F0C3FA012038BD012000F033BFCC
:10B85000F8B5AFF30080054600200C46102000BF6D
:10B860000646A819A0420DD9324669460020AFF31A
:10B870000080070008BF00F01EFF0098A04218BF1C
:10B880000546C419FFF7C4FF05600746F01D20F008
:10B8900007004619284600F00AF8B44208BFF8BD70
:10B8A000A21B31463868BDE8F84000F08FBA00218D
:10B8B0000160C0E9011070471020704710B5FFF714
:10B8C000ABFF006810BD10B50446FFF7A5FF04608C
:10B8D00010BD10B5044600F071FA0068005DC006A6
:10B8E00002D504F1200010BD204610BD70B50446FD
:10B8F00085690068C10601D5302600E02026C00712
:10B9000007D070BDD4E9012130469047206A401C21
:10B9100020626D1EF6D570BD70B50446856900784D
:10B92000C00707D170BDD4E9012120209047206ACB
:10B93000401C20626D1EF6D570BD09684A0501D510
:10B9400040B27047C905FCD500B2704709684A0586
:10B9500001D5C0B27047C905FCD580B270472DE94A
:10B96000F0470D4699469246044600F124080168C6
:10B97000880604D5E06921F01001216000E0012073
:10B98000A84201DD471B00E00027A1697A1902EBFC
:10B990000900081AA0612078C00602D42046FFF7EB
:10B9A000A5FF002608E0D4E901211AF80600904717
:10B9B000206A401C761C20624E45F4DB2078C006CD
:10B9C0000AD52046FFF792FF06E0D4E90121302096
:10B9D0009047206A401C2062381EA7F10107F4DC62
:10B9E00007E0D4E9012118F805009047206A401CBF
:10B9F0002062281EA5F10105F3DC2046FFF78CFF2D
:10BA00002078000602D50220BDE8F0870120FBE780
:10BA100011680268006A530501D508700AE0D30571
:10BA200001D5088006E0130603D5C217C1E900025C
:10BA300000E008600120704701694A1C0261087833
:10BA4000704700B58FB0CDE901310021059105495E
:10BA50007944CDE9031011466846FFF71FFD0FB08A
:10BA600000BD0000E5FFFFFF0A6802F8010B0A6055
:10BA7000704710B5436913B1AFF3008001E0FFF7E1
:10BA8000A7FC012010BD127800F124010A700022E9
:10BA90004A700122EDE711684FF0FF32E9E700003C
:10BAA000074B70B50D467B44FFF7CBFF0446284695
:10BAB00000F0DDFD10B14FF0FF3070BD204670BDCD
:10BAC0009B9700002DE9FF5F15468A460446DFF884
:10BAD000AC80F8440027D8E900103E46CDE90010BC
:10BAE00010E03AF816106A4602A800F0C4FD411CA6
:10BAF00007D02178890603D5E269391891420DD81B
:10BB00000744761C2078800602D5E069B84205DD3E
:10BB1000AE42E6DB3AF816000028E2D1A069C01B6D
:10BB2000A0612046FFF7E2FED8E90010CDE9001041
:10BB3000002017E03AF818106A4602A800F09BFDB2
:10BB4000B0F1FF3F81460BD000250DF1080B05E059
:10BB5000D4E901211BF8050090476D1C4D45F7D332
:10BB600008F10100B0428046E4DB206A38442062DC
:10BB70002046FFF7D1FEBDE8FF9F000012D700006E
:10BB80002DE9F0418046D21D22F007020025D2E9BE
:10BB90000002F52915A614D0011E72F1000106DA83
:10BBA0000023D0EB030063EB020211A608E0D8F8F3
:10BBB00000108B0701D50FA602E0490701D50EA69C
:10BBC00001251146002408F1240704E000F018F9CB
:10BBD00030323A55641C50EA0102F7D12B46324606
:10BBE00021464046BDE8F041FFF7B9BE0000000025
:10BBF0002D0000002B0000002000000030B40021C8
:10BC000000F1240408E002F00705D208303542EACA
:10BC10004372DB086554491C52EA0305F3D10468FA
:10BC2000002310A2250707D5A40600D421B1C469BA
:10BC300001230DA2641EC46130BCFFF790BE10B595
:10BC4000044621461068FFF781FE02462046BDE803
:10BC500010400023D2E7D21D22F00701D1E90023D2
:10BC6000CCE700000000000030000000F0B40D46FA
:10BC70000188090502D5214C7C4402E01F4C7C441C
:10BC80000E34002100F1240608E002F00F0712092B
:10BC9000E75D42EA03721B097754491C52EA030725
:10BCA000F3D102780023120704D5702D06D009B114
:10BCB000022311342246F0BCFFF751BE0123103499
:10BCC000F8E770B504460D4621461068FFF73EFEC2
:10BCD000024629462046BDE870400023C6E7D21D33
:10BCE00022F00703D3E90023C0E70368126843F09A
:10BCF000200303600823C3610023B7E774D5000065
:10BD00002DE9F04791460F4680460446002614F878
:10BD1000015B2DB100F052F80068405DC007F6D11C
:10BD20002B2D02D02D2D18D0641E4A4639462046B0
:10BD300000F04EFC27B13968A14201D1C7F800805C
:10BD40004FF0020471050BD54042002803DDFFF7D8
:10BD500063FD0460A007BDE8F08746F48066E4E771
:10BD60000028F8DAFFF758FD04606FF00040F2E7B2
:10BD70002DE9F04115460E46040002D12C6804B9A5
:10BD80000BA4204600F0AEFC0444207870B1274696
:10BD90003146384600F096FC0444207810B100206B
:10BDA00004F8010B38462C60BDE8F0810027F9E764
:10BDB00000000000004870475C31002010B500F022
:10BDC000C5FC001D10BD00BF05BF00000346406854
:10BDD0008C46002818BF88423CBF03464068F8D311
:10BDE00018681844884207D00CF1030020F00700BF
:10BDF000001D411A521A0146081D0A60FFF78FBA4A
:10BE000030B5B0F10A024FEA900E71F100034EEA2C
:10BE1000817EB0EB0E0061EB91014FEA101E4EEAFD
:10BE2000017E10EB0E0041EB11114FEA102E4EEA8D
:10BE3000016E10EB0E0041EB11214FEA104E4EEA5D
:10BE4000014E10EB0E0041EB1141401841F1000191
:10BE50004FEAD00040EA41704FEAD10110EB800573
:10BE60004FEA810444EA907444EB01046D1944EBF9
:10BE70000404521BA3414FF0000348BF0A3200D50F
:10BE800030BD401C41F1000130BD70472DE9FF4F2E
:10BE90000C461E464FF0FF378BB0D2E90001DDF8AB
:10BEA00060800A908A46C1F30A5505B93D460021D3
:10BEB00008464FF00000BAF1000F00F4400005DA28
:10BEC00000EB80004FF4400101EA50004FEA905926
:10BED000B9F1010F00DDB9460A9850EA4A000ED0C8
:10BEE00044F61050A5F2FF3545432F14B8F1000F6A
:10BEF0001ED07542291E1EDDC9F100021CE0B8F1FA
:10BF0000010F4FF0000001D0302103E0F24305E0C3
:10BF10002154401CB042FBDB30460022002121545A
:10BF20000B99C1F80880C1E900200FB0BDE8F08F7F
:10BF3000BD1B6D1CDEE74A4600DA694206A800F028
:10BF400057FC06AB93E8070003AB83E807005046B5
:10BF50000A9900F05CFD8DE80700A0F500501F383D
:10BF600000900398002D0ADD42F21F014A46084462
:10BF7000002303A90390684600F0C5FF09E0A0F57F
:10BF800000504A461F38002303A90390684600F07A
:10BF9000CFFF8DE807000004000C03D04FF0FF3006
:10BFA000410800E01046B8F1000F03D000220092D3
:10BFB00015461EE0751E05D4FFF722FF303262558C
:10BFC0006D1EF9D5B3460122084302D000227F1C22
:10BFD00004E02078302801D100227F1E002A099732
:10BFE00084D01DE0112D07DAFFF70AFF30326255C9
:10BFF0006D1C50EA0102F5D1084302D00098C8B187
:10C000000EE00021681E05E0235C625C635422544C
:10C01000401E491C8142F7DBAB46A81B401E09901D
:10C02000002004F80B000B98099AC0F80880C0E9BA
:10C03000002B7AE711264FF0000857E72DE9F04F63
:10C0400088460446D21D22F0070191B0D1E90001D3
:10C05000CDE90A0105F03EFF02460B98C00F01D062
:10C060002D2007E02068810701D52B2002E0202148
:10C0700001EAC000032A099001D0072A05DB034624
:10C080004146204600F066FB0BE12078800601D592
:10C09000E06900E00620B8F1650F814606D0B8F1EE
:10C0A000660F18D0B8F1670F70D131E00020B9F1F8
:10C0B000110F009001DB112301E009F101030AAA2D
:10C0C00001A90CA8FFF7E2FEDDE90C70002609F1DA
:10C0D0000105834647E001204B4600904FF00047A2
:10C0E0000AAA01A90CA8FFF7D1FEDDE90DB00C9951
:10C0F0005D46002610B909F101000D18B9EB0500E5
:10C1000003D4C0F1FF3609F10105A5EB09002BE0CE
:10C11000B9F1010F01DA4FF001090020B9F1110F57
:10C120000090484601DD112300E003460AAA01A958
:10C130000CA8FFF7ABFEDDE90C704D4600268346E8
:10C14000207800070AD4AB4500DA5D4601A8012D2E
:10C1500004DD411911F8011C302907D04F4502DADE
:10C1600017F1040F04DA012082460FE06D1EEEE79E
:10C17000002F02DCED1B3E4403E0781CA84200DDEA
:10C180007D1CB81B00F1010A4FF000472078000722
:10C1900003D4AA4501DB4FF0FF3A0021B7F1004F6D
:10C1A0000DF143088DF8431024D002202B23002FDB
:10C1B00001DA7F422D230A21021EA0F1010000DCDA
:10C1C0005FB197FBF1FC97FBF1F201FB1C7C17467A
:10C1D0000CF1300C08F801CDEEE7A8F10100037076
:10C1E0002188090501D5452100E06521A0F101085C
:10C1F00000F8011C09980FA9A1EB0807FF1D00B169
:10C200000120411901EBEA70A1693844081A401E67
:10C21000A0612078C00602D42046FFF767FB09988A
:10C2200028B1D4E901219047206A401C206220787F
:10C23000C00622D52046FFF759FB1EE0002E04DB86
:10C24000B34502DD01A8805D00E03020D4E9012182
:10C250009047206A401C2062761CAAF101005FEA28
:10C26000000A0AD100F072FAC0680168405CD4E9A3
:10C2700001219047206A401C2062281EA5F101057B
:10C28000DCDC07E0D4E9012118F8010B9047206AB3
:10C29000401C2062381EA7F10107F3DC2046FFF79F
:10C2A0003BFB032011B041E62DE9F04F04460D465B
:10C2B000D21D22F0070089B0D0E9009748463946E0
:10C2C00005F008FE0246F80F01D02D2307E0206894
:10C2D000810701D52B2302E0202101EAC0038DF85C
:10C2E00020300BB1012000E00020032A824601D05B
:10C2F000072A04DB2946204600F02CFA3FE120788B
:10C30000800601D40D2500E0E569C7F30A560D2D1E
:10C3100049DA00214FEA175B08464FF00000002F72
:10C3200000F4400007DA00EB80004FF4400100EB1E
:10C33000D07001EA60008115012901DD4FF0FF3165
:10C3400000224FEA850CBCF1180F06D31346ACF15E
:10C3500018004FF08052C24003E04FF4801323FADC
:10C360000CF30CF10C0CBCF1200F04D3ACF1200C3D
:10C3700009FA0CF001E007FA0CF000294FF0004830
:10C3800001DD18B90FE00ED140450CD319EB0209BD
:10C390005F4121B9404502D19F4329EA0209BBEB25
:10C3A000175F00D0761C2088000502D57B487844B2
:10C3B00002E07A487844193808AA302302F80A3093
:10C3C000037C0AF10101002E0AF1020A53546A4665
:10C3D00002DC4FF0300101E04FF031014FF0010875
:10C3E0008DF8001002D0A6F2FF3603E059EA4701AB
:10C3F00000D06B4E002D02DC2178090704D54FF0E8
:10C4000002082E218DF80110C44600210BE0C7F36D
:10C4100003433F01C35C491C6D1E02F80830052927
:10C4200008F1010801DA002DF1DC00210CE000EB3D
:10C430001973491C1B786D1E082902F808304FEA51
:10C44000091908F1010801DA002DF0DC21688B06DA
:10C4500002D516E0A8F10108E04505DD02EB08036E
:10C4600013F8013C302BF5D0B8F1000F09DD02EBD9
:10C47000080313F8013C2E2B03D1090701D4A8F1BE
:10C480000108002D05DD3E2102F808106D1E08F19F
:10C490000108407C002E02F8080008F1010804DAC7
:10C4A0002D20764202F8080002E02B2002F8080056
:10C4B0000A214FF47A70864208F101080BDB96FBE3
:10C4C000F0F3303302F8083096FBF0F308F101087E
:10C4D00000FB136601E0642E0CDB642096FBF0F396
:10C4E000303302F8083096FBF0F308F1010800FB46
:10C4F000136601E00A2E06DB96FBF1F0303002F8FD
:10C50000080008F1010896FBF1F001FB10603030E3
:10C5100002F80800A16908F1010808EB050202EB26
:10C520000A00081AA0612078C00602D42046FFF74E
:10C53000DDF9216A08AE01EB0A00206204E0D4E9CB
:10C54000012116F8010B9047BAF1010AF7D22078C1
:10C55000C00602D52046FFF7C9F96E4609E016F875
:10C56000010B3E280FD0D4E901219047206A401CDE
:10C570002062B8F10108F2D22046FFF7CDF909B0E8
:10C580000320BDE8F08F206A2844206203E0D4E94C
:10C590000121302090476D1EEBD3F8E779CE0000E3
:10C5A00002FCFFFF10B5436913B1AFF3008001E057
:10C5B000FFF788FA012010BD128800F1240182845F
:10C5C0000022C2840122EDE711684FF0FF32E9E753
:10C5D0002DE9F05F824615468B4600270AF10104DB
:10C5E000B9460078302801D09DB113E014F8010B52
:10C5F0000127782803D0582801D045B10AE00DB1B1
:10C60000102D07D1002714F8010B102502E0082592
:10C6100000E00A250026B0460EE005FB080005FBF9
:10C6200006F101271FFA80F801EB1046B6F5803FAE
:10C6300000D3B94614F8010B294600F0CBF80028C6
:10C64000EBDABBF1000F05D00FB1641E00E05446D9
:10C65000CBF80040B9F1000F06D0FFF7DDF802215A
:10C660000160C81EBDE8F09F48EA0640FAE7007B7B
:10C6700000F08000704770B516460C460546FFF77F
:10C680009DFB036893F80101012806D0FF2C0FD809
:10C69000185D68B101202C7070BDD3F807013246D7
:10C6A000214603F2071303442846BDE870401847AB
:10C6B0004FF0FF3070BD10B500F01AF9BDE8104022
:10C6C00000F011B930B503461D781DB10A4603E0EC
:10C6D000AC4201D1181A30BD12F8014B002CF7D131
:10C6E0005B1CF1E730B503461D783DB10A4612F8F0
:10C6F000014B1CB1AC42FAD15B1CF5E7181A30BDF6
:10C7000070477546FFF756FBAE460500694653462F
:10C7100020F00700854618B020B5FEF7BFFDBDE844
:10C7200020404FF000064FF000074FF000084FF098
:10C73000000B21F00701AC46ACE8C009ACE8C00929
:10C74000ACE8C009ACE8C0098D46704700487047A6
:10C750007C3100202DE9F0411F4604460326016884
:10C76000072A01F4006004DB08B116A505E016A550
:10C7700003E008B115A500E015A521F01000206028
:10C78000A069C01EA0610FB1401EA0612046FFF746
:10C79000ADF84FB1D4E9012138469047206A401CDA
:10C7A0002062C01C206206E0206AFAE7D4E9012179
:10C7B00015F8010B9047761EF8D22046FFF7ACF82B
:10C7C000BDE8F0814E414E006E616E00494E46005C
:10C7D000696E66003A2800D2303820F02002412AE3
:10C7E00001D3A2F13700884201D34FF0FF307047E8
:10C7F0002DE9F047814616468AB0354878440DC881
:10C800008DE80D0032487844801C03AC0DC884E8E4
:10C810000D0041F69B300844372190FBF1F290FB6C
:10C82000F1F5A5F1800501FB12041B3C02D5644221
:10C83000012000E00020DFF898A080460027FA449D
:10C84000AAF1BE0A0EE0E0070AD03246684607EBBE
:10C85000470101230AEB810100F06AFB8DE8070024
:10C8600064107F1C002CEED1194F7F44AE3F19E0BD
:10C87000E80715D007EB04100DF1180A90E80E0038
:10C880008AE80E00C068F04201D19819089032463B
:10C89000012306A903A800F04BFB03AB83E80700C4
:10C8A0006D10641C002DE3D14FF001033246694640
:10C8B000B8F1000F03A802D000F025FB01E000F062
:10C8C00037FBC9E90001C9F808200AB0BDE8F087C4
:10C8D000BCCA000010B50446AFF300802046BDE896
:10C8E0001040FEF7C6BC002801D000F029B8704700
:10C8F00010B5012805D0002103A000F027F8012081
:10C9000010BD09A1F8E7000053494752544D454D69
:10C910003A204F7574206F662068656170206D65E0
:10C920006D6F7279000000003A2048656170206DDB
:10C93000656D6F727920636F7272757074656400D3
:10C9400001491820ABBEFEE72600020070B505467F
:10C950000C460A2000E06D1C00F052F835B1287832
:10C960000028F8D102E0641C00F04AF814B12078E5
:10C970000028F8D1BDE870400A2000F041B800005E
:10C980004FF0013C50F8042B51F8043B9A4221D15E
:10C99000A2EB0C03934313EACC1317D150F8042BEA
:10C9A00051F8043B9A4215D1A2EB0C03934313EACE
:10C9B000CC130BD150F8042B51F8043B9A4209D107
:10C9C000A2EB0C03934313EACC13DBD04FF000002F
:10C9D000704700BFD01A01BAB1FA81F101F0180115
:10C9E00022FA01F0CB40C1F12001DBB2C0B2C01A83
:10C9F0002CFA01F3D11A914311EAC311E6D1704721
:10CA000008B569468DF800000320ABBE08BD5FEA9B
:10CA1000400C08BF91F0000F4FEA8C234FEAC1226F
:10CA200043EA51514FEA1C5018BF00F5F0404FEA5D
:10CA3000300018BF41F000415FEA6C5C00F02980D3
:10CA4000BCF1FF3F08BF40F080407047130C06BFA9
:10CA500012044FF0100C4FF0000C130E04BF120222
:10CA60000CF1080C130F04BF12010CF1040C930F0E
:10CA700004BF92000CF1020CD30F04BF52000CF162
:10CA8000010C11464FF00002A0F11F00A0EB0C00BA
:10CA9000704711F0004F08BF704731F000413FF47C
:10CAA000D5AF0B0C06BF09044FF0100C4FF0000C73
:10CAB0000B0E04BF09020CF1080C0B0F04BF090197
:10CAC0000CF1040C8B0F04BF89000CF1020CCB0F8E
:10CAD00004BF49000CF1010CCCF12003A0EB0C00C9
:10CAE00022FA03F302FA0CF241EA030100F1010019
:10CAF000704720F07F4C80EA030023F07F47ACEBC7
:10CB0000070303F57C5300F0004003F1FF032DE918
:10CB100080494FEA154B09B44FEA144325EA0B4EFE
:10CB200024EA03480FF2042606EB132749083E784F
:10CB30005FEA320203FB0667C7F5000707FB06F64C
:10CB40004FEA54374FEAD64606F1020607FB066C59
:10CB5000CCF1005C4FEA1C472CEA074C07FB06F4BB
:10CB60000CFB06F504EB15464FEA961634BF002081
:10CB70004FF000404FEAD13706FB07FC4FEA1C4C50
:10CB80000CFB0BF7D21B03FB0CF761EB07010CFB53
:10CB90000EF7B0EB074072EB17420CFB08F734BFFF
:10CBA000A2EB0742B2EB074261EB17414FEA0C449C
:10CBB0004FEA910706FB07FC4FEA1C4C0CFB0BF7F6
:10CBC000B0EBC74072EB573203FB0CF734BFA2EB5C
:10CBD000C742B2EBC74261EB57310CFB0EF7B0EB2B
:10CBE000C70072EB57720CFB08F734BFA2EBC70209
:10CBF000B2EBC70261EB5771039F4FEA816141EAD3
:10CC0000921104EBCC044FEAD1374FEA826206FB63
:10CC100007FC42EA90124FEA80604FEA1C4C0CFB82
:10CC20000BF7D21B03FB0CF761EB07010CFB0EF7B4
:10CC3000B0EB074072EB17420CFB08F734BFA2EBD6
:10CC40000742B2EB074261EB17414FEA8C554FEABE
:10CC5000910704EB9C2406FB07FC4FEA1C4C0CFBE1
:10CC60000BF7B0EBC74072EB573203FB0CF734BF46
:10CC7000A2EBC742B2EBC74261EB57310CFB0EF798
:10CC8000B0EBC70072EB57720CFB08F734BFA2EB96
:10CC9000C702B2EBC70261EB577115EB4C254FEAA7
:10CCA000816141EA92114FEA82624FEAD13742EA4A
:10CCB000901206FB07FC44F100044FEA80604FEA43
:10CCC0001C4C0CFB0BF7D21B03FB0CF761EB0701B1
:10CCD0000CFB0EF7B0EB074072EB17420CFB08F7AA
:10CCE00034BFA2EB0742B2EB074261EB174115EBF1
:10CCF0001C154FEA813141EA92414FEA823242EA01
:10CD000090424FEA80304FEA0C7644F1000448EA42
:10CD100003434EEA0B484FF0000EB2EB080C71EBE8
:10CD2000030724BF624639464EEB0E0E4FF0000B50
:10CD30000018524149414BEB0B0BB2EB080C71EB65
:10CD400003077BF1000B24BF624639464EEB0E0E03
:10CD50004FF0000B0018524149414BEB0B0BB2EB6B
:10CD6000080C71EB03077BF1000B24BF62463946C8
:10CD70004EEB0E0E51EA020718BF46F0010616EB05
:10CD80000E7655F1000254F1000103D5BDE889018A
:10CD9000BDE80088BDE88901BDE80048B6195241E8
:10CDA00041EB0101A3F10103704780807F7E7D7C10
:10CDB0007B7A7978777676757473727171706F6E2D
:10CDC0006E6D6C6C6B6A6A696868676666656464D8
:10CDD000636362616160605F5F5E5E5D5D5C5C5B62
:10CDE0005B5A5A59595858575756565555555454D1
:10CDF000535352525251515050504F4F4F4E4E4D2F
:10CE00004D4D4C4C4C4B4B4B4A4A4A49494948487A
:10CE100048474747474646464545454444444443BA
:10CE200043434342424242414141002B9C4630D45D
:10CE300077002BD01CB54FEA370703B44FF0100032
:10CE40004FF01001BAF1000F06D0BCF1000FDCBFAB
:10CE500040F0080040F008014FF000000FBCBDE8B2
:10CE600010400BF1010BBBF1010F08BF5FEA170780
:10CE700022BF12F1010211F101014FF0004143F113
:10CE8000000300F0004043EA00007047F9D3570860
:10CE9000D0E746EA064613F1400F4FEA16461FDD7B
:10CEA00013F1200FDFBF16430A46002120335B42F7
:10CEB000BED0C3F1200746EA064602FA07F74FEA5A
:10CEC000164646EA0706C3F1200722FA03F201FAE2
:10CED00007F721FA03F14FF0000342EA0702A7E740
:10CEE00046EA020646EA06464FEA164646EA0106C2
:10CEF000BCBF46EA0646360C4FF000034FF0000276
:10CF00004FF0000194E72DE9804C9A46934670B4A7
:10CF100091E8380007C831EA400C48BF34EA430CB6
:10CF200003D5FFF7E6FDFFF780FFF0BCBDE8008CFE
:10CF30002DE9804C9A46934670B491E8380007C8B2
:10CF400010F0804F08BF13F0804F03D100F005F8B8
:10CF5000FFF76BFFF0BCBDE8008C20F07F4780EA54
:10CF6000030023F07F4C07EB0C03A3F57C5300F088
:10CF70000040A3F1FE0392F0000F00F0B38095F0A3
:10CF8000000F00F077802DE901494FEA11404FEA88
:10CF9000144621EA004800FB06FC24EA064708FB89
:10CFA00006F607FB08F800FB07F718EB06484CEB02
:10CFB000164C4FEA124B18EB07484FEA15464CEB5C
:10CFC000174022EA0B4E0BFB06FC25EA06470EFB38
:10CFD00006F607FB0EFE0BFB07F71EEB064E4CEBAF
:10CFE000164C4FF000061EEB074E4CEB174B18EBA0
:10CFF0000B0840F1000018EB0E0B58EB000840F155
:10D0000000008F1A4FF000013CBFC943661B14BFDC
:10D01000B5EB040C00213CBFC943F61B4FEA174493
:10D020004EEA8E0E27EA04454FEA1C4704FB0762CE
:10D030002CEA074C05FB07F70CFB05F604FB0CFC80
:10D0400016EB074642EB174216EB0C4642EB1C422E
:10D050001BEB060658EB0202414146EA9E0601D54B
:10D06000BDE80189B619524141EB0101A3F1010369
:10D07000BDE801894FEA14454FEA114724EA054605
:10D0800021EA074C05FB07F406FB07F70CFB06F14A
:10D0900005FB0CFC11EB074144EB17444FEA124728
:10D0A00011EB0C4144EB1C4422EA074C05FB07F250
:10D0B00006FB07F70CFB06F605FB0CFC16EB074618
:10D0C00042EB174216EB0C4642EB1C456A1854F132
:10D0D000000148BF7047B619524141EB0101A3F16D
:10D0E0000103704795F0000F37D04FEA11424FEA25
:10D0F000144721EA024624EA074C02FB07F106FB2B
:10D1000007F70CFB06F402FB0CFC14EB074441EBA5
:10D1100017414FEA154714EB0C4441EB1C4125EA3B
:10D12000074C02FB07F506FB07F70CFB06F602FBB4
:10D130000CFC16EB074645EB174516EB0C4645EB8A
:10D140001C42121951F1000148BF7047B6195241F3
:10D1500041EB0101A3F1010370474FEA14454FEA87
:10D16000114724EA054621EA074C05FB07F106FBB7
:10D1700007F70CFB06F24FF0000605FB0CFC12EB68
:10D18000074241EB174112EB0C4251EB1C4148BFE7
:10D190007047921841EB0101A3F10103704770B58C
:10D1A000044600252068806800F0010018B320685C
:10D1B000806820F001002168886001F05FFE05466C
:10D1C00013E001F05BFE401B02280ED92068806846
:10D1D00000F0010048B1A06A40F01000A062E06ACF
:10D1E00040F00100E062012070BD2068806800F01E
:10D1F00001000028E5D10020F6E770B505466C6A0D
:10D20000A06A00F05000E0B9A06A40F40070A0628B
:10D210002068806800F46020B0F5602F0DD1207B7D
:10D2200058B9A06A20F48070A062A06A00F480500F
:10D2300018B9A06A40F00100A062204600F094FAFC
:10D2400003E0206A016B2846884770BD70B505462B
:10D250006C6AA06A40F04000A062E06A40F00400FE
:10D26000E062204600F035FB70BD70B50446656A8B
:10D27000284600F02DFB70BD38B50446002500207F
:10D2800000902068806800F0010078BB206880680A
:10D2900040F0010021688860194800681949B0FB16
:10D2A000F1F0009002E00098401E009000980028E5
:10D2B000F9D101F0E3FD054619E001F0DFFD401B67
:10D2C000022814D92068806800F0010078B9A06AAB
:10D2D00040F01000A062E06A40F00100E06200BF90
:10D2E000002084F8240000BF012038BD05E020683C
:10D2F000806800F001000028DFD00020F5E7000082
:10D30000F800002040420F0000BFFEE710B50248C1
:10D3100001F06CF810BD00006814002010B5024840
:10D3200001F064F810BD00001C28002010B5024870
:10D3300001F05CF810BD00006028002010B5024824
:10D3400001F054F810BD0000AC14002030B590F886
:10D3500040500124AC40C56B6C6004686360446855
:10D36000102C04D10468A2600468E16003E0046842
:10D37000A1600468E26030BD704710B54FF4805082
:10D3800001F0C8FB10BD72B600BFFEE70021074ADE
:10D39000D1610749096941F00401054A116111464B
:10D3A000096941F04001116170470000000100204F
:10D3B000002002400021074AD1610749096941F074
:10D3C0000201054A116111464861096941F04001B5
:10D3D0001161704700010020002002400022054B2F
:10D3E000DA61054A126942F00102034B1A610180B9
:10D3F00070470000000100200020024000201E496C
:10D40000C96801F0100139B11C49C96941F0020134
:10D410001A4AD16140F010001749C96801F00401AF
:10D4200039B11649C96941F00101144AD16140F08E
:10D4300004001149C96901F0010169B10F49C969C5
:10D4400041F004010D4AD16100BF0B49C96921F0C7
:10D450000101094AD16100BF00BF40F201118842B9
:10D4600006D10549C96921F00101034AD16101E0F2
:10D470000149C86000BF7047002002400001002041
:10D4800070B5044601F0FAFC054609E0601C38B1AD
:10D4900024B101F0F3FC401BA04201D9032070BD70
:10D4A0001248C06800F001000028EFD10F48C068A2
:10D4B00000F0200020B100BF20200C49C86000BF50
:10D4C0000A48C06800F0100048B90848C06900F078
:10D4D000010020B90548C06800F0040018B1FFF74A
:10D4E0008DFF0120DBE70020D9E70000002002408B
:10D4F000F8B5044600260020009000BF94F82400F0
:10D50000012801D10220F8BD012084F8240000BFC9
:10D510002046FFF744FE0646002E6CD1A06A20F498
:10D52000885040F00200A062022001F0B5FD3549AC
:10D530000968B1FBF0F04000009002E00098401E46
:10D54000009000980028F9D12046FFF795FE20684A
:10D55000806840F008002168886001F08FFC054673
:10D5600016E001F08BFC401B0A2811D92068806866
:10D5700000F0080060B1A06A20F0020040F0100046
:10D58000A06200BF002084F8240000BF0120BAE799
:10D590002068806800F008000028E2D120688068D8
:10D5A00040F004002168886001F068FC054616E040
:10D5B00001F064FC401B0A2811D92068806800F043
:10D5C000040060B1A06A20F0020040F01000A062E8
:10D5D00000BF002084F8240000BF012093E72068EA
:10D5E000806800F004000028E2D1A06A20F0020068
:10D5F00040F00100A06200BF002084F8240000BFBA
:10D60000304680E7F800002038B5024600230020AD
:10D61000009000BF92F82400012801D1022038BDFB
:10D62000012082F8240000BF4868072812D2106841
:10D63000406B0C79641E04EB84051F24AC40A043AE
:10D640000D796D1E05EB85050C68AC402043146810
:10D65000606327E048680D2812D21068006B0C79CF
:10D66000E41F04EB84051F24AC40A0430D79ED1F9B
:10D6700005EB85050C68AC4020431468206311E07D
:10D680001068C06A0C790D3C04EB84051F24AC4083
:10D69000A0430D790D3D05EB85050C68AC4020439A
:10D6A0001468E06208680A2812D31068C0680C7811
:10D6B0000A3C04EB44050724AC40A0430D780A3D26
:10D6C00005EB45058C68AC4020431468E0600FE032
:10D6D000106800690C7804EB44050724AC40A043B3
:10D6E0000D7805EB45058C68AC402043146820613B
:10D6F0000868102802D00868112827D1174C106834
:10D70000A0421ED11068806800F40000F0B91068D3
:10D71000806840F400001468A0600868102815D1E3
:10D720000F4800680F4CB0FBF4F000EB80004000A5
:10D73000009002E00098401E009000980028F9D167
:10D7400004E0906A40F020009062012300BF0020B6
:10D7500082F8240000BF184661E700000024014061
:10D76000F800002040420F007FB504464E48844236
:10D7700003D101204D49087094E04D488442FBD10B
:10D780004C4800884C4908804A48408848804948AD
:10D79000808888804748C088C880484890F821031E
:10D7A000012831D1454890F8200300287AD1084655
:10D7B00001884248424A128820F832103E48408888
:10D7C0003E493F4A128801EBC20148803A488088AE
:10D7D0003A493B4A128801EBC20188803648C18829
:10D7E0003648374A128800EBC200C18034480088AE
:10D7F000401C3349088008460088642852D1012023
:10D800002E4981F820034DE02C4890F8210302288E
:10D8100027D12C4800682C490968884242D2234805
:10D82000408828490A6800232849C969224DCDE962
:10D83000013200910390EB88AA886988288804F057
:10D84000A1FF20480068401C1E4908600846006887
:10D850001D490968884225D10120184981F8200313
:10D8600020E0164890F8210304281BD115480068D1
:10D8700015490968884215D20F4A51881088114A03
:10D88000126804F095FF0F480068401C0D490860BD
:10D89000084600680C490968884203D101200749FD
:10D8A00081F820037FBD0000381400202C010020E7
:10D8B000081400201400002028000020FE01002091
:10D8C0001C0000202400002020000020D81300208D
:10D8D0007047704701460868C06C70472DE9F041F9
:10D8E0000446002700250026A84614B90120BDE8FB
:10D8F000F081A06810B1207D00B100BFA06A30B9EE
:10D900000020E06284F82400204600F097F82046CA
:10D91000FFF745FC0746A06A00F01000002873D10D
:10D92000002F7ED1A06A20F4885040F00200A0624F
:10D930003F4AD4E90001904208D1E069B0F5402F98
:10D9400002D14FF4002002E0E06900E0E069014309
:10D95000207B41EA40000643A068B0F5807F02D0FA
:10D96000A068012802D14FF4807000E00020054338
:10D97000207D012811D1207B38B9A069401E4FF4C9
:10D98000006141EA4030054307E0A06A40F0200012
:10D99000A062E06A40F00100E0622068406820F484
:10D9A0006940284321684860206880682149084010
:10D9B000304321688860A068B0F5807F02D0A068FD
:10D9C000012802D14FF4807000E00020B0F5807F84
:10D9D00003D1208A401E4FEA00582068C06A20F414
:10D9E000700040EA08002168C86220688068124917
:10D9F0000840B04209D10020E062A06A20F0020095
:10DA000040F00100A06211E00BE0A06A20F00200EB
:10DA100040F01000A062E06A40F00100E0620127DF
:10DA200004E0A06A40F01000A062012738465EE7DB
:10DA3000003C0140FDF7E1FFFE0E1FFF10B586B070
:10DA400004460020029003900490059054492068F9
:10DA5000884261D100BF5348806940F40070514949
:10DA600088610846806900F40070019000BF00BF23
:10DA700000BF0846806940F004008861084680695C
:10DA800000F00400019000BF00BF00BF084680699D
:10DA900040F0100088610846806900F01000019095
:10DAA00000BF00BF4048007801282CD1C020029060
:10DAB0000320039002A93D4801F03AF8302002907B
:10DAC0000320039002A93A4801F032F839483A4954
:10DAD0000860002048600021374881608021C160D3
:10DAE0004900016189004161202181614FF4405169
:10DAF000C16100F047FE08B1FFF745FC00BF2E48AA
:10DB0000206244624AE0302002900320039002A980
:10DB1000264801F00DF841E02849206888423DD1AF
:10DB200000BF2048806940F400401E4988610846D3
:10DB3000806900F40040019000BF00BF00BF0846AC
:10DB4000806940F0040088610846806900F00400A4
:10DB5000019000BF00BF022002900320039002A9A1
:10DB6000124800F0E5FF164816490860002048609A
:10DB70000021144881608021C16049000161890051
:10DB8000416100218161C16100F0FCFD08B1FFF736
:10DB9000FAFB00BF0B482062446200BF06B010BD14
:10DBA0000024014000100240A42800200008014089
:10DBB000001001400800024068140020003C0140B1
:10DBC00058040240AC140020F8B504460D46002667
:10DBD00000200090002701F051F906462068806877
:10DBE00000F4807050B1A06A40F02000A06200BF35
:10DBF000002084F8240000BF0120F8BD20684068A0
:10DC000000F4807020BB2068C06A00F47000F8B98E
:10DC100017E0681CA8B125B101F030F9801BA842BB
:10DC20000FD92068006800F0020050B9A06A40F0E7
:10DC30000400A06200BF002084F8240000BF03207D
:10DC4000DBE72068006800F002000028E1D053E024
:10DC5000022001F021FA38490968B1FBF0F021688F
:10DC60000969364A114091B92168C9689211114079
:10DC700069B921680969324A114031B92168C96816
:10DC80009211114009B9142117E0292115E02168EA
:10DC900009692B4A114021B92168C96892111140C4
:10DCA00041B121680969274A114029B92168C96829
:10DCB000114009B9542100E0FC2100FB01F718E0F4
:10DCC000681C98B125B101F0D9F8801BA8420DD984
:10DCD0000098B8420AD2A06A40F00400A06200BFD7
:10DCE000002084F8240000BF032086E70098401C31
:10DCF00000900098B842E3D36FF0120021680860EA
:10DD0000A06A40F40070A0622068806800F460207F
:10DD1000B0F5602F0DD1207B58B9A06A20F4807037
:10DD2000A062A06A00F4805018B9A06A40F0010017
:10DD3000A062002061E70000F8000020244992243E
:10DD4000922449124992240070B50446002500BF70
:10DD500094F82400012801D1022070BD012084F82C
:10DD6000240000BF2046FFF787FA0546002D77D133
:10DD7000A06A40F20121884340F48070A0623C49CF
:10DD80002068884208D13B48006800F4702008B938
:10DD9000012002E0002000E0012078B1A06A20F418
:10DDA0008010A0622068406800F4806000B3A06A20
:10DDB00020F4005040F48050A06219E0A06A40F4C2
:10DDC0008010A0622B49091F2068884203D028498F
:10DDD0002068884204D12748006800F4806000E091
:10DDE000002028B1A06A20F4005040F48050A062C6
:10DDF000A06A00F4805020B1E06A20F00600E062E2
:10DE000001E00020E06200BF002084F8240000BF91
:10DE1000C01E216808602068806800F46020B0F5AA
:10DE2000602F16D112492068884208D11148006835
:10DE300000F4702008B9012002E0002000E0012079
:10DE400038B12068806840F4A000216888600CE048
:10DE500006E02068806840F480102168886004E053
:10DE600000BF002084F8240000BF284675E70000AA
:10DE700000280140042401402DE9F04104460D46EC
:10DE80001646002757492068884203D05649206823
:10DE9000884205D15348001D006800F4702000E05E
:10DEA000002000287ED100BF94F82400012802D170
:10DEB0000220BDE8F081012084F8240000BF204644
:10DEC000FFF7DAF90746002F6DD1A06A40F601612D
:10DED000884340F48070A06243492068884209D199
:10DEE0004048001D006800F4702008B9012002E0DD
:10DEF000002000E0012078B1A06A20F48010A06228
:10DF00002068406800F4806000B3A06A20F40050EC
:10DF100040F48050A06219E0A06A40F48010A06232
:10DF200030492068884203D02F492068884205D1B3
:10DF30002C48001D006800F4806000E0002028B13B
:10DF4000A06A20F4005040F48050A062A06A00F45F
:10DF5000805020B1E06A20F00600E06201E000207D
:10DF6000E06200BF002084F8240000BF1F48216A3F
:10DF700088621F48216AC8621E48216A08636FF0E0
:10DF80000200216808602068806840F48070216881
:10DF90008860226802F14C0133462A46206A00F06C
:10DFA00037FC01E01AE014E02068806800F460208B
:10DFB000B0F5602F06D12068806840F4A000216889
:10DFC00088600CE02068806840F4801021688860D8
:10DFD00005E000BF002084F8240000E00127384657
:10DFE00067E700000024014000280140FBD1000841
:10DFF0006BD200084DD2000870B50446002500BF62
:10E0000094F82400012801D1022070BD012084F879
:10E01000240000BF2046FFF7C2F805462DB9A06ACC
:10E0200020F4885040F00100A06200BF002084F876
:10E03000240000BF2846E8E7F0B5034600BF587942
:10E04000012801D10220F0BD0120587100BF02203B
:10E0500018711868046802F0100640F6FE70B040AF
:10E060008443D1E9000640EA060502F0100005FAF3
:10E0700000F00443186804601868006802F0100794
:10E08000C026BE40B0431E6830600120187100BF3A
:10E090000020587100BF00BFD5E710B504460CB989
:10E0A000012010BD207920B900206071204600F0C9
:10E0B00009F8022020710020206101202071002039
:10E0C000EFE7000010B586B00446002002900390F0
:10E0D0000490059016492068884226D100BF154853
:10E0E000C06940F000501349C8610846C06900F09B
:10E0F0000050019000BF00BF00BF0846806940F09B
:10E10000040088610846806900F00400019000BFA7
:10E1100000BF09480078012807D130200290032071
:10E12000039002A9054800F003FD06B010BD0000F1
:10E130000074004000100240A428002000080140A4
:10E1400038B50446002000902068009029B902F1FB
:10E150000800009D2844009004E002F11400009D96
:10E160002844009000980360002038BD10B5024696
:10E1700000BF5079012801D1022010BD012050714B
:10E1800000BF022010711068006801F01004012324
:10E19000A34018431368186061B91068006800F064
:10E1A0003C003C2816D11068406840F0010013681C
:10E1B00058600FE01068006800F4701301F010045C
:10E1C0003C20A040834205D11068406840F0020026
:10E1D000136858600120107100BF0020507100BF0B
:10E1E00000BFCAE70146002291F82100022808D0AA
:10E1F0000420886300BF002081F8200000BF0120B8
:10E2000070470868006820F00E000B681860086806
:10E21000006820F001000B68186091F84030012080
:10E220009840CB6B5860012081F8210000BF00208E
:10E2300081F8200000BF1046E2E7000070B50446F8
:10E24000002594F82100022803D00420A0630125B2
:10E25000C1E02068006820F00E0021680860206896
:10E26000006820F00100216808605C49206888424D
:10E2700052D95A4978392068884201D1012047E0B3
:10E28000564964392068884201D1102040E0534942
:10E2900050392068884201D1801539E04F493C3916
:10E2A0002068884201D1801432E04C492839206826
:10E2B000884202D14FF480302AE04849143920685E
:10E2C000884202D14FF4801022E0444920688842FD
:10E2D00001D140041CE042492068884201D101205C
:10E2E00016E03F4914312068884201D110200FE028
:10E2F0003B4928312068884201D1801508E038491F
:10E300003C312068884201D1801401E04FF4803014
:10E310003349091F086051E0304978392068884244
:10E3200001D1012047E02D4964392068884201D19C
:10E33000102040E0294950392068884201D18015D9
:10E3400039E026493C392068884201D1801432E006
:10E35000224928392068884202D14FF480302AE0CF
:10E360001E4914392068884202D14FF4801022E0FF
:10E370001A492068884201D140041CE018492068ED
:10E38000884201D1012016E01549143120688842E5
:10E3900001D110200FE0124928312068884201D1B4
:10E3A000801508E00E493C312068884201D1801474
:10E3B00001E04FF48030094980394860012084F839
:10E3C000210000BF002084F8200000BF606B10B166
:10E3D0002046616B8847284670BD000080000240DF
:10E3E000080402400146886B7047000070B504467F
:10E3F000E06B05682068066894F8401004208840A7
:10E400002840002875D006F004000028FAD02068C3
:10E41000006800F0200028B92068006820F004009F
:10E4200021680860D5492068884254D9D349783991
:10E430002068884201D1042049E0D049643920682D
:10E44000884201D1402042E0CC49503920688842BE
:10E4500001D100153BE0C9493C392068884202D10E
:10E460004FF4804033E0C54928392068884202D102
:10E470004FF480202BE0C14914392068884202D132
:10E480004FF4800023E0BD492068884201D1C004D8
:10E490001DE0BB492068884201D1042017E0B8493B
:10E4A00014312068884201D1402010E0B44928315D
:10E4B0002068884201D1001509E0B1493C3120684B
:10E4C000884202D14FF4804001E04FF48020AC49F3
:10E4D000091F086054E0A94978392068884201D1B1
:10E4E00004204AE0A54964392068884202D14020CE
:10E4F00043E04CE0A14950392068884201D1001521
:10E500003BE09E493C392068884202D14FF480406C
:10E5100033E09A4928392068884202D14FF480209C
:10E520002BE0964914392068884202D14FF48000CC
:10E5300023E092492068884201D1C0041DE090493F
:10E540002068884201D1042017E08D4914312068E9
:10E55000884201D1402010E0894928312068884252
:10E5600001D1001509E086493C312068884202D17A
:10E570004FF4804001E04FF48020804980394860AA
:10E58000E06A002802D02046E16A8847F4E094F867
:10E590004010022088402840002871D006F0020078
:10E5A0000028FAD02068006800F0200040B92068F8
:10E5B000006820F00A0021680860012084F821002A
:10E5C0006E492068884254D96C497839206888425D
:10E5D00001D1022049E0694964392068884201D1AB
:10E5E000202042E0654950392068884201D1401519
:10E5F0003BE062493C392068884202D14FF4005028
:10E6000033E05E4928392068884202D14FF4003057
:10E610002BE05A4914392068884202D14FF4001087
:10E6200023E056492068884201D180041DE0544906
:10E630002068884201D1022017E051491431206836
:10E64000884201D1202010E04D49283120688842BD
:10E6500001D1401509E04A493C312068884202D185
:10E660004FF4005001E04FF400304549091F0860A5
:10E6700054E0424978392068884202D102204AE0B9
:10E6800057E03E4964392068884201D1202042E0A9
:10E690003A4950392068884201D140153BE037495A
:10E6A0003C392068884202D14FF4005033E03349AE
:10E6B00028392068884202D14FF400302BE02F49DE
:10E6C00014392068884202D14FF4001023E02B490E
:10E6D0002068884201D180041DE0294920688842D1
:10E6E00001D1022017E0264914312068884201D167
:10E6F000202010E0224928312068884201D14015AD
:10E7000009E01F493C312068884202D14FF4005093
:10E7100001E04FF4003019498039486000BF002003
:10E7200084F8200000BFA06A30B32046A16A884761
:10E7300022E094F84010082088402840E0B106F01C
:10E740000800C8B12068006820F00E002168086049
:10E7500094F8401001208840E16B48600120A063DC
:10E7600084F8210000BF002084F8200000BF206B47
:10E7700010B12046216B884770BD00008000024028
:10E78000080402400146002209B9012070471E4BCF
:10E79000086898420BD21D4B0868C01A1423B0FBBE
:10E7A000F3F08000086419480838C8630AE0164B83
:10E7B0000868C01A1423B0FBF3F080000864124804
:10E7C0000838C863022081F821000868026843F60F
:10E7D000F0708243D1E901031843CB6818430B69F9
:10E7E00018434B6918438B691843CB69184302439C
:10E7F0000868026000208863012081F82100002061
:10E8000081F8200000BFC1E7080402400800024070
:10E810002DE9F04104460D4616461F464FF000080C
:10E8200000BF94F82000012802D10220BDE8F08149
:10E83000012084F8200000BF94F8210001282CD189
:10E84000022084F821000020A0632068006820F0E6
:10E850000100216808603B46324629462046FEF703
:10E8600075FDE06A30B12068006840F00E00216854
:10E8700008600BE02068006820F004002168086050
:10E880002068006840F00A0021680860206800687D
:10E8900040F001002168086006E000BF002084F815
:10E8A000200000BF4FF002084046BFE770B50446A5
:10E8B00000F0E4FA06462546681C10B104480078CA
:10E8C000054400BF00F0DAFA801BA842FAD370BDFD
:10E8D000080000202DE9F04104460E4601270025DE
:10E8E00000BF2648007E012802D10220BDE8F08149
:10E8F00001202249087600BF2068022813D14CF27B
:10E900005030FEF7BDFD90BB0120FEF73FFD4CF2FD
:10E910005030FEF7B5FD07461948006920F00400A5
:10E920001749086123E04CF25030FEF7A9FDF0B919
:10E930004FF0FF303060A56812E02846FEF73AFD40
:10E940004CF25030FEF79CFD07460D48006920F060
:10E9500002000B4908610FB1356007E005F500655D
:10E96000D4E9021001EBC020A842E6D800BF00BFE6
:10E9700000200249087600BF3846B7E700010020B2
:10E98000002002400148C0697047000000010020DB
:10E990000348006940F08000014908610020704789
:10E9A000002002402DE9FE4F05468B46174698464B
:10E9B000012600240020029000BF2448007E012888
:10E9C00002D10220BDE8FE8F01202049087600BF59
:10E9D0004CF25030FEF754FD064686BB012D02D1A5
:10E9E0000120029006E0022D02D10220029001E0F7
:10E9F0000420029000241EE02201B946C246484687
:10EA00005146FCF7B3FC80B20190022000FB04B039
:10EA100000900199FEF7E2FC4CF25030FEF730FD19
:10EA200006460B48006920F001000949086106B15B
:10EA300004E0601CC4B202988442DDDB00BF00BF6A
:10EA400000200249087600BF3046BBE700010020E5
:10EA50000020024000200849096901F0800151B1FD
:10EA60000649054A5160064951601146096901F09D
:10EA7000800101B101207047002002402301674559
:10EA8000AB89EFCDB0F5805F3AD11E49096801F43A
:10EA90008051C1B11C4A126811680A6842F4807240
:10EAA0000A60194A126811680A6822F040020A6076
:10EAB0001549897C19B10221134A82F820100021DE
:10EAC000114A91741CE0104A126811680A6822F415
:10EAD00080720A600C4A126811680A6842F04002AB
:10EAE0000A600121084A9174114689680978126800
:10EAF0001268D1600021054A11800121044A118069
:10EB000070470000080C014048160020D800002083
:10EB1000D600002010B5044604480068204020B10B
:10EB2000024804602046FFF7ADFF10BD1404014009
:10EB30002DE9F847024600239C467BE14FF001088F
:10EB400008FA03F4D1F8008008EA0400A0427DD15D
:10EB5000DFF8F4A2D1F80480A8EB0A09D0453AD036
:10EB600014DCB8F1030F50D009DCB8F1000F31D03C
:10EB7000B8F1010F1CD0B8F1020F49D120E0B8F173
:10EB8000110F18D0B8F1120F42D11EE0B9F5881F4D
:10EB900025D006DCB9F5803F20D0B9F5801F37D1EC
:10EBA0001AE0B9F5001F18D0B9F5041F30D117E0ED
:10EBB000D1F80CC02DE0D1F80C8008F1040C28E04D
:10EBC000D1F80C8008F1080C23E0D1F80C8008F192
:10EBD0000C0C1EE000BF00BF00BF00BF00BF00BFA5
:10EBE000D1F80880B8F1000F02D14FF0040C0BE00F
:10EBF000D1F80880B8F1010F03D14FF0080C14616F
:10EC000002E04FF0080C546103E04FF0000C00E00C
:10EC100000BF00BFFF2801D8904601E002F10408C0
:10EC20004646FF2802D84FEA830803E0A3F108080C
:10EC30004FEA88084746D6F800804FF00F0909FAD6
:10EC400007F928EA09080CFA07F900E07AE048EA2F
:10EC50000908C6F80080D1F8048008F08058B8F19F
:10EC6000805F6FD100BFDFF8E481D8F8188048F0EA
:10EC70000108DFF8D891C9F81880C846D8F818807C
:10EC800008F00108CDF8008000BF00BF4FEAB93896
:10EC90004FEA930958F829504FEA83784FEA1879D8
:10ECA0004FF00F0808FA09F825EA0805DFF8A081F7
:10ECB000424502D14FF0000824E0DFF89881424538
:10ECC00002D14FF001081DE0DFF88C81424502D1EE
:10ECD0004FF0020816E0DFF88481424502D14FF080
:10ECE00003080FE0DFF87881424502D14FF00408B5
:10ECF00008E0DFF87081424502D14FF0050801E0DD
:10ED00004FF006084FEA83794FEA197908FA09F8B3
:10ED100048EA0505DFF850814FEA930948F8295081
:10ED2000D1F8048008F48038B8F5803F0BD1DFF8C3
:10ED30003C81D8F8008048EA0008DFF83091C9F833
:10ED400000800AE075E0DFF82481D8F8008028EA26
:10ED50000008DFF81891C9F80080D1F8048008F4A1
:10ED60000038B8F5003F0ED1DFF8008108F1040843
:10ED7000D8F8008048EA0008DFF8F09009F10409AB
:10ED8000C9F800800DE0DFF8E48008F10408D8F845
:10ED9000008028EA0008DFF8D49009F10409C9F8D6
:10EDA0000080D1F8048008F48018B8F5801F0ED1D7
:10EDB000DFF8B88008F10808D8F8008048EA0008B1
:10EDC000DFF8A89009F10809C9F800800DE0DFF824
:10EDD0009C8008F10808D8F8008028EA0008DFF8CD
:10EDE0008C9009F10809C9F80080D1F8048008F472
:10EDF0000018B8F5001F0ED1DFF8708008F10C087C
:10EE0000D8F8008048EA0008DFF8609009F10C09A2
:10EE1000C9F800800DE0DFF8548008F10C08D8F83C
:10EE2000008028EA0008DFF8449009F10C09C9F8CD
:10EE300000805B1CD1F8008028FA03F8B8F1000FBD
:10EE40007FF47CAEBDE8F88700001110001002408E
:10EE500000080140000C0140001001400014014076
:10EE600000180140001C014008000140000401405E
:10EE70000AB1016101E00B040361704701480068B9
:10EE8000704700000000002070B504460CB9012056
:10EE900070BD4CF6CC402168086045F255502168A1
:10EEA0000860D4E9001048602168A0688860FFF716
:10EEB000E5FF05460BE0FFF7E1FF401B272806D9D9
:10EEC0002068C06800F0030008B10320E0E7206874
:10EED000C06800F003000028EDD14AF6AA2021689E
:10EEE00008600020D4E701464AF6AA200A681060AC
:10EEF0000020704703480068034909780844014925
:10EF000008607047000000200800002010B5084885
:10EF1000006840F0100006490860032000F0A8F8DF
:10EF20000F2000F007F800F02BF8002010BD0000C3
:10EF30000020024070B504460E4800784FF47A7104
:10EF4000B1FBF0F00C490968B1FBF0F5284600F080
:10EF50003DFF08B1012070BD102C07D200222146D0
:10EF6000501E00F047F80548046001E00120F2E778
:10EF70000020F0E708000020F80000200400002036
:10EF800008B500BF1148806940F001000F49886151
:10EF90000846806900F00100009000BF00BF00BF7C
:10EFA0000846C06940F08050C8610846C06900F05A
:10EFB0008050009000BF00BF00BF0549486820F0A6
:10EFC000E06040F00070486000BF08BD00100240E3
:10EFD0000000014001460846002809DB00F01F033D
:10EFE00001229A4043099B0003F1E023C3F800216A
:10EFF00000BF70472DE9F05F80460D46164600279A
:10F0000002F07CFF074639462A46334601F00700E6
:10F01000C0F1070ABAF1040F02D94FF0040A01E067
:10F02000C0F1070AD14600F1040ABAF1070F02D273
:10F030004FF0000A01E0A0F1030AD4464FF0010AA4
:10F040000AFA09FAAAF1010A0AEA020A0AFA0CFA09
:10F050004FF0010B0BFA0CFBABF1010B0BEA030BAE
:10F060004AEA0B042146404602F050FFBDE8F09FFB
:10F0700000BF00F00702064B19684FF6FF03194066
:10F08000044B0B4343EA0221014B196000BF704758
:10F090000CED00E00000FA052DE9F04385B00646CE
:10F0A00042A30FCB01AC0FC444A0006800904FF006
:10F0B0000008002500270024A146042E36D004DCD9
:10F0C000012E3BD0022E6BD15FE0082E32D0102EE5
:10F0D00066D13B484468006800F0807000B301A826
:10F0E000C4F38341475C04F4803070B13448406815
:10F0F000C0F340401DF8008004F4803040B1314836
:10F10000B0FBF8F000FB07F502E02F4807FB00F525
:10F110002B48406800F48000B0F5800F01D1A9466B
:10F1200003E068000321B0FBF1F93AE000F0D2F906
:10F13000814636E000F0CEF9814632E02048046A8C
:10F1400004F44070B0F5807F05D104F0020010B1E6
:10F150004FF4004918E004F44070B0F5007F07D187
:10F160001748406A00F0020010B149F640490BE030
:10F1700004F44070B0F5407F06D11148006800F4F7
:10F18000003008B14FF224490BE000F093F90C492C
:10F190004968C1F38131491C4900B0FBF1F900E035
:10F1A00000BF00BF484605B0BDE8F0830203040578
:10F1B000060708090A0B0C0D0E0F101001020000C3
:10F1C0000010024000127A0000093D00F8B5044624
:10F1D00000260025207800F0010000286BD00027D1
:10F1E0004348C06900F0805070B900BF4048C06912
:10F1F00040F080503E49C8610846C06900F0805028
:10F20000009000BF00BF01273A48006800F48070FA
:10F21000B0B93848006840F4807036490860FFF79C
:10F220002DFE064606E0FFF729FE801B642801D963
:10F230000320F8BD2F48006800F480700028F2D049
:10F240002B48006A00F440752DB3A08800F440708C
:10F25000A84220D02648006A20F4407501202649A3
:10F260000860002008602248056205F0010090B1A6
:10F27000FFF704FE064608E0FFF700FE801B41F2A0
:10F280008831884201D90320D3E71948006A00F089
:10F2900002000028F0D01648006A20F4407061682F
:10F2A000084313490862012F04D10846C06920F0C1
:10F2B0008050C86100BF207800F00200022807D10A
:10F2C0000B48406820F44040A16808430849486062
:10F2D000207800F01000102807D10548406820F47D
:10F2E000800061690843024948600020A1E70000EE
:10F2F00000100240007000404004424270B50446D5
:10F300000D460CB9012070BD5A48006800F0070096
:10F31000A8420ED25748006820F0070028435549FC
:10F3200008600846006800F00700A84201D00120EC
:10F33000E9E7207800F0020002281DD1207800F0D3
:10F340000400042805D14C48406840F4E0604A4974
:10F350004860207800F00800082805D14648406839
:10F3600040F46050444948604348406820F0F00051
:10F37000A168084340494860207800F0010078B354
:10F380006068012806D13C48006800F4003090B95C
:10F390000120B8E76068022806D13748006800F00D
:10F3A000007040B90120AEE73348006800F0020069
:10F3B00008B90120A7E73048406820F003006168E1
:10F3C00008432D494860FFF759FD064609E0FFF75D
:10F3D00055FD801B41F28831884202D9032092E713
:10F3E00007E02548406800F00C006168B0EB810F31
:10F3F000EDD12048006800F00700A8420ED91D4852
:10F40000006820F0070028431A4908600846006891
:10F4100000F00700A84201D0012074E7207800F036
:10F420000400042807D11448406820F4E060E16833
:10F43000084311494860207800F00800082808D1E6
:10F440000D48406820F46050216940EAC1000A4933
:10F45000486000F03FF808494968C1F30311074AC2
:10F46000515CC8400649086006480068FFF762FD25
:10F47000002048E7002002400010024044910108AB
:10F48000F8000020040000200148006870470000D8
:10F49000F800002000B5FFF7F7FF04494968C1F301
:10F4A0000221034A515CC84000BD00000010024028
:10F4B0005491010800B5FFF7E7FF04494968C1F31B
:10F4C000C221034A515CC84000BD00000010024048
:10F4D00054910108F0B585B00FF26C0C9CE8E01077
:10F4E00001A8A0E8E0101CA52D68009500210022CD
:10F4F000002300240020194D696801F00C05F5B1C6
:10F50000042D02D0082D19D101E0154819E001ADF4
:10F51000C1F38346AC5D01F4803555B10F4D6D6884
:10F52000C5F340451DF805200D4D6543B5FBF2F3CD
:10F5300002E00C4D04FB05F3184602E000BF08484A
:10F5400000BF00BF05B0F0BD0203040506070809AF
:10F550000A0B0C0D0E0F10100102000000100240EB
:10F5600000127A0000093D00F8B504460CB90120EC
:10F57000F8BD207800F00100002878D0F8484068F5
:10F5800000F00C0004280CD0F548406800F00C0096
:10F59000082811D1F248406800F48030B0F5803F6F
:10F5A0000AD1EF48006800F4003000285FD060689E
:10F5B00000285CD10120DBE700BF6068B0F5803F28
:10F5C00006D1E748006840F48030E549086028E04B
:10F5D000606858B9E248006820F48030E04908606B
:10F5E0000846006820F4802008601AE06068B0F5E2
:10F5F000A02F0BD1DA48006840F48020D849086079
:10F600000846006840F4803008600AE0D44800688A
:10F6100020F48030D24908600846006820F4802039
:10F62000086000BF606888B1FFF728FC054606E067
:10F63000FFF724FC401B642801D9032098E7C84841
:10F64000006800F400300028F2D010E0FFF716FC4C
:10F65000054606E0FFF712FC401B642801D9032091
:10F6600086E7BF48006800F400300028F2D1207817
:10F6700000F00200022857D1B948406800F00C00A1
:10F6800050B1B748406800F00C00082818D1B448C1
:10F69000406800F4803098B9B148006800F002007A
:10F6A00020B12069012801D0012061E7AC48006841
:10F6B00020F0F800616940EAC100A949086033E020
:10F6C0002069E8B10120A7490860FFF7D7FB05468C
:10F6D00006E0FFF7D3FB401B022801D9032047E7D0
:10F6E0009F48006800F002000028F2D09C480068A3
:10F6F00020F0F800616940EAC1009949086013E010
:10F70000002098490860FFF7B9FB054606E0FFF7BF
:10F71000B5FB401B022801D9032029E79048006867
:10F7200000F002000028F2D1207800F0080008283C
:10F730002DD1A069B8B101208B490860FFF79EFB6D
:10F74000054606E0FFF79AFB401B022801D903207B
:10F750000EE78348406A00F002000028F2D0012042
:10F7600001F06EFD13E000207F490860FFF786FB83
:10F77000054606E0FFF782FB401B022801D9032063
:10F78000F6E67748406A00F002000028F2D12078BF
:10F7900000F00400042873D100277148C06900F00C
:10F7A000805070B900BF6E48C06940F080506C490D
:10F7B000C8610846C06900F08050009000BF00BFDB
:10F7C00001276A48006800F48070B0B96748006893
:10F7D00040F4807065490860FFF750FB054606E07D
:10F7E000FFF74CFB401B642801D90320C0E65F48AB
:10F7F000006800F480700028F2D000BFE0680128A3
:10F8000006D15748006A40F001005549086227E0D8
:10F81000E06858B95248006A20F001005049086277
:10F820000846006A20F00400086219E0E068052834
:10F830000BD14B48006A40F0040049490862084671
:10F84000006A40F0010008620AE04548006A20F0C2
:10F850000100434908620846006A20F0040008627B
:10F8600000BFE068A0B1FFF709FB054609E0FFF71C
:10F8700005FB401B41F28831884202D9032077E61C
:10F8800022E03748006A00F002000028EFD012E0C2
:10F89000FFF7F4FA054608E0FFF7F0FA401B41F2E3
:10F8A0008831884201D9032062E62D48006A00F0C1
:10F8B00002000028F0D1012F05D12948C06920F0AD
:10F8C00080502749C86100BFE069C8B32448406838
:10F8D00000F00C00082860D0E069022848D1002020
:10F8E00020490866FFF7CAFA054606E0FFF7C6FAA0
:10F8F000401B022801D903203AE61948006800F0AD
:10F9000000700028F2D1206AB0F5803F07D114487A
:10F91000406820F40030A168084311494860D4E9E8
:10F92000080108430E49496821F4741108430C4941
:10F93000486001200B490866FFF7A0FA054607E07A
:10F940003DE0FFF79BFA401B022801D903200FE698
:10F950000348006800F000700028F2D02FE000009B
:10F960000010024000004242800442420070004009
:10F97000002014490866FFF781FA054606E0FFF704
:10F980007DFA401B022801D90320F1E50E480068EA
:10F9900000F000700028F2D111E0E069012800D1E8
:10F9A000E6E50948466806F48031206A814204D1C0
:10F9B00006F47011606A814201D00120D8E5002070
:10F9C000D6E5000000004242001002400021024A39
:10F9D00082F820107047000048160020F8B5044651
:10F9E0002068466820688568C5F3801048B905F02E
:10F9F000010030B1C6F3801018B12046216C884751
:10FA0000F8BDC5F3400030B1C6F3C01018B12046B0
:10FA1000616C8847F4E7C5F3401018B9C5F380104E
:10FA2000002871D0C6F3401000286DD0C5F38010B7
:10FA3000F0B194F8510003280ED0606D40F004003E
:10FA4000606500BF002000902068C06800902068BA
:10FA50008068009000BF0BE000BF0020009020688D
:10FA6000C068009020688068009000BF00BFC7E7B2
:10FA7000C5F3401088B1606D40F00100606500BFC3
:10FA8000002000902068806800902068006820F0C6
:10FA900040002168086000BF00BF606D70B320683F
:10FAA000406820F0E00021684860012084F851009F
:10FAB00006F0020010B906F0010000B320684068AB
:10FAC00020F0030021684860E06C50B10F48E16C01
:10FAD0004863E06CFEF7B2FB18B1606D40F0400087
:10FAE0006065A06C50B10948A16C4863A06CFEF73A
:10FAF000A5FB18B1606D40F04000606502E0204653
:10FB0000FFF764FF7CE7FFE700BF79E7C91401084E
:10FB100010B504460CB9012010BD606A38B96068A0
:10FB2000B0F5827F00D105E00021E16102E0002113
:10FB3000216161610021A16294F8510028B900207F
:10FB400084F85000204600F043F8022084F8510069
:10FB50002068006820F0400021680860A08800F458
:10FB60008270218901F404410843A18901F40061F4
:10FB70000843217C01F002010843217D01F00101CD
:10FB80000843218B01F400710843217F01F0380103
:10FB900008432021095D01F080010843218D01F413
:10FBA00000510843216808600421A06901EA10405F
:10FBB000216848602068C06920F400602168C8613D
:10FBC00000206065012084F851000020A4E70000B7
:10FBD00010B586B004460020029003900490059072
:10FBE0003C492068884272D100BF3B48C06940F45C
:10FBF00080403949C8610846C06900F480400190DE
:10FC000000BF00BF00BF0846806940F0080088615F
:10FC10000846806900F00800019000BF00BF2F482F
:10FC20000078012823D14FF4204002900220039055
:10FC3000012004900320059002A92948FEF778FFCF
:10FC40004FF480500290012003900220059002A9F9
:10FC50002348FEF76DFF4FF480400290122003907E
:10FC60000020049002A91E48FEF762FF27E04FF42F
:10FC70003040029000200390049002A91848FEF73B
:10FC800057FF4FF4805002901648039000200490D4
:10FC900002A91348FEF74CFF4FF480400290022067
:10FCA00003900320059002A90D48FEF741FF0022B2
:10FCB00011462820FFF79EF92820FFF78BF9002234
:10FCC00011462420FFF796F92420FFF783F906B0A8
:10FCD00010BD00000038004000100240A4280020A1
:10FCE000000C0140000031100121024A82F820106E
:10FCF0007047000048160020F0B50446002700BFFA
:10FD000094F85000012801D10220F0BD012084F8B0
:10FD1000500000BF94F851506668012D08D0B6F528
:10FD2000827F03D1A06808B9042D01D0022735E0F5
:10FD300009B102B10BB9012730E094F85100042851
:10FD400002D0052084F85100002060652163A3865D
:10FD5000E386A263A387E387E06820B113482064A9
:10FD60001348606403E0134820641348606420680B
:10FD7000406840F0E000D4F800C0CCF804002068EF
:10FD8000006800F04000402807D02068006840F07C
:10FD90004000D4F800C0CCF8000000BF00BF002035
:10FDA00084F8500000BF3846AFE700003D1301085B
:10FDB000A513010871130108D91301080221024A91
:10FDC00082F82010704700004816002070B50446E5
:10FDD0002546681EB0F1807F01D301200FE0681E28
:10FDE0004FF0E02148610F214FF0FF3002F08EF814
:10FDF00000204FF0E021886107200861002070BDDD
:10FE00007047704710B50346002200BF93F83C00CE
:10FE1000012801D1022010BD012083F83C0000BF61
:10FE200022F0FF00CC6840EA040222F440708C68A3
:10FE300040EA040222F480604C6840EA040222F4A2
:10FE400000600C6840EA040222F480500C6940EA29
:10FE5000040222F400504C6940EA040222F480407B
:10FE6000CC6940EA04021868426400BF002083F8AD
:10FE70003C0000BF00BFCEE730B502460B4600BFD6
:10FE800092F83C00012801D1022030BD012082F807
:10FE90003C0000BF022082F83D00106844681068F2
:10FEA000816824F070041868044310684460144D9D
:10FEB0001068A84213D0134D1068A8420FD01068E4
:10FEC000B0F1804F0BD0104D1068A84207D00F4DF5
:10FED0001068A84203D00E4D1068A84205D121F049
:10FEE00080015868014310688160012082F83D005C
:10FEF00000BF002082F83C0000BF00BFC5E7000043
:10FF0000002C014000340140000400400008004083
:10FF1000000C004010B504460CB9012010BD94F847
:10FF20003D0028B9002084F83C00204600F026F867
:10FF3000022084F83D00211D206801F0C1FB012052
:10FF400084F8460000BF84F83E0001213F2001559F
:10FF5000402001554120015500BF00BF012084F819
:10FF6000420043200155442001554520015500BF62
:10FF7000012084F83D000020D0E7000010B586B0D5
:10FF80000446002002900390049005902B492068BD
:10FF900088420DD100BF2A48806940F4006028499A
:10FFA00088610846806900F40060019000BF42E06B
:10FFB00024492068884224D100BF2148C06940F00C
:10FFC00002001F49C8610846C06900F002000190A4
:10FFD00000BF00BF00BF0846806940F02000886174
:10FFE0000846806900F02000019000BF00BF042097
:10FFF000029000200390049002A91348FEF798FD98
:020000040801F1
:1000000019E012492068884215D100BF0C48806968
:1000100040F400500A4988610846806900F40050A5
:10002000019000BF00BF002211462C20FEF7E2FF26
:100030002C20FEF7CFFF06B010BD0000002C0140C1
:100040000010024000040040001401400034014050
:10005000014691F83D00012801D00120704702209F
:1000600081F83D000868C06840F001000B68D86066
:10007000164B0868984213D0154B086898420FD069
:100080000868B0F1804F0BD0124B0868984207D037
:10009000114B0868984203D0104B086898420CD165
:1000A0000868806800F00702062A0CD0086800681B
:1000B00040F001000B68186005E00868006840F037
:1000C00001000B6818600020C8E70000002C014008
:1000D000003401400004004000080040000C0040D3
:1000E0002DE9F04104460D4600BF94F83C0001287C
:1000F00002D10220BDE8F081012084F83C0000BF5D
:10010000022084F83D002068866826F0770626F4F1
:100110007F46206886602868502833D00CDC202871
:1001200050D004DC00284BD0102851D149E03028B1
:1001300049D040284CD139E060282DD0702807D014
:10014000B0F5805F03D0B0F5005F41D10DE040E035
:10015000D5E902136A68206801F000FB2068866810
:1001600046F077062068866033E0D5E902136A68B6
:10017000206801F0F3FA2068806840F4804021682C
:10018000886026E0EA686968206801F0D7FB5021A2
:10019000206801F0EEFA1CE0EA686968206801F066
:1001A000E0FB6021206801F0E4FA12E0EA68696887
:1001B000206801F0C3FB4021206801F0DAFA08E072
:1001C00000BF00BF00BF2968206801F0D2FA00E03C
:1001D00000BF00BF012084F83D0000BF002084F86C
:1001E0003C0000BF00BF85E7704710B5044620689B
:1001F0000069C0F34000D8B12068C068C0F3400077
:10020000B0B16FF0020021680861012020772068FA
:10021000806900F0030018B12046FFF7E5FF05E014
:10022000204600F0D9F8204600F089F90020207718
:1002300020680069C0F38000D8B12068C068C0F3AE
:100240008000B0B16FF004002168086102202077BF
:100250002068806900F4407018B12046FFF7C4FFA1
:1002600005E0204600F0B8F8204600F068F90020CC
:10027000207720680069C0F3C000D8B12068C0684A
:10028000C0F3C000B0B16FF008002168086104201D
:1002900020772068C06900F0030018B12046FFF7FE
:1002A000A3FF05E0204600F097F8204600F047F94C
:1002B0000020207720680069C0F30010D8B12068C2
:1002C000C068C0F30010B0B16FF010002168086181
:1002D000082020772068C06900F4407018B12046DB
:1002E000FFF782FF05E0204600F076F8204600F098
:1002F00026F9002020772068006900F0010058B13D
:100300002068C06800F0010030B16FF00100216882
:100310000861204600F014F920680069C0F3C0109D
:1003200058B12068C068C0F3C01030B16FF08000D1
:10033000216808612046FFF763FD20680069C0F36B
:10034000801058B12068C068C0F3801030B16FF0E1
:10035000400021680861204600F0F3F82068006939
:10036000C0F3401058B12068C068C0F3401030B1ED
:100370006FF02000216808612046FFF742FD10BDA4
:1003800010B586B0044600200290039004900590BA
:100390000E492068884216D100BF0D48806940F0A0
:1003A00004000B4988610846806900F00400019050
:1003B00000BF00BF8815029002200390059002A99B
:1003C0000448FEF7B5FB06B010BD0000002C01404C
:1003D0000010024000080140704770B504460D4609
:1003E000164600BF94F83C00012801D1022070BDE0
:1003F000012084F83C0000BF36B1042E1BD0082E2B
:1004000031D00C2E5ED145E02946206801F0BAF9C2
:100410002068806940F00800216888612068806950
:1004200020F00400216888612068806929690843F8
:100430002168886147E02946206801F0DBF92068DF
:10044000806940F40060216888612068806920F438
:1004500080602168886120688069296940EA0120FC
:10046000216888612FE02946206801F001FA2068A0
:10047000C06940F008002168C8612068C06920F0A8
:1004800004002168C8612068C0692969084321689F
:10049000C86118E02946206801F026FA2068C06982
:1004A00040F400602168C8612068C06920F4806061
:1004B0002168C8612068C069296940EA0120216873
:1004C000C86100E000BF00BF00BF002084F83C000E
:1004D00000BF00BF8BE710B504460CB9012010BD6A
:1004E00094F83D0028B9002084F83C00204600F034
:1004F00025F8022084F83D00211D206801F0E0F875
:10050000012084F8460000BF84F83E0001213F200E
:100510000155402001554120015500BF00BF012079
:1005200084F84200432001554420015545200155DF
:1005300000BF012084F83D000020D0E770477047DD
:1005400070477047F8B504460E46174694F83E00CB
:1005500020282ED106B10FB90120F8BD00BF94F8B4
:100560003C00012801D10220F7E7012084F83C007B
:1005700000BF20633A463146204601F0C3FB0546E2
:10058000ADB9206B012811D100BF00200090206878
:100590000068009020684068009000BF00BF20689D
:1005A000C06840F010002168C86000E001252846BE
:1005B000D3E70220D1E70000034A904202D1012292
:1005C000024B1A7070470000D82700206C000020F2
:1005D00010B504462068C06820F490702168C86097
:1005E0002068406920F0010021684861206B0128E3
:1005F00005D12068C06820F010002168C86020681C
:10060000406900F04000B8B12068406920F0400027
:1006100021684861A06B78B10020A16B4863A06B92
:10062000FDF7E0FD40B1A06BFDF7DCFE202803D113
:1006300010202064032010BD0020E085202084F8D5
:100640003E000020206300BFF5E700000349884218
:1006500002D10121024A117070470000D827002002
:100660006C0000202DE9F84F0446206805682068DA
:10067000C668206847694FF00009CA4605F00F09AF
:10068000B9F1000F0AD105F0200038B106F02000C2
:1006900020B1204601F046FABDE8F88FB9F1000F0D
:1006A00071D007F0010018B906F4907000286AD0E4
:1006B00005F0010030B106F4807018B1206C40F0F4
:1006C0000100206405F0040030B107F0010018B10A
:1006D000206C40F00200206405F0020030B107F009
:1006E000010018B1206C40F00400206405F00800FF
:1006F00048B106F0200010B907F0010018B1206CD5
:1007000040F008002064206C68B305F0200028B198
:1007100006F0200010B1204601F004FA206840697C
:10072000C0F3801A206C00F0080010B9BAF1000F75
:1007300022D0204601F0C1F92068406900F0400055
:10074000B0B12068406920F0400021684861A06B8A
:1007500050B15648A16B4863A06BFDF76FFD10B117
:10076000A06B416B88470CE02046FFF76FFF08E065
:100770002046FFF76BFF04E02046FFF767FF0020ED
:10078000206489E7FFE7206B012878D105F010008D
:10079000002874D006F01000002870D000BF0020A0
:1007A000009020680068009020684068009000BFBA
:1007B00000BF2068406900F04000C0B3A06B006833
:1007C00040681FFA80F8B8F1000F2FD0A08D404587
:1007D0002CDDA4F82E80A06B806920281FD0206813
:1007E000C06820F480702168C8602068406920F0EB
:1007F0000100216848612068406920F040002168BC
:100800004861202084F83E00002020632068C068F2
:1008100020F010002168C860A06BFDF7E3FCA08DFC
:10082000E28D801A81B22046FFF7C6FE34E7FFE76B
:10083000A08DE18D401A1FFA80F8E08DE8B1B8F183
:10084000000F1AD02068C06820F490702168C8603A
:100850002068406920F0010021684861202084F868
:100860003E00002020632068C06820F0100021684E
:10087000C86041462046FFF79FFE0DE7FFE705F001
:10088000800030B106F0800018B1204601F0A9FACE
:1008900002E705F0400030B106F0400018B12046F4
:1008A00001F026F9F8E600BFF6E600008B19010812
:1008B00010B504460CB9012010BDA06900B100E0DC
:1008C00000BF94F83D0028B9002084F83C00204681
:1008D00000F028F8242084F83D002068C06820F447
:1008E00000502168C860204601F08EF92068006938
:1008F00020F49040216808612068406920F02A00B7
:10090000216848612068C06840F400502168C860D0
:1009100000202064202084F83D0084F83E00002060
:10092000CAE7000010B586B004460020029003908C
:10093000049005905749206888426FD100BF5648FF
:10094000806940F48040544988610846806900F419
:100950008040019000BF00BF00BF0846806940F0A2
:10096000040088610846806900F00400019000BF1F
:1009700000BF48150290022003900320059002A9B1
:100980004648FEF7D5F84FF48060029000200390AF
:10099000049002A94148FEF7CBF84148414908605C
:1009A0000020486000213F4881608021C160002113
:1009B0000161416181614FF40051C161FDF7E2FEC7
:1009C00008B1FCF7E0FC00BF3648A063446200BFFA
:1009D00033481438344908601020486000213248F8
:1009E00081608021C16000210161416181614FF41A
:1009F0000051C161FDF7C6FE08B1FCF7C4FC00BFA1
:100A000029486063446200BF002211462520FEF79A
:100A1000F1FA2520FEF7DEFA3AE0FFE723492068E5
:100A2000884235D100BF1C48C06940F400301A49E3
:100A3000C8610846C06900F40030019000BF00BFE3
:100A400000BF0846806940F004008861084680695C
:100A500000F00400019000BF00BF042002900220BB
:100A600003900320059002A90C48FEF761F80820C6
:100A7000029000200390049002A90848FEF758F85D
:100A8000002211462620FEF7B5FA2620FEF7A2FA2C
:100A900006B010BD003801400010024000080140BF
:100AA00058000240602800201C280020004400401C
:100AB00070B504460D46164694F83E00202816D11F
:100AC00005B10EB9012070BD00BF94F83C000128AB
:100AD00001D10220F7E7012084F83C0000BF00208C
:100AE000206332462946204601F058F9EBE7022000
:100AF000E9E7000010B504460648844203D101200E
:100B00000549087005E00548844202D1044801F017
:100B1000E4FE10BDD82700206C00002094270020A0
:100B20008427002070472DE9F84F04460E461746EB
:100B300099464FF0000A94F83D0020285AD106B19A
:100B400017B90120BDE8F88F00BF94F83C000128D8
:100B500001D10220F6E7012084F83C0000BF00200C
:100B60002064212084F83D00FEF788F98246A7849E
:100B7000E784A068B0F5805F04D1206910B9002532
:100B8000B04602E035464FF0000800BF002084F870
:100B90003C0000BF1BE05346002280212046CDF8D8
:100BA000009001F04EF908B10320CBE745B9B8F841
:100BB0000000C0F308002168486008F1020803E063
:100BC0002878216848606D1CE08C401EE084E08C31
:100BD0000028E0D15346002240212046CDF8009065
:100BE00001F02FF908B10320ACE7202084F83D0084
:100BF0000020A7E70220A5E7F7B50446154694F8BC
:100C00003D0020283DD1019800B10DB90120FEBD65
:100C100000BF94F83C00012801D10220F7E7012031
:100C200084F83C0000BF01982062A584E584002080
:100C30002064212084F83D001348616B88621348CA
:100C4000616BC8621248616B08630020616B486386
:100C500001AE23681A1D31682B46606BFDF7D8FD85
:100C60006FF040002168086000BF002084F83C005D
:100C700000BF2068406940F0800021684861002082
:100C8000C5E70220C3E70000771A0108AD1A010882
:100C90009F19010810B504460248844201D103F0AF
:100CA000B7FB10BDD8270020704700BFFEE700004B
:100CB00010B50948094908600520486040F6FF71F1
:100CC00006488160FEF7E0F808B100BFFEE70020AB
:100CD0000349087010BD0000003000405031002072
:100CE000F400002010B50348FEF7FDF8002002498B
:100CF000087010BD50310020F40000200EB5002017
:100D000000900190029028482849086081152748E2
:100D100081600021017301754FF44021C161002001
:100D200022494860042121480161FCF7D7FD08B140
:100D3000FCF729FB00BF1E49486840F0E06040F422
:100D40008020486000BF0620009001200190002014
:100D5000029069461548FCF757FC08B1FCF713FBF5
:100D600007200090022001900620029069460F485B
:100D7000FCF74AFC08B1FCF706FB0E2000900320AC
:100D8000019069460948FCF73FFC08B1FCF7FBFA03
:100D90000F2000900420019069460448FCF734FCC1
:100DA00008B1FCF7F0FA0EBD002401400814002041
:100DB000000001400EB500200090019002902248F2
:100DC0002249086081152148816000210173017565
:100DD0004FF46021C16100201C49486002211B487A
:100DE0000161FCF77BFD08B1FCF7CDFA0120009012
:100DF00001900620029069461448FCF705FC08B1F2
:100E0000FCF7C1FA0B2000900220019069460F48C0
:100E1000FCF7FAFB08B1FCF7B6FA0C2000900320AF
:100E2000019069460948FCF7EFFB08B1FCF7ABFA03
:100E30000D2000900420019069460448FCF7E4FB73
:100E400008B1FCF7A0FA0EBD003C014038140020A8
:100E50001CB50020009001900E480F49086008461C
:100E6000FDF71BF908B1FCF78EFA00200090019005
:100E7000002269460848FDF7DFF808B1FCF783FA5D
:100E8000102269460448FDF7D7F808B1FCF77BFA51
:100E90001CBD000000740040F014002000B585B0B7
:100EA0000020019002900390049000BF36488069B2
:100EB00040F01000344988610846806900F0100055
:100EC000009000BF00BF00BF0846806940F02000CE
:100ED00088610846806900F02000009000BF00BFD4
:100EE00000BF0846806940F00400886108468069B8
:100EF00000F00400009000BF00BF00BF08468069FA
:100F000040F0080088610846806900F00800009001
:100F100000BF00BF00224FF47C411C48FDF7A8FF32
:100F200000224FF470711A48FDF7A2FF4FF47C4085
:100F3000019001200290002003900220049001A95A
:100F40001248FDF7F5FD022001900320029001A94F
:100F50001048FDF7EDFD0420019000200290039061
:100F600001A90B48FDF7E4FD4FF4707001900120DA
:100F70000290002003900220049001A90448FDF78C
:100F8000D7FD05B000BD0000001002400010014078
:100F9000000C01400008014010B5174817490860CF
:100FA000002116488160C160016101214161002179
:100FB000016241623821C161002181620A21C1625E
:100FC0000F480078012808D14FF482700B4948601F
:100FD0004FF400710948816106E04FF40071074841
:100FE00081610020054948600448FEF791FD08B181
:100FF000FCF7C9F910BD0000003800406C16002055
:10100000A428002000B595B00020119012901390F4
:1010100014900F9010901C2108A8FAF7CFFB202104
:101020006846FAF7CBFB2B482B4908600020486044
:101030000021294881604721C1600021016141618F
:1010400080218161FEF766FF08B1FCF79CF94FF43F
:101050008050119011A92048FFF742F808B1FCF721
:1010600092F91D48FFF737FA08B1FCF78CF9002018
:101070000F9010900FA91848FEF7FEFE08B1FCF77C
:1010800082F9602008900420099000200A900B90BB
:101090000C900D900E90002208A90F48FFF79DF9C3
:1010A00008B1FCF770F900200090019002900390C5
:1010B00004904FF4005005900020079069460648C0
:1010C000FEF7A0FE08B1FCF75EF90348FFF758F9F8
:1010D00015B000BD002C01400415002000B587B0FC
:1010E000002003900490059006900190029017480C
:1010F00017490860002048600021154881604FF6BC
:10110000FF71C160002101618161FEF703FF08B139
:10111000FCF739F94FF40050039080000490002050
:101120000590069003A90A48FEF7DAFF08B1FCF71C
:101130002AF900200190029001A90548FEF79CFEC3
:1011400008B1FCF720F907B000BD00000004004022
:101150004C15002000B587B0002003900490059046
:101160000690019002901548154908604720486094
:10117000002113488160FA21C160002101614161B1
:1011800080218161FEF7C6FE08B1FCF7FCF84FF440
:101190008050039003A90A48FEF7A2FF08B1FCF7AC
:1011A000F2F8202001900020029001A90448FEF7E7
:1011B00063FE08B1FCF7E7F807B000BD003401405A
:1011C0009415002010B50A480A4908600A4848608A
:1011D000002108488160C16001610C21416100214A
:1011E0008161C161FFF764FB08B1FCF7CCF810BD69
:1011F00000380140D827002080841E0010B50B481D
:101200000B4908604FF4165048600021084881607F
:10121000C16001610C21416100218161C161FFF761
:1012200047FB08B1FCF7AFF810BD000000440040D8
:101230009427002000BFFEE700BFFEE770470000D4
:1012400008B508490968C9084FF47A72B1FBF2F190
:101250004143009100BF00BF00994A1E009200293F
:10126000F9D108BDF80000207047000010B52F48E4
:101270000068406800283DD12C48006800688068FC
:1012800000F00100002850D02948008840F20A41AF
:1012900088424AD2254800680068C06823494968E6
:1012A000234A128888542148806822490988405C72
:1012B0001E4909680968C8601D48008802280ED1C7
:1012C0001A494868012104F0D7FD1849C881C88926
:1012D00006F0B0F818B91548008A1449C8811448B6
:1012E0000088401C1249088012480088401C11499F
:1012F00008801AE00D490868FEF770FB0B4800688B
:101300000068806800F0800078B9012211030A4863
:10131000FDF7AEFD054909680868016821F0400144
:1013200001600220014981F8200010BD481600200C
:10133000D8000020D6000020000C014010B5044663
:101340002068C068A16B0880A06B801CA063E08F40
:10135000401EE087E08F50B92068406820F04000D0
:1013600021684860E08E10B9204600F04FF810BDAB
:1013700010B504462068007BA16B0870A06B401C70
:10138000A063E08F401EE087E08F50B9206840687E
:1013900020F0600021684860E08E10B9204600F01F
:1013A00035F810BD10B50446206B00882168C86070
:1013B000206B801C2063E08E401EE086E08E50B9DA
:1013C0002068406820F0800021684860E08F10B9F4
:1013D000204600F01BF810BD10B50446206B0078C5
:1013E00021680873206B401C2063E08E401EE0865D
:1013F000E08E50B92068406820F080002168486085
:10140000E08F10B9204600F001F810BD7CB504460D
:101410002C4800681821B0FBF1F04FF47A71B0FB52
:10142000F1F0642148430190FDF728FD054620684E
:10143000406820F020002168486000BF019820B972
:10144000606D40F02000606508E00198401E01904A
:101450002068806800F002000028EFD000BF2A4614
:101460006421204600F03AF818B1606D40F0200089
:101470006065A06850B900BF002000902068C06877
:10148000009020688068009000BF00BF606D88B940
:1014900094F85100042806D1012084F85100204618
:1014A000FEF722FC0CE0012084F851002046FEF7F4
:1014B00085FC05E0012084F851002046FEF786FAFD
:1014C0007CBD0000F800002070B505466C6A002065
:1014D000E087E0862046FEF779FA70BDF8B504464D
:1014E0000D4616462B46002280212046009600F02D
:1014F00009F828B1606D40F0200060650320F8BD58
:101500000020FCE72DE9F84F04460D4690461E46A4
:10151000DDF82890FDF7B2FCA0EB0900371AFDF7C3
:10152000ADFC82462C480068C0F3CB307843009075
:1015300045E0701C002842D0FDF7A0FCA0EB0A009B
:10154000B84200D2A7BB2068406820F0E0002168C4
:1015500048606068B0F5827F0DD1A068B0F5004F9B
:1015600003D0A068B0F5806F05D12068006820F036
:10157000400021680860A06AB0F5005F0DD100BF8F
:101580002068006820F40050216808602068006826
:1015900040F400502168086000BF012084F8510029
:1015A00000BF002084F8500000BF0320BDE8F88F82
:1015B000FFE7009800B900270098401E00902068BF
:1015C00080682840A84201D1012000E00020404569
:1015D000AFD10020EAE70000F800002070470000CB
:1015E00010B509480078012806D101F0F7F904F098
:1015F00073FF03F099FE03E001F0F0F904F06CFFD3
:10160000FDF778FC10BD0000A428002000B595B0BF
:1016100028210BA8FAF7D2F8142106A8FAF7CEF879
:1016200018216846FAF7CAF801200B9000040C90C4
:1016300000200D9001200F9002201290C103139101
:101640004FF4E01114910BA8FDF78EFF08B1FBF7E2
:101650009AFE0F20069002200790002008904FF479
:101660008060099000200A90022106A8FDF746FE3E
:1016700008B1FBF788FE02200090800302906846C4
:10168000FDF7A4FD08B1FBF77EFE15B000BD00001C
:10169000014802490860704700B0000808ED00E00A
:1016A00010B50248FEF7A1FD10BD00004C1500204A
:1016B00010B50248FEF799FD10BD000094150020FA
:1016C00010B50268204B98420ED0204B98420BD0A8
:1016D000B0F1804F08D01E4B984205D01D4B984268
:1016E00002D01D4B984203D122F070024B681A437E
:1016F000154B98420ED0154B98420BD0B0F1804F4D
:1017000008D0134B984205D0124B984202D0124B8E
:10171000984203D122F44072CB681A4322F080032E
:101720004C6943EA040202608B68C3620B688362FF
:10173000054B984202D0054B984201D10B690363D7
:101740000123436110BD0000002C01400034014022
:101750000004004000080040000C004030B50C467A
:10176000816821F47F4142EA0325254329438160B2
:1017700030BD0A46816821F0700142F00703194329
:101780008160704730B5056A25F001050562026A7F
:101790004368846924F0700424F003040D682C432A
:1017A00022F002028D682A43104DA84200D103E0C6
:1017B0000F4DA84206D100BF22F00802CD682A438F
:1017C00022F00402094DA84202D0094DA84207D1D7
:1017D00023F4807323F400734D692B438D692B43ED
:1017E000436084614D684563026230BD002C014056
:1017F0000034014030B5056A25F010050562026A23
:101800004368846924F4E04424F440740D6844EA95
:10181000052422F020028D6842EA0512124DA842EA
:1018200000D103E0114DA84207D100BF22F0800291
:10183000CD6842EA051222F040020B4DA84202D0C8
:101840000A4DA84209D123F4806323F400634D6953
:1018500043EA85038D6943EA8503436084614D68EB
:101860008563026230BD0000002C0140003401405D
:1018700030B5056A25F480750562026A4368C4695B
:1018800024F0700424F003040D682C4322F4007249
:101890008D6842EA0522124DA84200D103E0114DA5
:1018A000A84207D100BF22F40062CD6842EA0522B7
:1018B00022F480620A4DA84202D00A4DA84209D102
:1018C00023F4805323F400534D6943EA05138D69D3
:1018D00043EA05134360C4614D68C563026230BDCD
:1018E000002C01400034014030B5056A25F48055D4
:1018F0000562036A4468C26922F4E04222F440723D
:101900000D6842EA052223F400538D6843EA05334B
:10191000084DA84202D0084DA84204D124F48044C6
:101920004D6944EA85144460C2614D6805640362F0
:1019300030BD0000002C01400034014030B50B46A2
:101940001446026A056A25F001050562816921F0E5
:10195000F00141EA041122F00A021A438161026295
:1019600030BD30B50B461446056A25F010050562FA
:101970008169026A21F4704141EA043122F0A00237
:1019800042EA03128161026230BD70B505466C6A9D
:101990000020E085E0842046FEF758FE70BD70B55B
:1019A00006460025746A20684069C0F3C01594F8A3
:1019B0003D00212805D125B10020E084204600F01B
:1019C000A7F820684069C0F3801594F83E002228EB
:1019D00005D125B10020E085204600F06EF8206C8E
:1019E00040F0100020642046FEF730FE70BD70B558
:1019F00005466C6A2868006800F02000F8B90020ED
:101A0000E0852068C06820F480702168C860206884
:101A1000406920F00100216848612068406920F099
:101A2000400021684861202084F83E00206B012896
:101A300005D12068C06820F010002168C860206BC4
:101A4000012804D1A18D2046FEF7B6FD02E0204614
:101A5000FFF750F870BD70B505466C6A206B012821
:101A600005D1A08D41082046FEF7A6FD02E02046E4
:101A7000FFF758F870BD70B505466C6A28680068B5
:101A800000F0200070B90020E0842068406920F058
:101A90008000216848612068C06840F040002168EB
:101AA000C86002E02046FFF7F5F870BD70B5044647
:101AB000656A2846FFF7F8F870BD0168C96821F427
:101AC00090710268D1600168496921F001010268E2
:101AD0005161016B012905D10168C96821F010012C
:101AE0000268D160202180F83E1000210163704718
:101AF00010B504462068C06820F040002168C86026
:101B0000202084F83D002046FFF7C4F8002010BDD7
:101B10000168C96821F0C0010268D160202180F805
:101B20003D107047F8B5044694F83E00222869D16C
:101B3000A068B0F5805F0CD1206950B90025A66A75
:101B400020684068C0F308003080A06A801CA06252
:101B500015E0A56A0026A068B0F5805F03D0A068F4
:101B600028B9206918B920684068287004E0206806
:101B7000406800F07F002870A06A401CA062E08DE1
:101B8000401E80B2E085A8BB2068C06820F020001D
:101B90002168C8602068C06820F480702168C8602F
:101BA0002068406920F0010021684861202084F805
:101BB0003E00206B01281ED1002020632068C068F1
:101BC00020F010002168C8602068006800F0100054
:101BD00010280AD100BF0020009020680068009003
:101BE00020684068009000BF00BFA18D2046FEF72E
:101BF000E3FC03E004E02046FEF77CFF0020F8BD94
:101C00000020FCE70220FAE770B504462168096964
:101C100021F44051E2681143226811612269A168F0
:101C20001143626941EA02052168C96841F20C6208
:101C3000914329432268D1602168496921F44071A8
:101C4000A2691143226851612D4A2168914202D153
:101C5000FDF730FC01E0FDF71DFC00EBC00101EBDE
:101C6000001162689200B1FBF2F100EBC00202EBDE
:101C7000001263689B00B2FBF3F26423B2FBF3F241
:101C800002EBC20303EB0212A1EB8201322202EB50
:101C900001116422B1FBF2F101F0F00100EBC0028E
:101CA00002EB001263689B00B2FBF3F26423B2FB09
:101CB000F3F201EB021200EBC00101EB00116368CB
:101CC0009B00B1FBF3F100EBC00303EB001366686C
:101CD000B600B3FBF6F36426B3FBF6F303EBC306DF
:101CE00006EB0313A1EB8301322303EB0111642301
:101CF000B1FBF3F101F00F0111442268916070BD56
:101D00000038014077B581B0044615460298A062BC
:101D1000A58500202064222084F83E001C48A16B89
:101D200088621C48A16BC8621B48A16B0863002035
:101D3000A16B486302AE32682368191D2B46A06B65
:101D4000FCF766FD00BF002000902068006800904E
:101D500020684068009000BF00BF00BF002084F8EA
:101D60003C0000BF2068C06840F480702168C860F3
:101D70002068406940F0010021684861206840699E
:101D800040F0400021684861002004B070BD0000B0
:101D9000EF190108571A01089F19010810B50346E9
:101DA00099629A85DA8500201864222083F83E0023
:101DB00000BF002083F83C0000BF1868C06840F4F2
:101DC00080701C68E0601868406940F001001C6881
:101DD00060611868C06840F020001C68E060002066
:101DE00010BD014691F83D00212828D18868B0F542
:101DF000805F0BD1086948B90A6A1088C0F30800EF
:101E00000B685860086A801C086205E00B6A581C61
:101E1000086218780B685860C88C401E80B2C8846D
:101E200058B90868C06820F080000B68D86008685E
:101E3000C06840F040000B68D86000207047022066
:101E4000FCE72DE9F04104460D4617469846069EEC
:101E500021E0701CF8B12EB1FDF710F8A0EB0800DE
:101E6000B04218D92068C06820F4D0702168C860DA
:101E70002068406920F0010021684861202084F832
:101E80003D0084F83E0000BF002084F83C0000BF05
:101E90000320BDE8F081206800682840A84201D1F5
:101EA000012000E00020B842D3D00020F1E700007C
:101EB00010B50248FEF7D6FB10BD0000D827002061
:101EC00010B50248FEF7CEFB10BD0000942700209D
:101ED00000BFFEE7490050EAC12018BF04204A0DA8
:101EE00018BF40F0010040F2FF72B2EB515F08BF33
:101EF00040F00200012808BF052070470248006832
:101F0000C0F30220704700000CED00E010B500287F
:101F100004DB0A07130E054A135406E00A07140EE1
:101F2000034A00F00F031B1FD45410BD00E400E06F
:101F300018ED00E010B50446A389A268D11801226B
:101F40002068FEF7B5FD10BD2DE9FF5F0E46174670
:101F50009846DDE9114BDDE90F5ADDF83890264946
:101F60000098087006F03F004870C6F3851088702E
:101F700007F03F00C870C7F38510087108F03F00F4
:101F80004871C8F38510887109F03F00C871C9F322
:101F90008510087205F03F004872C5F385108872FD
:101FA000C5F30530C872C5F3854008730AF03F00D9
:101FB0004873CAF3851088730BF03F00C873CBF3E6
:101FC000851008740020487404F03F008874C4F33E
:101FD0008510C874C4F305300875C4F3854048758E
:101FE000C4F3056088758020C8751821024802F086
:101FF00019FEBDE8FF9F00005005002030380A2878
:1020000001D20120704700207047000008B500BFD2
:102010000A48406940F001000849486108464069A3
:1020200000F00100009000BF00BF002211460B200D
:10203000FCF7E0FF0B20FCF7CDFF08BD00100240CD
:1020400008B500BF0A48406940F0020008494861ED
:102050000846406900F00200009000BF00BF002267
:1020600011463B20FCF7C6FF3B20FCF7B3FF08BD41
:10207000001002402DE9F14F96B050221D4902A8F0
:10208000F9F748FB4FF00A0B00241B4D00210E46C8
:102090000F468A461DE002A800EBCA0022462B46E6
:1020A000D0E90081404606F0C9F832463B46CDE90A
:1020B000000105F069FE06460F46169806F0AAF8DC
:1020C000804622462B4606F0B9F804460D460AF132
:1020D000010ADA45DFD30022084B3046394606F0C4
:1020E000ADF8804606F050F800F57A7080B217B06F
:1020F000BDE8F08FE08A01080000F03F00002440B6
:1021000010B51E48007801282DD1FFF77FFFFFF79B
:1021100097FFFFF71FF8FEF7F1FDFEF74BFE18489B
:10212000FDF796FF4FF448711648F9F725FB16485E
:102130000021016041601548FBF7DAF91448FBF70C
:10214000D7F900200F4981F8200381F821031149B4
:1021500008801149086011490860042210490B48A1
:10216000FBF78AFE08E0FFF76BFFFEF7C7FDFEF7FF
:1021700021FE0648FBF7BCF910BD0000A428002092
:1021800094150020FE0100200C00002008140020FF
:10219000381400201C000020200000202400002013
:1021A0001400002070B504460D460026294620463E
:1021B00000F026F82046FBF7C7FD0A212046FBF772
:1021C00003FD2046FBF786FB86B22046FBF714FF93
:1021D000304670BD2DE9F04107460D4616466FB1F9
:1021E00065B15EB1002407E0295D3846FFF7DAFFEC
:1021F00026F81400601CC4B2022CF5DBBDE8F081A7
:102200003EB505460C460020009001900290062045
:102210000290042C04D1042000900120019005E0DC
:10222000052C03D105200090012001906946284625
:10223000FBF7EAF908B1FBF7A6F83EBD06490860CE
:102240000021064A11600121054AD1720221054A86
:1022500082F8211370470000200000202400002095
:10226000A4280020FE0100200120044981F8210358
:102270000020034908800349C8727047FE0100200E
:102280001C000020A4280020064908600021064AFE
:1022900011600121054AD1720421054A82F82113F7
:1022A000704700002000002024000020A428002007
:1022B000FE0100200020034981F821030249C87271
:1022C00070470000FE010020A42800202DE9F04105
:1022D00092B0F048007801287DD1EF4890F82003B3
:1022E00000281AD0EC4890F82103012874D1EB485B
:1022F000007898B9EA48002101604160E94801602E
:102300004160E94801604160E848016041600020A7
:10231000E74908700120E1490870B7E1DF4800781B
:1023200001281AD1DC49E24A127801EB420004226A
:10233000642100F0F5FADA49DD4A127821F812003A
:10234000DB480078401CDA49087008460078042809
:10235000E3D10220D149087098E1D04800780228E2
:1023600078D10020109011900E900F9000BF1CE0CB
:10237000C94ACF4B1B7802EBC30232F8102032233C
:1023800002FB03F1CA1701EB1252C2F3073210AB82
:102390001A54C149C64A127801EBC20131F8101033
:1023A0000EAA22F81010411CC8B20428E0DBBDF8C8
:1023B0003800BDF83A10401A05B205F2FF7132221A
:1023C00001FB02F0C11700EB1151C1F307318DF889
:1023D0004410B14801E035E116E190F8220368B3FA
:1023E00000241EE00EA830F81400AD4931F8141096
:1023F000401A0FFA80F80EA830F8140040F6E441B5
:1024000000FB01F708FB01F6F01706EB1050021372
:10241000F81707EB10500113A6A004F06DF8601C2C
:10242000C4B2042CDEDB40F6E44005FB00F4E01708
:1024300004EB10500113A3A004F05EF8964890F846
:10244000220300282CD03422A0A101A8F9F762F9B8
:10245000002009E03BE010A9095C322902D13121BA
:1024600010AA1154411CC8B20428F4DB2A209DF89C
:10247000401001AA505430209DF84110505478204B
:102480009DF8421050546F209DF843105054442042
:102490009DF84410505401A999A004F02DF800BFF4
:1024A0007D4890F8220318B197490D20F9F7C7F835
:1024B0007F480078401C7E490870084600786428F0
:1024C00004D100200870032074490870DEE07348CE
:1024D00000780328FAD175487549097800EB410165
:1024E0007148734A127800EB42006E4A704B1B78B9
:1024F00002EB4302CDE90020029169496C4A12784F
:1025000031F8123064496A4A127801EB4200042221
:10251000642100F018FA6249654A127831F8121005
:1025200040F6E44201FB02F0C11700EB1151C1F388
:102530000F315B4A5E4B1B7822F8131059495C4AF5
:10254000127831F9121040F6E44201FB02F0C11793
:1025500000EB1151091309B2524A554B1B7822F86E
:1025600013105149524A127831F9121040F6E442E0
:1025700001FB02F0C11700EB115109130AB24A49DD
:102580004B4B1B7821F813204849494A127831F9FE
:10259000121040F6E44201FB02F0C11700EB1151AA
:1025A000091309B2414A424B1B7822F81310104616
:1025B0003F49097830F911003B493D4A127831F919
:1025C0001210CDE9001037483949097830F9113037
:1025D00033483749097830F81120354801784BA045
:1025E00003F08AFF32480078401C314908700846E1
:1025F000007804284AD1002028490870264981F82B
:10260000210381F8200341E0234890F821030228A8
:1026100009D1FFF74FFE00201F4981F8200347A092
:1026200003F06AFF32E01C4890F8210304282DD102
:10263000FFF740FE0020184981F8200345A003F071
:102640005BFF23E0494800780A2818D2484A4949E4
:102650004948FFF7BFFD46480088484909680844D3
:102660004649086042484088454909680844444949
:1026700008603E480078401C3C49087006E0002095
:102680003A4908703D4908603D49086012B0BDE80C
:10269000F0810000A4280020FE010020400000205E
:1026A000420000204A000020520000205A00002072
:1026B000620000205B2534755D5B2535645D200D6F
:1026C000000000005B2535645D200D002E2E2E2EAF
:1026D0002E2E2E2E2E2E2E2E2E2E2E2E2E2E2E2E1A
:1026E0002E2E2E2E2E2E2E2E2E2E2E2E2E2E2E2E0A
:1026F0002E2E2E2E2E2E2E2E2E2E2E2E2E2E000056
:10270000202025730D000000AC00002043485F2509
:102710006420206D65616E2025642C207374642E06
:102720006465762E2025642C206D61782025642C2C
:10273000206D696E2025640D000000006164632037
:102740006469726563742066696E69736865640D97
:102750000000000061646320766F65726465206626
:10276000696E69736865640D000000003000002028
:102770003400002031000020081400203800002020
:102780003C0000202DE9F04F85B004460D4616466A
:102790001F46DDE910ABDDE90E8933462A462146A6
:1027A00001208DE8800FFFF7CFFB05B0BDE8F08F6B
:1027B0007FB506460C46154603226946304603F0AF
:1027C00083FB05226946204603F07EFB072269460B
:1027D000284603F07FFB08226946102002F038FAF1
:1027E0007FBD000010B51E49098840F6E44201FB98
:1027F00002F0C11700EB1151C1F30F342046FFF76F
:1028000039FC184948801649498840F6E44201FBE2
:1028100002F0C11700EB1151C1F30F31114A918041
:102820000F49898840F6E44201FB02F0C11700EB32
:102830001151C1F30F310B4AD1800949C98840F6C3
:10284000E44201FB02F0C11700EB1151C1F30F315B
:10285000044A1181042202490348FBF70DFB10BD15
:102860000C0000202C010020381400202DE9F0413C
:1028700004460F4615461E462760A560A680002028
:10288000A071A1680870A0812046FFF753FBBDE846
:10289000F08113B5044600BF206890F83D00202861
:1028A000FAD10323012201A92068FEF73CF91CBDDF
:1028B00070B504460E46154605EB45032A463146DB
:1028C0002068FEF730F970BD10B504460020A081E5
:1028D000A0712046FFF72EFB10BD70B50446A0790D
:1028E00000B170BDA189A068455C0D2D06D1002006
:1028F000A289A16888540120A07109E0A089A1885B
:10290000884205DAA089401CA0812046FFF712FB0F
:1029100000BFE6E740F66D30704740F2F9107047AF
:1029200070B5034600240025002606E033F81500A4
:102930000444A818C5B2701CC6B28E42F6DBB4FBC4
:10294000F1F080B270BD2DE9F04F85B080460C46A5
:1029500091469A46DDE90F56002700202880049012
:1029600047F6FF7030804FF0000B19E0049938F8FB
:102970001110A1EB0A0108B200FB0077B5F90010B5
:10298000814200DA2880B6F90010814200DD3080F3
:1029900004994944C9B204910BF1010000F0FF0B06
:1029A000A345E3DB97FBF4F7384605F01CFCCDE9C3
:1029B000000103F0C3FBCDE9020105F0E5FB01B224
:1029C0000E98018005B0BDE8F08F000010B5FCF74F
:1029D00055FA0149086010BD240500200648C0884A
:1029E000401C0549C8800846C0880A2803DB00202F
:1029F000C8800120087270472405002010B5FCF73C
:102A00003DFA0E490968401A0C49888008468088BA
:102A10000AE0FCF733FA094909680A31884203D908
:102A20006420FBF743FF03E00448007A0028F0D05D
:102A300000BF00200149087210BD000024050020DD
:102A400010B5092300222C492C4802F093FA2A4899
:102A500000884FF6FF7188421CD02748008828491B
:102A6000086025484088486023488088886022485C
:102A7000C088C8602048008908611F4841892048F3
:102A800041611D4881891E4881611B48C1891C48DC
:102A9000C16130E046201A49086040F6AC40486009
:102AA000192088600020C8604520086140F69E41DA
:102AB00013484161142181611021C16100681149ED
:102AC00008800F48406848800D48806888800C481E
:102AD000C068C8800A48006908810948406948817F
:102AE0000748806988810648C069C8810923002297
:102AF000024802F0D7FA10BD7413002000880008C5
:102B0000300500206013002010B5FEF7A1F9002366
:102B10001A4619460948FBF713FB00231A461021F1
:102B20000648FBF70DFB00210448FBF71FFB1021B3
:102B30000248FBF71BFBFFF783FF10BDF0140020DA
:102B400010B503460BB1012000E00020012B01D09D
:102B5000012400E00024204008B1002010BD0A48F4
:102B600000EB03108068484342F21074B0FBF4F0AD
:102B7000081AC0EB0030044C04EB03146468B0FB8B
:102B8000F4F010800120E9E73005002010B503467D
:102B90000BB1012000E00020012B01D0012400E056
:102BA0000024204008B1002010BDC1EB013040F6E8
:102BB000E44490FBF4F010800120F5E72DE9F041AA
:102BC00004460D4616461F463B46324629462046D9
:102BD00000F016F810B90020BDE8F08105EB840084
:102BE0004388054800EB0410C16800220348FBF746
:102BF000A7FA0120F0E7000030050020F0140020C3
:102C0000F8B504460D4616461F46002000900CB14C
:102C1000012000E00020012C01D0012100E0002172
:102C2000084008B10020F8BD3FB16A463146204651
:102C3000FFF786FF48B90020F5E76A46314620468F
:102C4000FFF7A4FF08B90020EDE725F82460BDF8E0
:102C5000000005EB840148800120E4E710B502483C
:102C6000FFF732FE10BD000084270020014609B1A5
:102C7000014870470148FCE7308B0108338B01089D
:102C800010B5FEF7BBFA8023044A05490548FFF753
:102C9000EDFD00200349887110BD000004270020CD
:102CA000942700208427002070B504460D462A464C
:102CB00021460248FFF7FCFD70BD0000842700207C
:102CC00000B59FB000201E901D90FB48807940B158
:102CD000F94880681E9001201D900020F6498871F7
:102CE0000FE0F64890F8800058B1F4481E9001209B
:102CF0001D900020F14981F88000F1A01E99F8F79D
:102D00005BFB1D98002801F06D8302201C900020C1
:102D10000A9008E0ECA10CAA0A9842F820100A9840
:102D2000401CC0B20A900A981028F3DBE7A11E9855
:102D3000F8F788FC0B9000200A900DE00CAADDE962
:102D40000A1042F821000A98401CC0B20A90DFA184
:102D50000020F8F777FC0B900B980028EED10C9828
:102D6000DBA10990F8F7A2FC002836D103201C90C3
:102D70000D98D9A10990F8F799FCC8B900200990DD
:102D80000E980890F8F74EFC80B2099040F6E441A6
:102D9000099888420AD80123D0491846099AFFF7B2
:102DA0000DFFCFA003F0A8FB01201C9001F003BB96
:102DB0000D98CEA10990F8F779FC0028F6D1C74804
:102DC000C0880990C548808808900146C8A0099A23
:102DD00003F092FB01201C90E8E70C98C7A1099032
:102DE000F8F764FC002864D103201C900D98BAA168
:102DF0000990F8F75BFC002838D109900E980890EC
:102E0000F8F710FC80B209900F98BEA10890F8F76F
:102E10004DFC80B940F6E4410998884225D8012349
:102E2000AE490020099AFFF7C9FEB7A003F064FB82
:102E300001201C9019E041F288310998884201DB99
:102E4000012000E0002042F228320999914201DC81
:102E5000012100E00021084038B1099803F062FB2D
:102E6000ADA003F049FB01201C909FE70D989FA1A6
:102E70000990F8F71BFC002898D10E98A1A10990A1
:102E8000F8F714FC58B99548408809909348008891
:102E900008900146A3A0099A03F02EFB06E003F078
:102EA00061FB01460990A4A003F026FB01201C90C1
:102EB0007CE70C98A3A10990F8F7F8FB002867D1EC
:102EC00003201C900D98A0A10990F8F7EFFBA8B97A
:102ED000002009900E980890F8F7A4FB80B20990A2
:102EE0000998642809DC994909980968886298A0BA
:102EF000099903F001FB01201C9057E70D9897A159
:102F00000990F8F7D3FBA8B9002009900E98089013
:102F1000F8F788FB80B209900998B0F57A7F08DC51
:102F20008A4909980968C8628DA003F0E5FA012072
:102F30001C903BE70D988DA10990F8F7B7FB00288E
:102F400093D109900E980890F8F76CFB80B2099025
:102F5000099864281BDC002008907C480068C06A3F
:102F6000099948436421B0FBF1F080B2089077489A
:102F70000068C06A80B2079074490898096848637D
:102F80007BA0089903F0B8FA01201C9000BF0DE760
:102F90000C987AA10990F8F789FB30BB79484088F2
:102FA000A0F57A700A2190FBF1F0079005F01BF96B
:102FB000CDE9080173480089002273498988CDE969
:102FC00002120490DDE90801CDE900016D48C088D6
:102FD00007906C4880880690024600216B48079B4A
:102FE00003F08AFA01201C90E0E60C9868A1099091
:102FF000F8F75CFBC8B9FFF790FC0990FFF78AFC73
:10300000089003F0E5F80790DDE90801CDE900013B
:10301000002201215FA0079B03F06EFA644965A0BE
:1030200003F06AFA01201C90C0E60C9864A1099094
:10303000F8F73CFB00283DD109900D9863A108905A
:10304000F8F734FB28B9002002F092FD0120099026
:103050002EE10D985FA10890F8F728FB28B9012010
:1030600002F086FD0120099022E10D985BA10890F5
:10307000F8F71CFB28B9022002F07AFD0120099024
:1030800016E10D9856A10890F8F710FB28B9032017
:1030900002F06EFD012009900AE10D9851A10890FF
:1030A000F8F704FB28B9042002F062FD0120099022
:1030B000FEE099E008E1000084270020B828002005
:1030C0005B25735D0D000000000000002000000083
:1030D000465245514D5600005345540064000020AF
:1030E000465245514D56205345540D003F000000B7
:1030F000465245512025642025640D00563130315B
:103100004D56000072617700563130314D562053D4
:103110004554205241570D00563130314D56205301
:1031200045540D00563130314D562052415720251F
:10313000642025640D000000563130314D562025A5
:10314000640D000050574D005053430004150020FB
:10315000505343205345542025640D0041525200E2
:10316000415252205345540D0000000050440000CD
:103170005044205345542025640D000053544154BD
:10318000530000002C010020240500201C9301089E
:1031900056455200766572207265762025642E258C
:1031A000642E256C752E25642E25640D000000000C
:1031B0007091010875726C20222573220D000000A9
:1031C000494E54455256414C0000000034303030D6
:1031D0000000000031303030000000003235300097
:1031E00032350000310000000D98FAA10890F8F780
:1031F0005DFA28B9052002F0BBFC0120099057E0D8
:103200000D98F6A10890F8F751FA28B9062002F0B7
:10321000AFFC012009904BE00D98F2A10890F8F75F
:1032200045FA28B9072002F0A3FC012009903FE0ED
:103230000D98EEA10890F8F739FA28B9082002F0A5
:1032400097FC0120099033E00D98EAA10890F8F767
:103250002DFA28B9092002F08BFC0120099027E003
:103260000D98E5A10890F8F721FA28B90A2002F094
:103270007FFC012009901BE00D98E0A10890F8F771
:1032800015FA28B90B2002F073FC012009900FE019
:103290000D98AFF2A8110890F8F708FA40B902F0BB
:1032A0001BFD01460890D6A003F026F901201C90D2
:1032B0000998012807D10D9801460890D0A003F085
:1032C0001BF901201C9071E50C98D1A10990F8F729
:1032D000EDF9002873D109900D980690F8F7A2F93E
:1032E0000990CD490998884201D3012000E00020CF
:1032F000CA4A0999914201D8012100E00021084001
:1033000028B1099801F0AAFFC549A1F8640000207E
:1033100008900E980690F8F785F90890BE4908982D
:10332000884201D3012000E00020BC4A0899914264
:1033300001D8012100E000210840DDE90812914296
:1033400001D9012100E00021084028B1089801F0CE
:1033500085FFB349A1F86600002007900F980690FA
:10336000F8F760F980B207900798862801DB012002
:1033700000E0002040F23C520799914201DC01211B
:1033800000E00021084030B18621079890FBF1F061
:10339000A349A1F86800109863210690F8F758F93E
:1033A00018B101209E49087010E010987321069012
:1033B000F8F74EF920B102209949087006E019E0AB
:1033C00000219748017097A003F096F810986F219C
:1033D0000690F8F73DF918B101209449487302E0CE
:1033E000002092494873FEF765FF02F01DFF01209F
:1033F0001C90DBE40C988EA10990F8F757F900288F
:103400007ED10D988BA10990F8F750F9C8B90E98A4
:1034100063210990F8F71CF928B90E984321099007
:10342000F8F716F920B10120834981F8220303E05F
:103430000020814981F82203FEF716FF01201C902D
:10344000B4E40D987DA10990F8F730F940BB002055
:1034500009900E980890F8F7E5F80990099808B1D6
:10346000012000E000200999B1F1804F01D2012133
:1034700000E00021084048B10998FEF7DFFE71A086
:10348000099903F039F801201C9008E0099830B937
:10349000FEF710FF6FA003F02FF801201C9085E4C9
:1034A0000D9870A10990F8F701F90028A1D10990B1
:1034B0000E980890F8F7B6F80990099808B101201D
:1034C00000E000200999B1F1804F01D2012100E014
:1034D0000021084050B10998FEF7D6FE63A0099973
:1034E00003F00AF801201C9009E009E0099830B9BE
:1034F000FEF7E0FE61A002F0FFFF01201C9055E402
:103500000C9862A10990F8F7D1F800BB002009904F
:103510000D980890F8F786F809900998B0F5165FAD
:1035200001D3012000E000205A4A0999914201D8B4
:10353000012100E00021084040B1099801F06EF837
:1035400055A0099902F0D8FF01201C902EE40C9898
:1035500055A10990F8F7AAF8D0BB03201C900D984C
:10356000AFF278410990F8F7A1F848B901F0AEFE42
:1035700009904FA0099902F0BFFF01201C9015E4AB
:103580000D98AFF2AC410990F8F790F808BB002015
:1035900009900E980890F8F745F809901E49099887
:1035A000884201D9012000E000201C4A099991427B
:1035B00001D8012100E00021084040B1099801F044
:1035C000E7FE3EA0099902F097FF01201C904CE411
:1035D000A1E07BE03530306D000000003130306D0F
:1035E0000000000033336D33000000003230303013
:1035F0000000000037353000353030003130300009
:10360000696E74657276616C2025730D0000000090
:103610005357454550000000C0D70D0016881100D3
:10362000DC15002073776565700D0000A42800206C
:10363000414443004F555400FE0100204449524587
:1036400043540000414443204449524543542025FB
:10365000640D000041444320444952454354204FE7
:1036600046460D00564F4552444500004144432014
:10367000564F455244452025640D000041444320E7
:10368000564F45524445204F46460D004241554451
:103690000000000080841E00414443204241554404
:1036A0002025640D00000000465245510000000036
:1036B0004652455120256C750D000000465245517B
:1036C0002053455420256C750D0000000D98FDA178
:1036D0000990F7F7EBFF00287ED10E98FAA1099028
:1036E000F7F7E4FF40B90120F849C873F8A002F0E9
:1036F00003FF01201C901CE40E98F9A10990F7F734
:10370000D5FF0028F7D1F149C873F6A002F0F4FE06
:1037100001201C900DE40C98F6A10990F7F7C6FF64
:10372000F0BB03201C900D98AFF240610990F7F7B1
:10373000BDFF58B9F148C06800F47C4001460990CB
:10374000EFA002F0D9FE01201C9020E40D98AFF20A
:1037500078610990F7F7AAFF0028CCD1099008906A
:103760000E980790F7F75EFF09900F980790F7F70C
:1037700059FF089009981F2814D808981F2811D8B5
:103780000898C0B207900998C0B20690079901F056
:1037900053FBDEA0DDE9082102F0AEFE012000E0CF
:1037A00001E01C9020E40C98DCA10990F7F77EFF63
:1037B000E8BB03201C900D98AFF2D0610990F7F799
:1037C00075FF68B9D748006800F470700146099029
:1037D000D5A002F091FE00E0E6E201201C9023E477
:1037E0000D98AFF20C710990F7F760FF002891D1A6
:1037F000099008900E980790F7F714FF09900F981A
:103800000790F7F70FFF089009980F2814D8089829
:103810000F2811D80898C0B207900998C0B2069036
:10382000079901F017FBC2A0DDE9082100E004E0E0
:1038300002F062FE01201C9045E50C98C0A10990A1
:10384000F7F734FF002864D103201C900D98AFF2E5
:1038500064710990F7F72AFF88BBBCA002F04CFE08
:10386000BD48007A0890FFF701FA0990BA48B0F80D
:1038700009000890B848006807900146B7A0DDE944
:10388000083202F039FEB448808801460990BAA097
:1038900002F032FEB048C0790990AF4880790890B4
:1038A0000146B9A0099A02F027FE02F015FA014676
:1038B0000990BCA002F020FE01201C9003E5FFE768
:1038C0000D98BDA10990F7F7F1FE70B901201C9089
:1038D00002F04AFB0990099818B1B9A002F00CFE59
:1038E00002E0BCA002F008FEEDE40D98BEA1099034
:1038F000F7F7DCFE00289FD101201C9002F098FB16
:1039000018B1BBA002F0F8FDDDE4BEA002F0F4FDAA
:10391000D9E40C98C0A10990F7F7C8FE00287BD124
:1039200003201C900D98AFF63C010990F7F7BEFEFE
:1039300070BBBCA002F0E0FDBC48007801460990D5
:10394000BBA002F0D9FDB948407801460990BCA05F
:1039500002F0D2FDB548408801460990BFA002F0B0
:10396000CBFDB24800790990B0488088000A0890E1
:103970000146BFA0099A02F0BFFDAC48D0F806008E
:1039800001460990C0A002F0B7FD01201C909AE406
:103990000D98C3A10990F7F789FE78B901201C9012
:1039A0000B22A249C04801F0F3FE18B9BFA002F0F3
:1039B000A3FD88E4C1A002F09FFD84E40D988AA1D4
:1039C0000990F7F773FE78B901201C900B229749F4
:1039D000B54801F09BFF18B9BCA002F08DFD72E460
:1039E000BFA002F089FDDFE10D98AFF61411099038
:1039F000F7F75CFE002887D10E98BFA10990F7F772
:103A000055FEE0B90F98BDA10990F7F74FFE20B918
:103A100001208649087009E034E00F98B8A10990A8
:103A2000F7F744FE10B90020804908700F9801464E
:103A30000990B4A002F060FD01201C90B4E10E9842
:103A4000B6A10990F7F732FE0028A0D10F98B5A1D2
:103A50000990F7F72BFE18B922207449487008E046
:103A60000F98B2A10990F7F721FE10B911206F4904
:103A700048700F9801460990AEA002F03DFD01206C
:103A80001C9091E10C98B0A10990F7F70FFEB8B91E
:103A900003201C900D98AEA10990F7F707FE0028AF
:103AA00087D10E98ACA10990F7F700FE48B90E989F
:103AB00001460990AAA002F01FFD03201C9073E1AB
:103AC000B8E15BE1524547004F4E0000A4280020BA
:103AD0004652455120524547204F4E0D00000000F0
:103AE0004F4646004652455120524547204F4646D4
:103AF0000D0000004641444A000000000010014053
:103B0000465245512025640D0000000046524551A3
:103B1000205345542025642025640D005141444A1A
:103B2000000000000C0C0140512025640D00000035
:103B30005141444A205345542025642025640D00FA
:103B400053455454494E47530000000053455454C4
:103B5000494E47530D000000200100202020202066
:103B6000465245513D256C75205245473D257320F1
:103B70004D563D25750D0000202020205631303156
:103B80003D25750D00000000202020204641444ABC
:103B9000313D25303278204641444A323D2530328D
:103BA000780D000020202020494E54455256414CAB
:103BB0003D5B25735D0D000052455452000000002E
:103BC00053455454494E47532052455452204F4B6D
:103BD0000D00000053455454494E4753205245545C
:103BE00052204552520D000053544F5245000000E0
:103BF00053455454494E47532053544F5245204F38
:103C00004B0D000053455454494E47532053544FD5
:103C10005245204552520D004649524D574152459A
:103C200000000000434F4E4649470D00E2000020CF
:103C3000202020204E4557204150503D25750D0035
:103C4000202020204150502052554E4E494E4720B2
:103C50004D4F4445203D25750D00000020202020BB
:103C60004150502053495A453D25750D0000000034
:103C7000202020204150502056455253494F4E3D60
:103C800025752E25750D00002020202053564E202E
:103C90005245564953494F4E3D25750D00000000D1
:103CA000524554525600000000280708465720523B
:103CB00045545256204F4B0D0000000046572052ED
:103CC00045545256204552520D000000465720439D
:103CD0004F4E4649472053544F5245204F4B0D00FD
:103CE000465720434F4E4649472053544F52452094
:103CF0004552520D00000000415050004E45570003
:103D00004F4C44004649524D574152452041505076
:103D10002056414C55453A2025730D004D4F4445E2
:103D20000000000055504441544500004E4F524D94
:103D3000414C00004649524D57415245204D4F4499
:103D4000453A2025730D0000464C415348000000C1
:103D500045524153450000004150503100000000E1
:103D600045524153494E47202573204E4F54205011
:103D700045524D49545445440D0000000E98F9A198
:103D80000990F7F793FCC8B9F848408801460990B4
:103D9000F74801F0A5F840B90E9801460990F5A042
:103DA00002F0AAFB01201C9005E30E980146099041
:103DB000F6A002F0A1FB03201C90FCE20E98F8A1F3
:103DC0000990F7F773FCB0B90121F84801F088F8C1
:103DD00040B90E9801460990E6A002F08DFB012043
:103DE0001C90E8E20E9801460990E8A002F084FBDE
:103DF00003201C90DFE20E98EDA10990F7F756FC26
:103E00000028D1D101214FF4E42001F069F840B934
:103E10000E9801460990D7A002F06EFB01201C907D
:103E2000C9E20E9801460990D8A002F065FB032074
:103E30001C90C0E20C98E0A10990F7F737FC90BB0A
:103E40000D98AFF25C210990F7F730FC60BBDB48BE
:103E50000068DB490880D94840684880D7488068B6
:103E60008880D648C068C880D44800690881D34893
:103E700040694881D14880698881D048C069C8813B
:103E800009230022CF4801F00DF9012804D1CE49C1
:103E9000CEA002F031FB8EE2CB49D2A002F02CFB87
:103EA00001201C9087E236E0FFE70D98AFF6C45181
:103EB0000990F7F7FBFB002893D109230022CE4994
:103EC000C04801F057F8012804D0BF49CBA002F048
:103ED00013FB70E2C84880880090C748408809906A
:103EE000C548008808900246B749CEA0099B02F059
:103EF00003FBC14880890090BF4840890990BE48B3
:103F0000008908900246B049D3A0099B02F0F4FA58
:103F100001201C904FE20C98DCA10990F7F7C6FB3A
:103F2000E8BB03201C900D98AFF6F8010990F7F755
:103F3000BDFB18BB0E980990F7F774FB002802DC54
:103F400003201C9037E20E980890F7F76BFB80B2C5
:103F500000230246CF4909901846FEF72FFECD48B0
:103F600040880990CB480088089002469649CAA02C
:103F7000099B02F0C1FA01201C901CE20D98AFF6DB
:103F8000A8610990F7F792FB002884D10E98CCA184
:103F90000990F7F78BFB88B90F98099000E03BE098
:103FA000F7F740FB80B28549086008460068024682
:103FB00085490990C3A002F09FFA2AE00E98C8A193
:103FC0000990F7F773FB78B90F980990F7F72AFB78
:103FD00080B27A4948600846406802467A490990AA
:103FE000C0A002F089FA14E00E98C5A10990F7F775
:103FF0005DFB70B90F980990F7F714FB80B26F4919
:1040000088600846806802466F490990BDA002F0AA
:1040100073FA01201C90CEE10C98C1A10990F7F72A
:1040200045FB98B90D980890F7F755FB80B20990B9
:104030000D980890099900F094FE0D98014609909A
:10404000B9A0F7F7B9F901201C90B4E10C98B9A117
:104050000990F7F72BFBE0BB03201C900D98AFF6FF
:104060002C210990F7F722FB18BB0E980990F7F75F
:10407000D9FA002802DC03201C909CE10E980890DD
:10408000F7F7D0FA80B20023024682490990012056
:10409000FEF794FD7F48C08809907E48808808908C
:1040A00002464949A5A0099B02F026FA01201C906E
:1040B00081E10D98AFF6E0710990F7F7F7FAE8BBE8
:1040C0000E987FA10990F7F7F1FA88B90F98099037
:1040D00000E03BE0F7F7A6FA80B2384908610846ED
:1040E00000690246384909909EA002F005FA2AE0CC
:1040F0000E987BA10990F7F7D9FA70B90F9809903B
:10410000F7F790FA81B22D484161406902462E4985
:10411000099094A002F0F0F915E00E9878A10990AA
:10412000F7F7C4FA78B90F980990F7F77BFA81B2DC
:104130002248816180690246234900E011E009902C
:104140008FA002F0D9F901201C9034E10C9893A1C2
:104150000990F7F7ABFA20B9924802F065FA099096
:1041600022E128E14150503200000000E20000202E
:1041700000D0030825732045524153452053554331
:104180004345535346554C4C0D00000025732045C4
:1041900052415345204641494C45440D0000000022
:1041A0004657434F4E464947000000000028070885
:1041B000534554494E4753004441430030050020C5
:1041C0006013002000880008378B010825733A200F
:1041D0004441432053544F5245204641494C4544A5
:1041E0000D00000025733A204441432053544F52A0
:1041F0004520444F4E450D007413002025733A208E
:10420000464C4153482052454144204641494C4583
:10421000442044554520544F2057524F4E47204389
:1042200052430D0025733A204348305F4D494E20DC
:104230003D202564207C204348305F4D4158203D7F
:10424000202564207C204348305F4C494E203D208F
:104250002564200D0000000025733A204348315F9B
:104260004D494E203D202564207C204348315F4D40
:104270004158203D202564207C204348315F4C4933
:104280004E203D202564200D0000000044414330B5
:10429000000000006400002025733A2044414330B0
:1042A00020564F4C53203D202564207C2044414320
:1042B00030204449474954203D2025640D0000002A
:1042C0004D494E0025733A2044414330204D494E1C
:1042D0002053455420544F202564200D0000000039
:1042E0004D41580025733A2044414330204D4158F8
:1042F0002053455420544F202564200D0000000019
:104300004C494E0025733A2044414330204C494EDD
:104310002053455420544F202564200D00000000F8
:104320004153434949000000415343494920257303
:104330000D000000444143310000000025733A2085
:104340004441433120564F4C53203D202564207C6E
:104350002044414331204449474954203D202564AD
:104360000D00000025733A2044414331204D41584F
:104370002053455420544F202564200D0000000098
:1043800025733A2044414331204C494E2053455433
:1043900020544F202564200D0000000058434F4D4D
:1043A00000000000481600200FA00999F7F704F854
:1043B00001201C9000BF1C98012804D0022803D0C3
:1043C000032809D104E007E00BA002F095F803E010
:1043D0000CA002F091F800BF00BFFEF73FFC0020E8
:1043E0001D9000BF1FB000BD786665725F72657377
:1043F000756C742025640D00554E4B574E5F434D30
:10440000440D0000415247535F4552524F520D0038
:1044100010B500F009F80020024981F80D0A00F0FB
:1044200057F810BD5009002010B54FF4007109482D
:10443000F7F7A2F94FF4007206490748FCF782F833
:1044400006480068006820F0040004490968086014
:1044500010BD000050070020D82700206028002051
:1044600008B500BF0E48406940F001000C494861A2
:104470000846406900F00100009000BF00BF002224
:1044800011460E20FAF7B6FD0E20FAF7A3FD002222
:1044900011460F20FAF7AEFD0F20FAF79BFD08BD7D
:1044A0000010024010B5FFF7DBFFFCF78BFE002089
:1044B00005490870054981F80A0A81F80B0A81F854
:1044C0000C0AFFF7B1FF10BD6C000020500900205E
:1044D00010B51A4890F80C0A00282EDD1848FCF791
:1044E00077F8164890F80A0A00EB0020134B03EB0C
:1044F0004000B0F80022184690F80A0A00EB0020AD
:1045000003EB40010E48FCF777FB0C4890F80A0AD1
:10451000401C0A4981F80A0A084690F80C0A401E15
:1045200081F80C0A084690F80A0A0521B0FBF1F25E
:1045300001FB1200014981F80A0A10BD5009002050
:10454000D827002070B505460C46254890F80C0A7F
:10455000052801D1002070BD00200BE0295C204A15
:1045600092F80B2A02EB02221D4B03EB420211547C
:10457000411C88B2A042F1DB194890F80B0A00EB0D
:104580000020174901EB4000A0F80042084690F8CF
:104590000B0A401C81F80B0A084690F80C0A401CD4
:1045A00081F80C0A084690F80B0A0521B0FBF1F2DD
:1045B00001FB12000A4981F80B0A084690F80D0A1F
:1045C00008B9012000E000200649C97A09B9012193
:1045D00000E00021084008B1FFF77AFF0120BAE7A8
:1045E00050090020A428002010B5FFF75BFF10BD84
:1045F0002DE9F04F85B004460D4616461F46DDE90D
:1046000010ABDDE90E8933462A46214605208DE8A8
:10461000800FFDF799FC05B0BDE8F08F2DE9F04162
:10462000054660484560FAF735FF00EBC00101EB35
:1046300000105C4949688900B0FBF1F6FAF72AFFDF
:1046400000EBC00101EB0010564949688900B0FB3E
:10465000F1F06421B0FBF1F000EBC00101EB0010C0
:10466000A6EB8000322101EB00106421B0FBF1F0D9
:1046700000F0F006FAF70EFF00EBC00101EB0010AE
:10468000484949688900B0FBF1F06421B0FBF1F0C2
:1046900006EB0016FAF7FEFE00EBC00101EB00107E
:1046A000404949688900B0FBF1F7FAF7F3FE00EBE7
:1046B000C00101EB00103B4949688900B0FBF1F0F3
:1046C0006421B0FBF1F000EBC00101EB0010A7EB9F
:1046D0008000322101EB00106421B0FBF1F000F00A
:1046E0000F0030442F4909688860FAF7E3FE04465A
:1046F00004EBC40000EB04102A4949688900B0FBB0
:10470000F1F004EBC40101EB0411264A5268920057
:10471000B1FBF2F16422B1FBF2F101EBC10202EB59
:104720000111A0EB8100322101EB00106421B0FBEC
:10473000F1F000F0F00004EBC40101EB0411194AA0
:1047400052689200B1FBF2F16422B1FBF2F100EB8E
:10475000011104EBC40000EB0410124A52689200ED
:10476000B0FBF2F004EBC40202EB04120D4B5B68E9
:104770009B00B2FBF3F26423B2FBF3F202EBC20341
:1047800003EB0212A0EB8200322202EB0010642243
:10479000B0FBF2F000F00F0008440249096888609D
:1047A000BDE8F081D82700202DE9FC5FC6480078DD
:1047B000002872D0C5480078022806D003286FD0A0
:1047C00004286CD0CA2867D173E1C048007B8028D8
:1047D00062D10024BD4840780443BC48807844EA54
:1047E0008014BA48C07844EA0034B848007944EAF2
:1047F00080440025B54840790543B448807945EAAE
:1048000080150026B148C6790027077A4FF00008C6
:1048100090F809804FF0000990F80A9090F80BA0EA
:10482000AB48844201D3012000E00020A9498C421A
:1048300001D8012100E00021084040F6E4418D420A
:1048400001DC012100E000210840BAF1070F01DC82
:10485000012100E000210840E8B1204600F098FD69
:10486000284601F05FFE3946304600F0E5FA494639
:10487000404600F0EFFA06F03F009749C87107F094
:104880003F00087208F00F00487209F00F008872AC
:10489000504601F06DF900BF0EE113E100E012E0B7
:1048A0008A48807880280DD188484078012803D133
:1048B0008A48FDF7C3FC05E084484078022801D10E
:1048C000FDF7F8FCF8E08148C07D80287ED1022009
:1048D0008349087000267D48807806437B48C0786D
:1048E00046EA80167948007946EA003677484079EA
:1048F00046EA80464FF000087448807940EA08088C
:104900007248C07948EA80184FF000096F4890F863
:1049100008904FF0000A90F809A04FF0000B90F8B3
:104920000AB0002001906948C07A01906848864228
:1049300001D3012000E0002066498E4201D8012108
:1049400000E00021084040F6E441884501DC0121F7
:1049500000E000210840D8B1304600F019FD404683
:1049600001F01CFC5146484600F066FA5846019991
:1049700000F070FA09F03F005749C8710AF03F0093
:1049800008720BF00F004872019800F00F00887257
:1049900000244E48007B04434C48407B44EA80148A
:1049A0004A48807B44EA00344848C07B44EA80445B
:1049B00000254648007C05434448407C45EA801574
:1049C0004248807C45EA0035404800E063E0C07C16
:1049D00045EA804500273D48007D07433B48407D30
:1049E00047EA80173948807D08B1012000E00020A7
:1049F000009036484078012800D100E0002034497A
:104A00008D4201D3012100E00021084031498D424F
:104A100001D8012100E0002108402D498C4201D33A
:104A2000012100E0002108402A498C4201D80121DF
:104A300000E000210840AC4201D9012100E0002142
:104A40000840862F01D3012100E00021084041F2F7
:104A5000F0418F4201D8012100E000210840C8B197
:104A6000FDF728FC284600F0F9FB1D49A1F8640079
:104A7000204600F0F3FB1A49A1F866008620B7FB38
:104A8000F0F081B21648A0F86810134900984873F6
:104A900001F0CAFB0CE00D488078802808D10B4853
:104AA0004078022804D100200B4908730120887344
:104AB00002E000F017F800BF00BFFFF7B5FC0020D0
:104AC00001490870BDE8FC9F6C00002050070020E1
:104AD000C0D70D0016881100A428002000CA9A3BF8
:104AE000DC1500202DE9F0470026002501240027D1
:104AF00046E0012C02D0022C09D103E0244846787C
:104B000002243CE0224880784500032437E0601C02
:104B100084B2802D19DC681DA0422FD1A01E81B265
:104B20004FF6FF721A4801F075F98046A01E81B257
:104B3000174801F0A1F98146C84505D1F0B22946D0
:104B400000F028F80024012718E0E81DA04215D144
:104B5000211F4FF0FF320E4801F072F98046201FEE
:104B600081B20B4801F08FF98146C84505D1F0B2FA
:104B7000294600F00FF80024012700BF00BF00BF46
:104B8000B4F5007F01D2002FB3D0BDE8F08700005C
:104B9000500700202DE9F04106460C46712E2FD01B
:104BA00004DC202E07D0702E33D124E0722E2AD0C0
:104BB000732E2ED12AE004F101084046F6F780FB5F
:104BC00005460327002006E01449C95D2954791CD5
:104BD0008FB2411C88B2A042F6DB0020285529463E
:104BE0000F48F6F73FFD01200D4981F88000284667
:104BF000F6F795FB0EE000F0C5FD00F097FC09E02C
:104C000000F034FD06E000F0ABFC03E000F084FDB2
:104C100000E000BF00BFBDE8F081000050070020A9
:104C2000B828002070B504460D460748FBF7D0FCB5
:104C30000120064981F80D0A2A4621460248FBF761
:104C4000DBFFFFF7F1FB70BDD827002050090020E3
:104C50002DE9F04780460D4616463446204604EBC3
:104C6000D0714910A4EB4101002901DD601C84B220
:104C7000E01C87B2CA20287085F80180C4F3470081
:104C8000A870601D802811DC4FF6FF723946284657
:104C900001F0C0F881463A462946484601F014F929
:104CA000601D81B22846FFF7BDFF12E04FF0FF32D2
:104CB0003946284601F0C4F81FFA80F93A462946D9
:104CC000484601F001F9E01D81B22846FFF7AAFF2E
:104CD00000BFBDE8F0872DE9F04780460D46164637
:104CE0004FF00009344604F0010020B10021E01C1F
:104CF0002954601C84B2E01C87B2CA20287085F851
:104D00000180C4F34700A870601D802812D84FF6B8
:104D1000FF723946284601F07DF882463A46294618
:104D2000504601F0D1F8601D81B22846FFF70AFC19
:104D3000814613E04FF0FF323946284601F080F8F3
:104D40001FFA80FA3A462946504601F0BDF8E01DA8
:104D500081B22846FFF7F6FB814600BF4846BDE812
:104D6000F0872DE9F04706460C4604F10808404656
:104D7000F6F7A6FA05460327002005E0315CE95561
:104D8000791C8FB2411C88B2A042F7DB224629462B
:104D90002020FFF7A0FF81462846F6F7C0FA4846D4
:104DA000BDE8F08700B585B0002001900290039027
:104DB000049000BF1D48806940F010001B498861C5
:104DC0000846806900F01000009000BF00BF4FF45B
:104DD0007C400190012002900220049001A9144817
:104DE000F9F7A6FE00BF1148806940F008000F499E
:104DF00088610846806900F00800009000BF00BF8D
:104E00004FF470700190012002900220049001A9DB
:104E10000848F9F78DFE0021084600F00DF8002142
:104E2000084600F017F805B000BD00000010024071
:104E300000100140000C014030B505460C462146EB
:104E4000284600F027F802480574447430BD00007D
:104E5000A428002010B500220C4B1B78012B01D197
:104E6000024600E00A460A4B1B6823F47073084CA4
:104E7000236023461B6802F00F0443EA8413044CAA
:104E80002360024B9874D97410BD0000A428002040
:104E90000C0C014010B5024600200F4B1B78012B73
:104EA00002D15306180E01E04B06180E00F03E0327
:104EB000002B01DD40F00100084BDB6823F47C434C
:104EC000064CE3602346DB6800F03F0443EA84239A
:104ED000024CE36010BD0000A42800200010014037
:104EE000FEB504460D4600262146684600F01CFE2D
:104EF0009DF80000012801D0012615E0F9F7AAFD70
:104F000000200A49086001988860012000EBD52044
:104F1000C86002A90548F9F7DDFC10B1F9F732FDC8
:104F2000C6B2F9F735FD00263046FEBDC813002095
:104F300030B500BF048821F8024B012A02D0022AB2
:104F400004D101E0001D03E0083001E0801C00BF37
:104F500000BF1C1EA3F10105ABB2EBD130BD10B5F3
:104F60000B46002103E004785C54401C491C91422C
:104F7000F9D310BD2DE9F04706460C4617461D46ED
:104F80004FF00008C1462B463A4621463046FFF70F
:104F9000CFFF691E0022204600F052FF1FFA80F961
:104FA000681E34F81000484501D14FF00108404612
:104FB000BDE8F0872DE9FE4F06460D4617461C4614
:104FC0004FF0000AD346D0463146684600F0ACFDAB
:104FD0009DF80000012802D04FF0010A5CE0012F8B
:104FE00004D0022F07D0032F1ED109E04FF0040890
:104FF0004FF0020B1DE04FF008084FF0030B18E0D4
:10500000214604EBD172C2F34F0004EBD17252106F
:10501000A4EB4202002A01DD411C88B204464FF095
:1050200002084FF0010B04E04FF002084FF0010BB3
:1050300000BF00BFF9F70EFD002019490860019874
:10504000886008FB04F0012101EBD0201449C860FE
:1050500002A91348F9F73EFC18B1F9F793FC00F0E8
:10506000FF0A4FF0000913E0B5F800C062460023C4
:1050700058460199F9F796FC10B14FF0010A05E086
:10508000AD1C0198404401904FF0000A09F101095C
:10509000A145E9DBF9F77CFC5046BDE8FE8F000036
:1050A000A81300202DE9FF5F06460D4617461C4653
:1050B0004FF0000A0020029080463146684600F01A
:1050C00033FD611E0022284600F0BAFE1FFA80FB65
:1050D000601E25F810B09DF80000012802D04FF0A6
:1050E000010A5CE0012F04D0022F07D0032F1ED14C
:1050F00009E04FF00408022002901DE04FF008087C
:105100000320029018E0214604EBD172C2F34F0055
:1051100004EBD1725210A4EB4202002A01DD411CC3
:1051200088B204464FF002080121029104E04FF0DA
:1051300002080120029000BF00BFF9F78BFC00209D
:10514000194908600198886008FB04F0012101EB0F
:10515000D0201549C86003A91348F9F7BBFB18B163
:10516000F9F710FC00F0FF0A4FF0000913E0B5F862
:1051700000C062460023DDE90110F9F713FC10B10D
:105180004FF0010A05E0AD1C0198404401904FF03A
:10519000000A09F10109A145E9DBF9F7F9FB5046DD
:1051A00004B0BDE8F09F0000B81300202DE9FE43D5
:1051B00080460E4614464FF000094146684600F00E
:1051C000B3FC9DF80000012802D04FF0010933E044
:1051D000F9F740FC00201A49086001988860012016
:1051E00000EBD420C860C4F30A0008B1601C84B28C
:1051F00002A91348F9F76EFB18B1F9F7C3FB00F0E9
:10520000FF09002514E0775D681C305C47EA002741
:105210003A46002301200199F9F7C4FB10B14FF081
:10522000010901E04FF000090198801C0190AD1CBC
:10523000A542E8DBF9F7ACFB4846BDE8FE83000079
:105240009813002070B504460D46E1B20248FDF700
:1052500020FB012070BD0000842700202DE9F14FC4
:1052600086B0164C164D4FF0000ADFF858B00021FA
:105270001548CDE90410069802F0CCFF804652464E
:105280005B4603F0CBF9064622462B4602F024FE8D
:10529000CDE90001DDE9042303F0CEF8CDE90201F8
:1052A000DDE9020102F03EFD074600F023FE06465E
:1052B00003F000FB80B207B0BDE8F08F677FA0DC91
:1052C000B68D5C40449329410000A94000B50249D5
:1052D000088B00F003F800BDD813002001464FF4FE
:1052E0007A7048430A22B0FBF2F0704710B5FBF722
:1052F000F5FE00200A490883C861C88214210848C5
:10530000F6F75CFA00200649C88281F8220081F88D
:105310002E0081F82F000348FAF79AFE10BD000016
:10532000D81300204C15002016480088401C154951
:105330000880084600880A2823DB13480068406A72
:105340001249C88200201049096848620F48C08A83
:105350000E49097D0D4A22F811001046007D401CBF
:10536000114608750846007D0A2190FBF1F201FB09
:10537000120006490875012081F822000020014929
:10538000088070476E0000204C150020D8130020C4
:1053900010B5044604EB840040004FF47A71B0FB72
:1053A000F1F01049888408468462886AFFF756FF46
:1053B0000C498885012081F82E000B48C07B01280C
:1053C00003D1002081F82F0003E00120054981F876
:1053D0002F000448828D012304491846FDF7EEFB97
:1053E00010BD0000D8130020A42800206400002075
:1053F00070B504460D4604EB840040004FF47A710A
:10540000B0FBF1F009498884084684628585002054
:1054100081F82E00012081F82F000846828D01239B
:1054200003491846FDF7CAFB70BD0000D8130020E1
:105430006400002070B5294890F8220068B101226C
:105440000A212648FDF76CFA24490883FFF73EFF3E
:105450002249C861002081F82200214800880028E4
:1054600004DD1F480088401E1D4908801C48008834
:10547000002832D11B48007B78BB1A48C07B60B340
:10548000FFF724FF05461548806A461B30B24F21BE
:1054900090FBF1F004B2032C01DD032404E014F1CD
:1054A000030F01DA6FF002047CB10C48808D001B01
:1054B0000A498885002081F82F000846828D012343
:1054C00009491846FDF77AFB03E00120034981F8FA
:1054D0002F0064200249088000BF70BDD81300204F
:1054E00070000020A428002064000020F0B50446CD
:1054F0000026002504B917E009B9002614E0B3F529
:10550000006F01DD00260FE0002002FB03F7BDB2B3
:1055100006E00F5C05EB000C04F80C70471CB8B2F9
:105520009842F6DB012600BF3046F0BD10B52220C0
:10553000074948700321074800F09EFC0449488051
:105540000020054908600549C87000F077F910BDD2
:10555000E200002050070020F0000020DD000020C5
:105560002DE9F84FDFF8C8904F4602253148B0F8D2
:1055700002A00021384600F095FC83460021F2206D
:1055800000F07CF900242DE09CB92BA0006800906D
:105590004FF0FF320421684600F052FC06463246C6
:1055A00040F2FC71381D00F04BFC064659F824808F
:1055B0000AE007EBC4204FF0FF324FF4006100F027
:1055C0003FFC064659F82480464500D00A25022DA6
:1055D00001D1012000E003200146F22000F04EF945
:1055E000601C84B2544501DA012000E00020022D45
:1055F00001D1012100E0002108400028C4D1022D82
:1056000003D10EA000F078FF02E011A000F074FFBB
:10561000022D01D1022000E003200146F22000F01B
:105620002DF91148007808B9FBF75CFBBDE8F88F4D
:1056300000D00308E2000020FFFFFFFF56657269FB
:105640006669636174696F6E20646F6E650D00003A
:10565000566572696669636174696F6E2066616917
:105660006C65640D00000000F400002010B5214CB2
:105670000321A01F00F000FC1F4908800521A01F86
:1056800000F01FFC1C4988700846C0788A78012108
:10569000914008431849C870084682784FF48073D7
:1056A00021461648FFF722FF0120134908710846DA
:1056B000C078FF2818D108460088C00200F5743170
:1056C0000E4800F06BF978B902200B4908710C48BC
:1056D00001680CA000F010FF09480068401C084950
:1056E000086000200449C8700349087900F0F0F808
:1056F00010BD000056070020DD00002039290020E1
:10570000F0000020504147452025642077726974DD
:1057100074656E0D0000000010B501200E49087080
:105720000E48008848802220487000F051FD0A4948
:10573000C1F80600082088720B22094800F0E6F83C
:105740000121F32000F09AF806A000F0D5FE012018
:105750000B49087010BD0000E2000020F00000209E
:1057600000280708526573746172742061626F7556
:105770007420746F2068617070656E0D0000000009
:10578000F40000200120014988807047E2000020D9
:105790002DE9F04385B005460C4616460027B8466D
:1057A0004FF001092348854202D32348854202D99C
:1057B0004FF001093AE014B94FF0010936E0B01C8E
:1057C00082B269462846FFF7CAFB4FF6FF723146A0
:1057D000684600F01FFB80463146684600F04CFBEF
:1057E00007464FF6FF70874200D1B846B8451BD137
:1057F0009DF8000020709DF801006070022168464D
:1058000000F03AFB60800421684600F035FBA08080
:105810000621684600F037FBC4F806009DF80A0030
:10582000A0724FF0000901E04FF00309484605B0AF
:10583000BDE8F08300880008FFFF070810B50322C9
:105840000B490C48007800F053FB0B498888042270
:10585000074900F039FB00F0BBFC0446062204496E
:1058600000F038FB08220249F020FFF734FA10BD9F
:1058700050050020DC000020E200002070B5044646
:105880000D460026F42C1DD00A2D1BD0F22C0CD175
:1058900003220D49284600F02BFB0C4908880422FE
:1058A000094900F011FB042607E0F32C05D103227F
:1058B0000549284600F01CFB0226324602492046D4
:1058C000FFF709FA70BD000050050020DD00002040
:1058D00010B504460B49088803220B4900F0F4FA7E
:1058E000084988780522084900F002FB062206498B
:1058F000204600F0FDFA04220349F120FFF7EBF9FE
:1059000010BD0000DD000020500500202DE9F04111
:1059100086B005460C46164601274FF000081D4884
:10592000854202D31C48854201D901272EE00CB9DB
:1059300001272BE020788DF8040060788DF80500B1
:105940006088022201A900F0BFFAA088042201A900
:1059500000F0BAFAD4F80600062201A900F0BAFA5B
:10596000A07A8DF80E004FF6FF72314601A800F0C4
:1059700051FA80460B2201A9404600F0A5FAB01C5E
:1059800082B201A92846FFF711FC0027384606B06D
:10599000BDE8F08100880008FFFF070870B50446E5
:1059A0000D46012654B1B5F5002F07D205F1006070
:1059B000F2022146FFF7FAFB00B90026304670BD1F
:1059C0002DE9FC5F80464FF0000BDFF8C0904E469B
:1059D0004FF0020A0021304600F064FA01900024E2
:1059E00025E09CB92AA0006800904FF0FF32042106
:1059F000684600F025FA05462A4640F2FC71301D43
:105A000000F01EFA054659F824700AE006EBC4209F
:105A10004FF0FF324FF4006100F012FA054659F8DA
:105A20002470BD4201D04FF0030A601C84B244458B
:105A300001DA012000E00020BAF1020F01D10121BA
:105A400000E0002108400028CBD1BAF1020F0DD1AF
:105A50004FF0010B0F480078012803D10EA000F091
:105A60004BFD10E015A000F047FD0CE04FF0000BDF
:105A700008480078012803D119A000F03DFD02E09C
:105A800020A000F039FD5846BDE8FC9F00D0030877
:105A9000FFFFFFFFA42800204350553120666972A4
:105AA0006D776172652056657269666963617469B4
:105AB0006F6E20646F6E650D00000000435055321C
:105AC000206669726D7761726520566572696669D4
:105AD000636174696F6E20646F6E650D0000000075
:105AE00043505531206669726D7761726520566545
:105AF00072696669636174696F6E206661696C655D
:105B0000640D000043505532206669726D776172F2
:105B10006520566572696669636174696F6E206697
:105B200061696C65640D00000CB500228DF80020E1
:105B300001920A4A914207D3094A914204D20122B2
:105B40008DF80020019103E000228DF800200191E2
:105B5000DDE90023C0E900230CBD00000088000837
:105B6000FFFF07080148007870470000740000201C
:105B700010B50446554856490860002154488160D4
:105B8000FAF7C8F908B1F7F7FEFB44B951480470B9
:105B900047204F494860FA214D48C16089E0012CF7
:105BA00009D14C4804704720494948604FF47A7144
:105BB0004748C1607DE0022C09D146480470472067
:105BC000434948604FF47A614148C16071E0032C59
:105BD00009D14048047047F27F003D494860642184
:105BE0003B48C16065E0042C0AD13A48047047F292
:105BF0007F003749486040F6C4113548C16058E01D
:105C0000052C0AD13348047047F27F0030494860C0
:105C100041F288312E48C1604BE0062C0AD12D4854
:105C2000047047F27F002A49486046F2A8112848CC
:105C3000C1603EE0072C0AD1264804704EF2FF00F6
:105C40002349486049F27C212148C16031E0082C99
:105C500009D12048047047201D4948604FF4FA716B
:105C60001B48C16025E0092C09D11A4804705F2047
:105C7000174948604FF47A711548C16019E00A2C41
:105C800009D1144804704720114948604FF4FA6163
:105C90000F48C1600DE00B2C0AD10E48047040F291
:105CA000CF200B4948604FF47A710948C16000E089
:105CB00010BD002106480161416180218161FAF730
:105CC00029F908B1F7F75FFB00BFF1E700340140A5
:105CD000941500207400002002480349097850F808
:105CE00021007047780000207400002038B5F9F7D3
:105CF0000DF9FBF78BFCFBF7D1F800F081F800F011
:105D000043FAFBF77FF9FCF7FBF9FFF74BF80320A9
:105D1000FFF72EFF00F060FAFFF7E8FAFEF764FCE9
:105D2000FCF7AEFFFCF7F0FE012340F6980227498E
:105D30000020FCF743FF00F017F9044614B924488B
:105D4000FFF726FB0B2223492348FFF721FDFFF72E
:105D5000CDFA1B20214B224A22490090224801F013
:105D6000F9FAFCF78DFFFAF7A3FF20A000F0C4FBBF
:105D70001EE0FCF72BFEFCF7A3FFFEF715FDFCF77A
:105D800031FDFEF711FDFCF7A1FAFFF753FB00F020
:105D9000AFF900F06DFAFCF731FE134801F030FF67
:105DA000114800F0F3FB1448007808B9FAF79AFF9D
:105DB000124800781128DCD002E00B4801F0E8FB23
:105DC0000E4800782228F8D0002038BD640000205A
:105DD000AADD0E00E200002000280708CE1A0020ED
:105DE000C41600206C160020481600204150502098
:105DF0005354415254530D00F4000020D5000020AC
:105E000000200349C8800A2088800020087270475B
:105E10002405002070B503460C46002010460021E2
:105E200009E05D5C4540EDB2044E36F8155085EA58
:105E300020204D1CA9B2A142F3DB70BD448F0108A4
:105E4000F0B503460C461546002100220026002727
:105E5000E94300BF09E09E5C81EA0600C7B205483D
:105E600050F8270080EA1121521CA242F3D3C84304
:105E7000F0BD0000448B01080246535C18024B1C25
:105E8000D35C184370470246535C18064B1CD35C26
:105E900040EA03408B1CD35C40EA0320CB1CD35C5C
:105EA000184370470246505C4B1CD35C40EA032009
:105EB0008B1CD35C40EA0340CB1CD35C40EA0360FC
:105EC00070470246505C704710B503128B54531C48
:105ED000C85410BD10B5030E8B54C0F30744531CB7
:105EE000CC54C0F30724931CCC54D31CC85410BD0D
:105EF0008854704770B5054602F046FD04460146D9
:105F0000284602F071FD15F0004F4FF07F410ED092
:105F1000B0F13F4F28BFB1EB400F0ED2B0F17C5F24
:105F20001DDDB1EB400F1AD313E0044617E0B0F1CA
:105F30003F4F08D9B1EB400F05D34FF07E512046BB
:105F400002F052FDF1E7B0F17C5F08DBB1EB400FEE
:105F500005D34FF07E51204602F04AFCE5E7284683
:105F600064F31E0070BD00007FB5102269462D4805
:105F7000FEF7F5FF00220C216846FFF761FF04469B
:105F80000C216846FFF77FFF0546AC4248D100214F
:105F90006846FFF778FF2449086004216846FFF748
:105FA0006BFF2149888006216846FFF78AFF1E495A
:105FB000887107216846FFF784FF1B49C8710821D3
:105FC0006846FFF77EFF08B1012000E00020164977
:105FD000087209216846FFF74FFF1349A1F809002D
:105FE0000B216846FFF76DFF0F49C8720A46B2F8E9
:105FF00009101068FFF7FCF90B49888800F092FA45
:10600000094AD1799079FEF717FF0748007A0749C6
:10601000C8730549C87AFFF7ABFD012004B070BD15
:106020000020FBE700A8070820010020A42800208A
:106030001FB52B48806A2B4908602B48B0F8010037
:1060400088802948007C88712748407CC871264890
:10605000C07B0872FFF786FD2249C87208680022DB
:106060006946FFF737FF1F49888804226946FFF712
:106070002BFF1C49887906226946FFF739FF194929
:10608000C87907226946FFF733FF1649087A0822C4
:106090006946FFF72DFF1349B1F809000922694647
:1060A000FFF712FF0F49C87A0B226946FFF720FF5E
:1060B00000220C216846FFF7C3FE04460C22694605
:1060C0002046FFF707FF1023032269460748FEF723
:1060D00071FF10B9012004B010BD0020FBE70000E3
:1060E000D813002020010020A428002000A80708C1
:1060F00010B50C4890F82F00012812D1094890F8EB
:106100002E0001280DD10748808D0749A1F809000C
:10611000FFF78EFF0020034981F82E0003A000F056
:10612000EBF910BDD81300202001002066726571C4
:1061300020726567756C617465640D002DE9F0412E
:1061400006460F4602F084F9041E0D4618BF0120D2
:10615000284320F00040C0F17F6000F1E040C00F14
:106160000ED0301C18BF0120384320F00040C0F191
:106170007F6000F1E040C00F04BF0120F5F7A3FBF2
:1061800020462946BDE8F08100B500F019F8024923
:1061900008700120C87300BDA428002010B5044673
:1061A0000548A0F80140B0F8012001230349184632
:1061B000FCF704FD10BD0000A428002064000020AE
:1061C00002480068C0F3800070470000080C0140DE
:1061D0004BF6E1407047000040F60C001049A1F872
:1061E0006400C820A1F866000120A1F86800002022
:1061F0000C49887348730A48B0F864000849B1F83C
:106200006610401A0649B1F8681090FBF1F0044995
:10621000A1F862000020087002490873704700006E
:10622000DC150020A428002010B500200E49A1F89C
:10623000600048700846B0F86400B1F86610401A73
:106240000949B1F8681090FBF1F00749A1F8620024
:1062500000F028F90020044981F85A000120034980
:106260000873887310BD0000DC150020A4280020EE
:106270007FB57448007B00287ED073484078401C6E
:1062800071494870084640780A2801D1012000E091
:1062900000206C49497B09B9012100E00021084335
:1062A00000286AD06748407BF0B3674890F85A10DE
:1062B0000A3000EBC10065490A6802604968416024
:1062C000614890F85A00401C5F4981F85A0008461E
:1062D00090F85A000A2190FBF1F201FB12005A4992
:1062E00081F85A0004220A2157480A30FCF718FBAB
:1062F0005549488004220A2153480C30FCF710FB12
:106300005149888004220A214F480E30FCF708FBCF
:106310004D49C88004220A214B481030FCF700FB8D
:10632000494908814A4800E003E0008BA1F85E007B
:1063300014E046480088444948804448418842481F
:106340008180424881884048C1804048C1883E4899
:1063500001813F48C08A3C49A1F85E003A49B1F842
:106360005E00FEF7BBFF044637480078C0B93648E8
:1063700000893549C98801E057E062E0324A9288D5
:10638000314B5B88CDE90032CDE902102E48B0F8E0
:106390005C20B0F8601023462EA000F0ADF82AE093
:1063A00029480078012811D1274800892649C98841
:1063B000254A9288CDE90021029023484388B0F80D
:1063C0005C10224630A000F097F814E01E480078D8
:1063D000022810D1314840881B49B1F860100022D2
:1063E000194DCDE90042CDE902102B89EA88A98830
:1063F0006888FEF7FDF81448B0F86000401C1249A8
:10640000A1F860000846B0F86000B1F86210884258
:1064100005D100200B4908730120887304E000F0C7
:1064200041F80020084948700BE00648807B40B1E5
:106430000020044988731A4AB2F809101068FEF760
:10644000D7FF7FBDA4280020DC15002028000020F5
:10645000D8130020202025346420646163313D2559
:1064600034642C20663D2534642075313D25346428
:106470002075323D2534642069313D25346420691E
:10648000323D2534640D000025643B25643B2564C2
:106490003B25643B25643B25640D00002C01002056
:1064A0002001002010B50B48B0F864000949B1F88C
:1064B0006010084AB2F8682001FB12000549A1F8F3
:1064C0005C000A46B2F85C10B2F85E00FEF790FF7E
:1064D00010BD0000DC15002006480088401E05495C
:1064E00008800846008820B9012088704FF47A702F
:1064F00008807047A80000200FB410B59AB01DA8FE
:10650000009001A8009A1C99F4F744FF84B2214638
:1065100001A8FCF7C9FB002000901AB010BC5DF880
:1065200014FB000070B504460A48A0F80140A4F529
:1065300098508838084948430849B0FBF1F040F6C4
:10654000B8310D1AAAB2012305490020FCF736FB29
:1065500070BD0000A428002040420F0055581400D0
:10656000640000200648008840F6B831081A054942
:1065700048430549B0FBF1F041F2883108447047C7
:10658000640000205558140040420F003EB50446F8
:10659000002502221221204601F0AAFA12480078B2
:1065A000012805D10B2211491148FFF7F1F804E049
:1065B0000B2210490E48FFF7EBF812200021009142
:1065C0000B460A46CDE901100921204601F0FAFAEE
:1065D000012806D1204600F046F8012802D1012505
:1065E00000E0002528463EBDA4280020EC2600201F
:1065F00000280708F7260020F0B50446059D002076
:106600008CB181B10DE02BB946198E5D2654461C24
:10661000B0B206E0012B04D10E5C4719E655461CCA
:10662000B0B29042EFDBF0BD3EB5044600251B2022
:10663000002100910B460A46CDE901100B212046AE
:1066400001F0C0FA01280BD1204600F00CF8012817
:1066500007D1012502221B21204601F049FA00E062
:10666000002528463EBD2DE9F84F05464FF00008AD
:10667000002600270024A1460020009089E0B8F100
:10668000000F06D0B8F1010F08D0B8F1020F78D191
:106690000CE0686807784FF0010879E0012168682C
:1066A000FFF7EAFB04464FF0020871E0384600F0BD
:1066B00003FF00285FD0204600F0BCFE00285AD01F
:1066C000701C86B20A2C22DAB4424BD1A21E91B2BF
:1066D0006868FFF7D1FB8246A21E91B24FF6FF72A7
:1066E0006868FFF797FB8346D3450AD139462846A9
:1066F00000F056F820B14FF001090026012000906B
:1067000046E04FF0010900260020009040E0B4422E
:1067100028D14FF0000AD346221F91B26868FFF7D4
:10672000B2FB8246211F4FF0FF326868FFF788FBFB
:106730008346D34510D13946284600F031F828B1B8
:106740004FF0010900260120009004E04FF00109FC
:106750000026002000901BE04FF0010900260020D9
:10676000009015E0A6420BDD4FF001090026002045
:10677000009005E005E04FF00109002600200090A0
:1067800006E04FF001094FF000080020009000BF24
:1067900000BFB9F1000F3FF472AF0098BDE8F88F69
:1067A0002DE9F04104460D4600262946204601F019
:1067B000C5F928460E2D7DD008DCA0F1090005287A
:1067C00079D2DFE800F028103246A1001D2873D0EE
:1067D00004DC112871D01C286DD1C9E01E286DD0B1
:1067E0001F28F9D1BFE09D480078012809D19C48B5
:1067F000007803280ED19A4800789A49087001263B
:1068000008E097480078022804D195480078964916
:10681000087001261DE100F063FF20B100F02AFF9F
:1068200010B1012600E0002613E1204600F098FF99
:10683000204600F003FF204600F0F0FE204600F066
:1068400085FF204600F00EFF204600F09DFF012648
:10685000FFE06068871D03216068FFF70DFB834937
:1068600008806068407988700846C0788A7801217D
:10687000914008437D49C870084600887C490988D2
:10688000884240D1794880787A49097888423AD15B
:10689000764882784FF4806339467748FEF726FEC3
:1068A00001280ED17148C07803280EDA22206F49E2
:1068B000087104E037E0CBE0A9E04FE0B2E0012648
:1068C00003E02F206949087100266848C078032832
:1068D00019D166480088C00200F574316648FFF798
:1068E0005DF860B900206149C87064480088401CA8
:1068F0006249088033205D490871012603E00026C3
:106900003F205A490871A4E05C480088FFF758F816
:1069100020B94F2055490871002603E0442053490F
:106920000871012695E056484088564948805448E9
:106930008088888022204870012008705048D0F854
:106940000600C1F80600092088720B224E48FEF7A7
:10695000DDFF55204549087101267AE001204B49A9
:106960000870012675E0002048490870002670E094
:106970003A480078012849D103216068FFF77CFA82
:106980004349088060684079887060688079087140
:10699000084600883F490988884237D13C488078BA
:1069A0003D490978884231D139480079222802D0FE
:1069B000332828D10FE03648807830B90120374994
:1069C000087000203649087004E000203349087040
:1069D0003349087018E02E488078012812D1002031
:1069E0002E49087001202E49087029480088401C53
:1069F0002C490988884204D101202B4908702B4971
:106A00000870012600E000BF00BF012621E0144805
:106A10000078442804D1022024490870012600E0AF
:106A2000002616E00E48007855280FD12220144980
:106A3000487001200870092088720B221248FEF766
:106A400065FF002019490870012600E0002600E0DB
:106A500000BF00BF3046BDE8F0810000A428002040
:106A6000CE000020D0000020CF000020C600002073
:106A7000B6000020B8000020D81E0020BA00002078
:106A8000EC260020F726002000280708CD00002073
:106A9000C0000020B2000020B4000020BC00002094
:106AA000BD000020B0000020BE000020CC0000206F
:106AB0002DE9FE4F81464FF0000A002400270025F3
:106AC000A04600265A48007801285FD158E00222EB
:106AD0000521484601F00CF80520002100910B46E5
:106AE0000A46CDE901100E21484601F06BF8064632
:106AF00006B100272FE00520F7F7D8FE0122092173
:106B0000484600F0F5FF0920002100910B460A4697
:106B1000CDE901101121484600F03EFE092148460A
:106B200000F0DAFF0646A6B14846FFF79CFD0128B3
:106B300001D101270DE00520F7F7B8FE092000215B
:106B400000910B460A46CDE901101F21484601F08D
:106B500039F8601CC4B20FB9052CCCD377B100272B
:106B600000244FF0010833A0FFF7C6FC3AA0FFF75E
:106B7000C3FC012041490870824606E0681CC5B28A
:106B8000B8F1000F01D1052DA1D34EE047E002225C
:106B90000521484600F0ACFF0521484600F09CFF67
:106BA000064646B14846FFF75EFD012803D10020A6
:106BB00033490870002417E001220921484600F0FB
:106BC00097FF06212F48007900221346CDE90020C7
:106BD00002911E21484600F0F5FF064616B14846D0
:106BE000FFF741FD601CC4B22548007808B9052CA8
:106BF000E2D32348007880B10020214908700024A6
:106C00004FF0010820A0FFF777FC27A0FFF774FCE6
:106C100001201A490870824606E0681CC5B2B8F126
:106C2000000F01D1052DB2D300BF5046BDE8FE8F45
:106C3000A4280020435055313A2043505532206655
:106C400069726D7761726520757064617465206426
:106C50006F6E650D00000000435055313A204578B5
:106C60006974696E67206669726D776172652075F7
:106C70007064617465206D6F64650D00F400002020
:106C8000CD000020C6000020435055323A2046690E
:106C9000726D776172652075706461746520636FD1
:106CA0006D706C6574650D00435055323A2045781F
:106CB0006974696E67206669726D776172652075A7
:106CC0007064617465206D6F64650D002DE9FE4F81
:106CD00081464FF0000A002400270025A046002628
:106CE00064480078012873D16BE0022205214846F0
:106CF00000F0FEFE0520002100910B460A46CDE97A
:106D000001100D21484600F05DFF06460EB1002738
:106D100000243FE00520F7F7C9FD0122092148467C
:106D200000F0E6FE0920002100910B460A46CDE95D
:106D300001101F21484600F02FFD0921484600F0B0
:106D4000CBFE064626B34846FFF78DFC012811D13D
:106D50000520F7F7ABFD0920002100910B460A46FC
:106D6000CDE901101121484600F02CFF01280FD178
:106D700001270DE00520F7F799FD0920002100917A
:106D80000B460A46CDE901101F21484600F01AFFC4
:106D9000601CC4B20FB9052CBCD367B10027002416
:106DA0004FF0010834A0FFF7A7FB3CA0FFF7A4FBBE
:106DB0004FF0010A0AE0681CC5B2052C01D100277A
:106DC0000024B8F1000F01D1052D8ED34EE0FFE76E
:106DD00046E002220521484600F08AFE0521484689
:106DE00000F07AFE064646B14846FFF73CFC012813
:106DF00003D1002031490870002417E00122092145
:106E0000484600F075FE06212D4800790022134601
:106E1000CDE9002002911D21484600F0D3FE064630
:106E200016B14846FFF71FFC601CC4B22348007827
:106E300008B9052CE2D32148007858B100201F4939
:106E4000087000244FF001081EA0FFF755FB4FF01B
:106E5000010A0AE0681CC5B2052C01D100270024F4
:106E6000B8F1000F01D1052DB3D300BF5046BDE8E6
:106E7000FE8F0000A4280020435055313A2056656B
:106E800072696679696E672043505532206669726F
:106E90006D7761726520646F6E650D0043505531EA
:106EA0003A20526573746172742061626F75742048
:106EB000746F2068617070656E0D0000CD00002059
:106EC000C6000020435055323A20526573746172F7
:106ED000742061626F757420746F206861707065D2
:106EE0006E0D00002DE9FE4F82464FF0000BD84694
:106EF0000025BC4F0026A946BB484088BB490880F6
:106F00000024BB480078012870D1A6E0B948007879
:106F10006F281CD1022240F20A41504600F0E8FDE1
:106F200040F20A400021B44A1278CDE900210290D3
:106F3000B24803883A460C21504600F043FE05460D
:106F40002DB16620AB4908704FF000090024A94814
:106F5000007866283CD136E00520F7F7A7FC01222F
:106F60000921504600F0C4FD0920002100910B4684
:106F70000A46CDE901101121504600F00DFC09210F
:106F8000504600F0A9FD0546DDB15046FFF76BFB0A
:106F9000012805D16620974908704FF0010910E0DB
:106FA0000520F7F783FC09200021934A1278CDE9E8
:106FB00000210290914803880A461F21504600F0A4
:106FC00001FE601CC4B2B9F1000F01D1052CC3D37E
:106FD000B9F1000F25D08A48007840B107F58067E5
:106FE00085480078401C8449087013E056E08548C5
:106FF000007878B100208049087007F5806782A08A
:10700000FFF77AFA7D480088401C7C490880002000
:107010007B4908704FF0000900246F207549087003
:1070200009E0052C01D1701CC6B26F2071490870AF
:107030004FF000090024714800886C490988884293
:1070400008D172A0FFF758FA78A0FFF755FA4FF071
:107050000108C3460520F7F729FC68480088634902
:107060000988884206DA6148008800EB8000B04257
:107070003FF64CAFB8F1000F0FD1774800782228C7
:10708000FAD176A0FFF738FA7DA0FFF735FA112084
:1070900071490870012083490870A0E07FE08248B0
:1070A00000788F2818D1022240F20A41504600F0A1
:1070B0001FFD40F20A41504600F00EFD05465DB14D
:1070C0005046FFF7D0FA012806D18820764908708B
:1070D000002076490870002473480078882820D161
:1070E0001AE001220921504600F002FD09227048F1
:1070F00000796F498978CDE9010200916C480388D5
:1071000000221C21504600F05DFD054615B1504699
:10711000FFF7A9FA601CC4B26448007808B9052CCE
:10712000DFD36248007800B361480079222805D196
:1071300060480078401C5F4908700EE05C480079A8
:1071400033280AD130A0FFF7D7F900205949087039
:1071500059480088401C584908808F2052490870BF
:1071600000205249087000240AE0052C01D1701C4F
:10717000C6B28F204C49087000204C49087000248A
:107180004E48008819490988884208D14CA0FFF769
:10719000B3F951A0FFF7B0F94FF00108C3464648D4
:1071A000008812490988884206DA1048008800EBF6
:1071B0008000B0423FF673AFB8F1000F0FD1264800
:1071C000007822280BD14EA0FFF796F958A0FFF7C0
:1071D00093F911202049087001203249087058465F
:1071E000BDE8FE8F00D00308EC260020B000002090
:1071F000A4280020D1000020B4000020B20000200C
:10720000BC000020BD0000202A0000004350553182
:107210003A204E65772041707020636F6D706C6509
:1072200074656C792073656E740D000043505531A0
:107230003A205374617274696E672043505532204E
:107240006669726D776172652076657269666963D9
:107250006174696F6E0D0000D500002043505531F8
:107260003A2055706461746520636F756C646E2795
:107270007420626520706572666F726D65640D00C2
:10728000435055313A20426F74682043505520775F
:10729000696C6C20626520726573746172746564D8
:1072A0000D000000F4000020D3000020CD000020DD
:1072B000C6000020B8000020B6000020BA00002060
:1072C0000D435055323A204E65772041707020733F
:1072D000746F7265640D0000435055323A20537448
:1072E000617274696E67206669726D77617265207C
:1072F000766572696669636174696F6E0D0000007E
:107300000D435055323A204669726D77617265209F
:1073100075706461746520636F756C646E2774208A
:10732000626520706572666F726D65640D000000A5
:10733000435055323A20426F7468204350552077AD
:10734000696C6C2062652072657374617274656427
:107350000D0000002DE9F0410446884615461E4602
:10736000069F40F20A4087424FD8002D4DD0002E94
:107370004BD0F9F711FEC4F800806560A6600020CC
:10738000A0742782E081082084F82000022084F87D
:107390002100002060611E480078012819D1206872
:1073A0000068006820F040002168096808602068D3
:1073B0000068406840F0E0002168096848601448AF
:1073C000E0611448A061012211031348F7F750FD52
:1073D0001BE020680068006840F48070216809683C
:1073E000086020680068006820F040002168096893
:1073F000086020680068406840F0E0002168096883
:1074000048600448E0610248A061BDE8F0810000E6
:10741000A4280020D8260020000C014010B50B46FF
:1074200038B1002102E043544C1C21B29142FADBF6
:1074300000BF10BD0146002012290DD006DC052931
:1074400028D006290FD0092932D12AE01B2911D0D2
:10745000A1F20A4262BB14E0122901D1012200E02C
:107460000022104626E0062901D1012200E0002278
:1074700010461FE01B2901D1012200E00022104626
:1074800018E040F20A42914201D1012200E00022BC
:1074900010460FE0052901D1012200E0002210462C
:1074A00008E0092901D1012200E00022104601E094
:1074B000002000BF00BF7047014600200E2947D0C2
:1074C00008DCA1F10902052A5ED2DFE802F0251EE0
:1074D0002C333A001D2949D004DC112907D01C297E
:1074E00052D13CE01E2948D01F294DD106E0112978
:1074F00001D1012200E00022104647E01F2901D1FE
:10750000012200E00022104640E00A2901D10122B8
:1075100000E00022104639E0092901D1012200E0F3
:107520000022104632E00B2901D1012200E00022A6
:1075300010462BE00C2901D1012200E00022104668
:1075400024E00D2901D1012200E0002210461DE0B7
:107550000E2901D1012200E00022104616E01C296C
:1075600001D1012200E0002210460FE01D2901D1C7
:10757000012200E00022104608E01E2901D101226C
:1075800000E00022104601E0002000BF00BF70476D
:1075900010B504461748007820B1012812D00228FF
:1075A00025D118E014A0FEF7A7FF2046FFF79AFCAC
:1075B000012806D10F4908701648007808B9F9F774
:1075C00091FB15E02046FFF781FB012802D1022044
:1075D000084908700CE02046FFF76AFA012805D137
:1075E00011200D49087001200A49087000E000BF11
:1075F00000BF10BDCC000020435055312075706491
:1076000061746520435055323A2073746172740D71
:1076100000000000F4000020D500002058B1064909
:107620000978012907D0C169097C8169097CC16990
:10763000497C8169497C7047A4280020002180B1E1
:10764000C269D2798369DB799A4200D108E0C269C4
:10765000127A83691B7A9A4201D1002100E001214C
:1076600000BF704728B1C169B1F805108169B1F850
:107670000510704710B500241348007820B90B227C
:1076800012491348FEF784F81248D0F806000F4953
:10769000D1F80610884207D022200F490870002038
:1076A0000E49087000240CE00A48807A082807D1A7
:1076B000222009490870002008490870002400E0D1
:1076C0000124204610BD0000A4280020F726002039
:1076D00000280708EC260020D5000020CC00002060
:1076E00010B500241348007820B90B221249134822
:1076F000FEF74EF8124880880F498988884207D0E3
:1077000022201049087000200F49087000240FE063
:107710000B48807A082807D122200A4908700020E7
:1077200009490870002403E011200649087001246B
:10773000204610BDA4280020F726002000280708B6
:10774000EC260020D5000020CC00002038B1C16913
:10775000897C8169897CC169C97C8169C97C7047E0
:10776000002180B1C269527A83695B7A9A4200D162
:1077700008E0C269927A83699B7A9A4201D100211A
:1077800000E0012100BF704728B1C169B1F80310C2
:107790008169B1F8031070472DE9FE4F04460E468B
:1077A00090469946DDE90CBA0E9D002002900190AA
:1077B000002C7DD0FF2EFCD0BAF1FF0FF9D00022B3
:1077C0003046A168FEF794FB01222846A168FEF727
:1077D0007BFBBE48007801286BD10D2E25D008DC3C
:1077E000092E67D00A2E0DD00B2E6BD00C2E7DD11A
:1077F00099E00E2E1AD0112E26D01C2E77D01F2ED7
:10780000F5D13EE003225046A168FEF771FBAA1EA7
:1078100091B24FF6FF72A068FEF7FCFA0290AA1E22
:10782000A1680298FEF750FBD0E000BFAA1E91B2FB
:107830004FF6FF72A068FEF7EDFA0290AA1EA1684B
:107840000298FEF741FBC1E003224846A168FEF71B
:107850003BFB05225846A168FEF74AFB0622112091
:10786000A168FEF745FBAA1E91B24FF6FF72A06811
:10787000FEF7D0FA0290AA1EA1680298FEF724FB38
:10788000A4E003224846A168FEF71EFB05225846E5
:10789000A168FEF72DFB06221F20A168FEF728FB3A
:1078A000AA1E91B24FF6FF72A068FEF7B3FA02E08B
:1078B00009E18CE020E00290AA1EA1680298FEF780
:1078C00003FB83E0E7690320E91F8AB200900123EC
:1078D0003946A068FEF790FE291F4FF0FF32A068DE
:1078E000FEF7AEFA01902A1FA16801E06DE045E0C5
:1078F0000198FEF7EFFA69E0754F0320E91F8AB29D
:10790000009001233946A068FEF776FE291F4FF04C
:10791000FF32A068FEF794FA01902A1FA16801982F
:10792000FEF7D8FA52E000220C20A168FEF7E0FA38
:1079300001222846A168FEF7C7FA03224846A1683B
:10794000FEF7C2FA05225846A168FEF7D1FA0620D2
:10795000A5F10A018AB2009001234146A068FEF712
:107960004BFE291F4FF0FF32A068FEF769FA019025
:107970002A1FA1680198FEF7ADFA27E000221C201B
:10798000A168FEF7B5FA01222846A168FEF79CFA25
:1079900003224846A168FEF797FA05225846A168D7
:1079A000FEF7A6FA06225046A168FEF7A1FAAA1E23
:1079B00091B24FF6FF72A068FEF72CFA0290AA1E51
:1079C000A1680298FEF780FA00E000BF7BE01C2E61
:1079D0004FD006DC092E20D00A2E37D00B2E70D1C6
:1079E00004E01D2E30D01E2E6BD12EE0A76903209F
:1079F000E91F8AB2009001233946A068FEF7FCFD1A
:107A0000291F4FF0FF32A068FEF71AFA01902A1FD3
:107A1000A1680198FEF75EFA54E02E4F0320E91F9B
:107A20008AB2009001233946A068FEF7E5FD291FC0
:107A30004FF0FF32A068FEF703FA01902A1FA168F9
:107A40000198FEF747FA3DE000BF00BF0322504611
:107A5000A168FEF74DFAAA1E91B24FF6FF72A06818
:107A6000FEF7D8F90290AA1EA1680298FEF72CFA38
:107A700028E000221C20A168FEF73AFA01222846DD
:107A8000A168FEF721FA03224846A168FEF71CFA16
:107A900005225846A168FEF72BFA06225046A16837
:107AA000FEF726FAAA1E91B24FF6FF72A068FEF703
:107AB000B1F90290AA1EA1680298FEF705FA01E04A
:107AC000FFE700BF00BFBDE8FE8F0000A428002034
:107AD000EC260020F726002070B504460D4600264F
:107AE0002946204600F094F800B90126304670BDC2
:107AF00070B504460D461646F4B126B1012E08D0E5
:107B0000022E17D10BE02A460021A068FFF786FC61
:107B100011E02A4600216068FFF780FC0BE02A464E
:107B20000021A068FFF77AFC2A4600216068FFF771
:107B300075FC00E000BF00BF70BD0000F8B5044652
:107B40000D460027002C34D0FF2D32D00121606873
:107B5000FEF792F907460B2D0FD116480078012841
:107B600001D1A66900E0E6690320009000233A46AF
:107B700030466168FEF740FD1BE0092D0FD10D482E
:107B80000078012801D10C4E00E00C4E032000903B
:107B900000233A4630466168FEF72EFD09E01D2DB0
:107BA00003D01E2D01D00A2D03D16068C07804498E
:107BB0000870F8BDA4280020F7260020EC2600203D
:107BC000CE0000202DE9FE4F05460E46174698468A
:107BD000DDE90C9A0E9C4FF0000B43463A463146C5
:107BE0002846CDE9009A0294FFF7D6FD21462846A3
:107BF00000F00EF808B94FF0010B5846BDE8FE8FB3
:107C000070B5044600252046FEF70EFD054670BD02
:107C10002DE9F04104460E464FF00208002C4DD0ED
:107C2000082084F820002682E681002500272548C8
:107C3000007801281BD1002201032348F7F718F927
:107C400000BFF7F71BF90746238AD4E90121206812
:107C5000F8F752F8804602E0F7F710F9C51B94F8E0
:107C60002000022821D0B5F57A7FF5D91DE0002546
:107C7000F7F704F9074602E0F7F700F9C51BA07C07
:107C800010B9B5F57A7FF7D9A07C70B10025F7F768
:107C9000F5F8074602E0F7F7F1F8C51B94F8200065
:107CA000022802D0B5F57A7FF5D9B5F57A7F02D3EF
:107CB0004FF0010801E04FF0000800BF4046BDE86A
:107CC000F0810000A4280020000C014010B500291C
:107CD0000AD00878002807D005487844F4F750FE09
:107CE000002801D0002010BD0248784410BD0000DB
:107CF000AE160000A616000010B500290AD00878BC
:107D0000002807D005487844F4F73AFE002801D04F
:107D1000002010BD0248784410BD000092170000FA
:107D20008A17000021F00042A2F16052B2F5801FD4
:107D300001F0004328BFD2F17F6C0BD95FEA001C31
:107D400043EAC20242EB507018BF704728BF20F0D0
:107D500001007047B2F5801FBCBF184670474FEA5C
:107D6000410C1CF5001F02D2084600F008BE70B599
:107D700000F00EFB00000089FFF7F6BF4FF0004057
:107D8000A0F580007047000010B591EA030F48BFCE
:107D900083F0004300F14A84841A71EB030C05D28E
:107DA000121943EB0C03001B61EB0C01DFF824E11B
:107DB0004FEA1154A4EB135C1EEA430F18BF9EEA6E
:107DC000445F73D023EA0E03DCF1200E21EA045154
:107DD00043F4801332D322FA0CFE10EB0E0023FA88
:107DE0000CFE41EB0E01CCF1200E03FA0EFE10EB5F
:107DF0000E0051F10001B1F5801FCCF1200E32D2FE
:107E000001EB045112FA0EF2BDE8104058BF704762
:107E1000401C38BF5FEA420218BF7047002814BFF9
:107E200020F0010041F100014FEA410313F5001F6A
:107E300038BF7047A1F1C04100F0F8BA012A43EB06
:107E40000302ACF1200CDCF11F0E32BF4FF0000E2C
:107E500023FA0CF310EB030041EB0451B4EB115F78
:107E6000D0D0A1EB045101F5801149085FEA300040
:107E700001EB04510ED350F1000038BF12FA0EFE90
:107E800008D1BDE81040C9E7401C38BF5FEA420294
:107E9000CAD1C3E7BDE810404FEA410313F5001F04
:107EA00038BF7047A1F1C04100F0C0BA9EEA445FFC
:107EB00008D011EA5E0FBDE8104004BF01F0004198
:107EC00000207047BDE8104070B500F061FA00BFB7
:107ED00064FBBE3E0000E0FF2DE9C04130B4DFF896
:107EE000A0C23CEA111418BF3CEA131400F0EC8065
:107EF00081EA03051CEA111444EAD57418BF1CEA90
:107F0000131500F0C780A4EB05044FF0004545EAC7
:107F1000C12145EAC32341EA505143EA525304F1D7
:107F20007F74994204F500344FEAC0204FEAC22220
:107F300008BF904200F09C804FEA13650FF2401694
:107F4000765D4FEA134506FB05F7C7F1807706FB20
:107F500007F74FEAD737A7FB03687642C8F58038A2
:107F6000A7FB06CE38BFA8F1010807FB08E64FF0D3
:107F7000000EA6FB028CE6FB03CEDCF1000CCEF17A
:107F8000004E38BFAEF1010EA6FB0C584FF00007B3
:107F90004FF00005E6FB0E87A1FB08C6A0FB07CE4D
:107FA00016EB0E0645F10005E1FB076515F1E04E05
:107FB0007EBFA4F580345FEA46066D4116F1800766
:107FC00045F100054FEA17274FEA066647EA0567BD
:107FD000A6F1DE46B6F1805F4FEA15251FD9384677
:107FE00024F0010C05EBC471BCF1FE6F01EB0C1128
:107FF00002D8F0BCBDE8008124425CBF01F5801EC0
:108000009EEAC47F02D4F0BCBDE80081244238D48B
:10801000F0BCA1F1C041BDE8004100F007BA4FEA51
:10802000D22242EA43524FEAD323A7FB02864FEA09
:10803000D02040EA415007FB03661EEA0E0F4FEACC
:10804000D12105FB026658BFA6EB0056B6EB0056E1
:108050004FEA520E4EEAC37E18EB0E0E56EB530E4D
:10806000BDD518EB02085E417F1C55F10005B6E74F
:108070004FF480154FF000074FF000064FF0000856
:10808000ADE7F0BC4FF0000001F1C04101F000414C
:10809000BDE8008111EA0C1F0CEA131500D00CE0BA
:1080A00013EA0C1F00F025804FF00000F0BC81EABD
:1080B000030101F00041BDE80081F0BCBDE80041D2
:1080C00081EA030100F0B2B9F0BCBDE8004170B52F
:1080D00000F05EF9097EFC3E00F007B881EA03017A
:1080E0004FF0000001F00041704781EA030100F009
:1080F0009DB9F0BCBDE800414FF000002149704738
:10810000FFFDFBF9F7F5F4F2F0EEEDEBE9E8E6E45C
:10811000E3E1E0DEDDDBDAD8D7D5D4D3D1D0CFCDE3
:10812000CCCBCAC8C7C6C5C4C2C1C0BFBEBDBCBB1C
:10813000BAB9B8B7B6B5B4B3B2B1B0AFAEADACAB17
:10814000AAA9A8A8A7A6A5A4A3A3A2A1A09F9F9EF1
:108150009D9C9C9B9A9999989797969595949393A3
:10816000929191908F8F8E8E8D8C8C8B8B8A89893A
:1081700088888787868585848483838282818180BD
:108180000000FF070000F87F4FEA41034FEA535316
:10819000A3F58063D3F11E03C8BFD3F1210C0CDD1E
:1081A0004FF0004242EAC12242EA505232FA03FC46
:1081B0008CEAE17CACEBE1707047102BC4BF00206F
:1081C000704703F5787CBCF1FF3F04D06FF00042AC
:1081D00082EA2100704770B500F0DAF849922480F5
:1081E00000207047F2E710F0004248BF4042B0FA6A
:1081F00080F310FA03F10AD0C3F11D0303F5806385
:108200004FEA415002EB035202EBD12170474FF08D
:1082100000007047B0FA80F310FA03F10AD0C3F1FE
:108220001D0303F580634FEA41504FEA035202EB0E
:10823000D12170474FF0000070470000DFF848C1BF
:1082400070B51CEA111E1EBF1CEA13159EEA0C0F26
:1082500095EA0C0F00F06F8081EA030423EA4C13C7
:108260004EEAD47E21EA4C1141F4801143F480138C
:10827000AE44A1FB024CA0FB0365AEF17F7E361934
:1082800055EB0C05A1FB034C4CF10003A0FB021CB9
:1082900016EB0C06654153F10003094218BF46F086
:1082A000010613F4007F0BD14FEA03314FEA05308A
:1082B000340341EA155140EA16506FF003020AE018
:1082C0004FEAC3214FEAC520F40241EA555140EA82
:1082D00056506FF0020202EB2E4201EB025585EA86
:1082E000CE710AD05FEA440C18BF24F0004450F16C
:1082F000000041F1000120EAD47040F2FE7C6245AA
:1083000000D270BDA84214BF4FF080444FF04044EB
:10831000002E08BF0024BEF1806FA8BFA1F1C041AC
:10832000BDE8704080F282804FF0000001F1C04152
:1083300001F0004170479EEA0C0F0CEA131518BFBC
:1083400095EA0C0F06D04FF0000081EA030E0EF004
:10835000004170BD00F01CF88900013E00F007B834
:1083600000F009B84FEA430C5FEA5C5C08D081EA90
:10837000030100F05BB84FEA410C5FEA5C5CF6D1A8
:108380004FF00000014970470000FF070000F87F30
:108390000EF1020E2EF0030E5EF8046B364205D489
:1083A000012A43EB030515F5001F12D8012841EB04
:1083B000010C1CF5001F0CD80ED14FEAD17C15F52D
:1083C000001F0CEB4C0C0CF1020C08BF4CEBD37CE7
:1083D00004E04FF0080C01E04FEAD37C0CEB4C05B5
:1083E00026FA05F606F00706B6F1040C06D20EEBE7
:1083F000860CBDE870404CF0010C6047DFE80CF0E3
:10840000090B02024FF000414FF00000A1F50021DE
:1084100070BD19461046012851EB010418BFD4F570
:10842000001484BF002001F0004170BD0808A0F5D1
:1084300000114FEA3101704791EA030F10B581F046
:1084400000413FF5A9AC83F0004300F0EFB8000015
:108450002DE9F04101F5801CBCF5001FC0F2C3807E
:108460004FEA115C21EA0C510CF1FD0C41F4801132
:108470005FEA5C0C0CF5C07C01D3400049413DA48F
:10848000890241EA905187028E0E0A0CA45D04FB1A
:1084900004F602FB06F6C6F14046A4FB0662F60DA2
:1084A00046EA422606FB06F4A4FB01235242C3F12E
:1084B000404338BF5B1EA6FB02420024E6FB0324B8
:1084C000D20B42EA4446A6FB0623A1FB02E2A3FB31
:1084D00007E4A4184FF0000252F10002E3FB01424E
:1084E0006442C2F1404E38BFAEF1010EA6FB042338
:1084F0004FF00002E6FB0E32A2FB03464FF00004F1
:10850000B61954F10004E2FB0264A1FB06E6A4FBE9
:1085100007E816EB08064FF0000858F10008E4FBE6
:1085200001687642C8F1405838BFA8F10108A2FBA3
:1085300006E4A3FB08E52D194FF0000454F10004F4
:10854000E2FB0854A1FB05E6A7FB04E818EB0608CC
:108550004FF0000656F10006E1FB048618F12005F5
:1085600056F10006A809A8F11B08B10908F03F0858
:10857000B8F10A0F40EA86601CD901EB0C51BDE846
:10858000F08100BFFCF5EEE8E2DDD8D3CFCBC7C366
:10859000C0BDB9B6B4B1AEACA9A7A5A3A19F9D9B20
:1085A0009A9896959392908F8D8C8B8988878685E3
:1085B00084838281A0FB006800FB01F208EB420883
:1085C000B8EB872807D5341858EB0104D5D5401CE3
:1085D00051F10001D1E7341A78EB0104CDD4401EEB
:1085E00071F10001C9E75FEA4C0C5FEA9C5C0DD1B8
:1085F00005D34FF0000001F00041BDE8F081BDE877
:10860000F04170B5FFF7C4FE6DDBFFBEBDE8F04181
:108610004FF00000004970470000F87F10B591EA64
:10862000030F48BF83F000433FF5B6AB841A71EBEC
:10863000030C07D212198CF0004C43EB0C03001B07
:1086400061EB0C01DFF8A4E14FEA1154A4EB135CD9
:108650001EEA430F18BF9EEA445F00F0B08023EA91
:108660006E03524221EA0451C3EB6E0338BF5B1E16
:10867000DCF1200E25D322FA0CFE10EB0E0043FA9B
:108680000CFE41EB0E01CCF1200E03FA0EFE10EBB6
:108690000E0051F10001CCF1200E29D412FA0EF295
:1086A00001EB0451BDE8104058BF7047401C1CBF8F
:1086B000B2F1004F704700280CBF491C20F00100A8
:1086C000704712EB020E43EB030218BF4FF0010E8E
:1086D0004EEA4202ACF1200CDCF11E0E54D943FAF2
:1086E0000CFE10EB0E0051F1FF31CCF11E0ED5D572
:1086F0000EF1010E12FA0EFE404141EB010101EBB9
:10870000445C5FEA5C5C10D910EBDE7001EB045155
:1087100038BFBEF1004FBDE8104018BF70470028B9
:108720000CBF491C20F00100704730D24FEAD42C16
:1087300011F5001124F400641BD0B1FA81F20B3A58
:10874000A41AA41ED2F12003914030FA03F3194376
:10875000904001EBCC71002C01EB0451BDE81040BE
:10876000A8BF704701F1C0414FF0000001F0004187
:108770007047B0FA80F310FA03F100D110BDE41A8B
:10878000173C4805C90AE4E701EB045110BD491044
:1087900001EB0451BDE810404FEA300002E04FF019
:1087A000000170474A0008BF0042F8D0B2F5001F30
:1087B00028BF704701F000414FF0000070479EEA6B
:1087C000445F07D011EA5E0FBDE8104004BF0021EE
:1087D00000207047BDE8104070B5FFF7D9FD00BF1D
:1087E00040DFF63E83F00041104670470000E0FF96
:1087F00090EA010F48BF81F0004100F1FC80421A6D
:108800003CBF801A89184FEAD0524FF07F4C1CEAC7
:10881000410FA2EBD15318BF9CEA026F00F03B80DE
:108820004FF0004C4CEA00204CEA012121FA03FCF5
:1088300010EB0C0C1ED202F1FF325FEA1C2040EB61
:10884000C25038BF70471CF07F0F4FEA400C18BF72
:10885000BCF17F4F38BF7047C3F12003994008BF78
:1088600020F00100BCF17F4F38BF7047A0F1C0403D
:1088700000F085B84FEA3C00000A40EBC25028BF28
:108880001CF0FF0F4FEA400CE6D018BFBCF17F4F41
:1088900038BF7047EAE79CEA026F05D010EA5C0F28
:1088A00008BF00F00040704710B500F022F800BF8C
:1088B00064FBBE3EC10DD1F19E0206DB4FEA0023F0
:1088C00043F0004323FA02F07047004207D54FEA15
:1088D0004001B1F1FE4F02D24FF00000704710B5D9
:1088E00000F007F849922480002070476FEA2000CA
:1088F00070470EF1020E2EF0030E5EF8044B244278
:1089000004D44FEA4102B2F17F4F11D84FEA40033D
:10891000B3F17F4F0CD80ED14FEAD07CB2F17F4F2C
:108920000CEB4C0C0CF1020C08BF4CEBD17C04E0BE
:108930004FF0080C01E04FEAD17C0CEB4C0324FA19
:1089400003F404F00704B4F1040C06D20EEB840C1B
:10895000BDE810404CF0010C6047DFE80CF0070860
:1089600002024FF00040A0F5800010BD0846420012
:1089700018BFD2F1807288BF00F0004010BDFF2107
:1089800041EAD050C00570475FEA400C5FEA1C6CBA
:10899000BCF17F0314D4D3F1170240F31C804FF0D5
:1089A000010C0CFA02FCACF101030340B3EB5C02D6
:1089B00020EA030008BF10EA0C0F88BF604470472C
:1089C000B3F1FF3F28BF5FEA002C00F0004088BFF2
:1089D00040F07E507047BCF1FF0FB8BF704710B534
:1089E000FFF787FF40DBB6BE90EA010F48BF81F07A
:1089F00000413FF504AF421A04D882F00042A0EBD8
:108A0000020011444FEAD0524FF07F4C1CEA410F54
:108A1000A2EBD15318BF9CEA026F4AD04FF0004C32
:108A20004CEA00204CEA012121FA03FCB0EB0C0CCB
:108A30000FD412F0FE0F36D05FEA4C001DD50012A5
:108A400040EBC25038BF70471CF03F0F18BF704753
:108A50000BE0A2F101025FEA1C2040EBC25038BFDC
:108A600070471CF07F0F18BF7047C3F12003994077
:108A700014BF401E20F00100704780084FEA122307
:108A800008BF7047B0FA80FCA2EB0C02CCF1280CB6
:108A900060FA0CF093EA122F04BF00EBC25070474B
:108AA0004FEAC3707047130A5FEADC1008BF7047D3
:108AB000F6E79CEA026F04D010EA5C0F08BF0020C2
:108AC000704710B5FFF715FF40DFF63E81F000401C
:108AD0007047F3F7B3BAF3F7E7BB000000000000FC
:108AE000E9FA9F9D356B6840085601E4B440E8BF41
:108AF00076DD63E5551A633F5459FE24D890D2BE03
:108B0000304712B9430D363EF7BFED40025C90BDD1
:108B10001C4E594B3C63DE3C95323F3EA72421BCA2
:108B2000CA2F4AA0A577553BBF461EB308E076BAC8
:108B30004F4E004F464600646267636F6D5F74611D
:108B4000736B00000000000003836BF2F7703BE1E1
:108B5000F4F350131F979AC71C14F135E8E7A126C8
:108B6000EB64CAD4CF58D98ACCDBB2783828E26B10
:108B70003BAB8999D0CF434DD34C28BF27BF78ACAE
:108B8000243C135E6FC75E106C4435E298B765F104
:108B90009B340E037050C4D773D3AF258720FF36A4
:108BA00084A394C4A09F879AA31CEC6857EFBC7B56
:108BB000546CD789BF081D5DBC8B76AF487826BC46
:108BC0004BFB4D4EDE8EBD20DD0DD6D229FE86C17B
:108BD0002A7DED33C11927E7C29A4C1536691C0668
:108BE00035EA77F411D664AA12550F58E6A65F4B02
:108BF000E52534B90E41FE6D0DC2959FF931C58C46
:108C0000FAB2AE7EB149E330B2CA88C24639D8D191
:108C100045BAB323AEDE79F7AD5D120559AE421603
:108C20005A2D29E47E113ABA7D9251488961015B3F
:108C30008AE26AA96186A07D6205CB8F96F69B9C2D
:108C40009575F06EBC1D7B41BF9E10B34B6D40A06F
:108C500048EE2B52A38AE186A0098A7454FADA6797
:108C60005779B1957345A2CB70C6C9398435992A15
:108C700087B6F2D86CD2380C6F5153FE9BA203ED2D
:108C80009821681FD3DA2551D0594EA324AA1EB0CB
:108C900027297542CC4DBF96CFCED4643B3D847717
:108CA00038BEEF851C82FCDB1F019729EBF2C73A27
:108CB000E871ACC80315661C00960DEEF4655DFD09
:108CC000F7E6360F6293C6616110AD9395E3FD80C0
:108CD000966096727D045CA67E8737548A746747D7
:108CE00089F70CB5ADCB1FEBAE4874195ABB240AFB
:108CF00059384FF8B25C852CB1DFEEDE452CBECD85
:108D000046AFD53F0D5498710ED7F383FA24A39044
:108D1000F9A7C86212C302B611406944E5B33957D6
:108D2000E63052A5C20C41FBC18F2A09357C7A1A64
:108D300036FF11E8DD9BDB3CDE18B0CE2AEBE0DD30
:108D400029688B2F783BF6827BB89D708F4BCD6363
:108D50008CC8A69167AC6C45642F07B790DC57A40C
:108D6000935F3C56B7632F08B4E044FA401314E90C
:108D700043907F1BA8F4B5CFAB77DE3D5F848E2E8A
:108D80005C07E5DC17FCA892147FC360E08C93734A
:108D9000E30FF881086B32550BE859A7FF1B09B4A4
:108DA000FC986246D8A47118DB271AEA2FD44AF936
:108DB0002C57210BC733EBDFC4B0802D3043D03E9E
:108DC00033C0BBCCA6B54BA2A536205051C57043CD
:108DD00052461BB1B922D165BAA1BA974E52EA8464
:108DE0004DD1817669ED92286A6EF9DA9E9DA9C906
:108DF0009D1EC23B767A08EF75F9631D810A330E1A
:108E0000828958FCC97215B2CAF17E403E022E53C7
:108E10003D8145A1D6E58F75D566E4872195B4944B
:108E20002216DF66062ACC3805A9A7CAF15AF7D957
:108E3000F2D99C2B19BD56FF1A3E3D0DEECD6D1E8D
:108E4000ED4E06ECC4268DC3C7A5E6313356B622D7
:108E500030D5DDD0DBB11704D8327CF62CC12CE53F
:108E60002F4247170B7E544908FD3FBBFC0E6FA8ED
:108E7000FF8D045A14E9CE8E176AA57CE399F56F2D
:108E8000E01A9E9DABE1D3D3A862B8215C91E83291
:108E90005F1283C0B4764914B7F522E6430672F533
:108EA0004085190764B90A59673A61AB93C931B86B
:108EB000904A5A4A7B2E909E78ADFB6C8C5EAB7FBD
:108EC0008FDDC08D1AA830E3192B5B11EDD80B0292
:108ED000EE5B60F0053FAA2406BCC1D6F24F91C5F7
:108EE000F1CCFA37D5F0E969D673829B2280D2881B
:108EF0002103B97ACA6773AEC9E4185C3D17484FBD
:108F00003E9423BD756F6EF376EC0501821F5512FA
:108F1000819C3EE06AF8F434697B9FC69D88CFD57A
:108F20009E0BA427BA37B779B9B4DC8B4D478C9820
:108F30004EC4E76AA5A02DBEA623464C52D0165FAC
:108F400051537DAD0000C1C081C1400101C3C003C8
:108F5000800241C201C6C006800741C70005C1C5E5
:108F600081C4400401CCC00C800D41CD000FC1CFA5
:108F700081CE400E000AC1CA81CB400B01C9C00995
:108F8000800841C801D8C018801941D9001BC1DB35
:108F900081DA401A001EC1DE81DF401F01DDC01DE5
:108FA000801C41DC0014C1D481D5401501D7C01705
:108FB000801641D601D2C012801341D30011C1D115
:108FC00081D0401001F0C030803141F10033C1F355
:108FD00081F240320036C1F681F7403701F5C035E5
:108FE000803441F4003CC1FC81FD403D01FFC03FA5
:108FF000803E41FE01FAC03A803B41FB0039C1F995
:1090000081F840380028C1E881E9402901EBC02BF4
:10901000802A41EA01EEC02E802F41EF002DC1EDE4
:1090200081EC402C01E4C024802541E50027C1E704
:1090300081E640260022C1E281E3402301E1C02114
:10904000802041E001A0C060806141A10063C1A314
:1090500081A240620066C1A681A7406701A5C065E4
:10906000806441A4006CC1AC81AD406D01AFC06FA4
:10907000806E41AE01AAC06A806B41AB0069C1A994
:1090800081A840680078C1B881B9407901BBC07B34
:10909000807A41BA01BEC07E807F41BF007DC1BDE4
:1090A00081BC407C01B4C074807541B50077C1B704
:1090B00081B640760072C1B281B3407301B1C07114
:1090C000807041B00050C190819140510193C053D4
:1090D000805241920196C056805741970055C195E4
:1090E00081944054019CC05C805D419D005FC19FA4
:1090F000819E405E005AC19A819B405B0199C05994
:10910000805841980188C04880494189004BC18BF3
:10911000818A404A004EC18E818F404F018DC04DE3
:10912000804C418C0044C184818540450187C04703
:10913000804641860182C042804341830041C18113
:109140008180404000000000000000000102030494
:109150000607080900000000010203043230323320
:109160002F30382F31352031363A35343A34390002
:1091700068747470733A2F2F6170702D73756276F6
:10918000657273696F6E2D64696E2E70696E74738B
:1091900063682E6C6F63616C2F73766E2F4D6169FF
:1091A0006E2F4D6973632F50433535302F547275D0
:1091B0006E6B2F50433535305F47656E6572616C5D
:1091C00053657474696E677300004D4F4400004D21
:1091D0004958454400040000080000000000000059
:1091E000020001000010000000000000000000006C
:1091F00030313233343536373839414243444546CD
:1092000040305800303132333435363738396162C6
:109210006364656640307800303132333435363738
:109220003839616263646566787000303132333496
:1092300035363738394142434445465850000000DE
:1092400002400000000000A00000000005400000F7
:10925000000000C8000000000C4000000000409C1E
:1092600000000000194000000020BCBE000000000B
:1092700034400000BFC91B8E00000004B540000050
:10928000504BCFD06607E2CF010000006C410000D8
:109290003E8251AADFEEA73401000000D94200004F
:1092A000DCB5A0E23A301F97FFFFFFFFB445000096
:1092B000FD25A0C8E9A3C14FFFFFFFFFFF3F00004E
:1092C0000000008000000000FF3F00000000008060
:1092D000000000003130303000000000323030300B
:1092E0000000000034303030000000003130300029
:1092F0003530300032353000373530003100000075
:1093000033336D3300000000323500003130306DF2
:10931000000000003530306D00000000737461748F
:10932000733A2074656D702025642C202076636369
:109330005F3356332025642C20763130302025646D
:109340002C206E74632025662C206379636C652065
:1093500025642C20667265712025642C20763130BE
:10936000312025640D000000B494010800000020A5
:10937000000100006CB10008B49501080001002054
:10938000C036000088B10008100100004300000052
:10939000F8FFFFFF00404040404040404040414116
:1093A00041414140404040404040404040404040BA
:1093B0004040404040050202020202020202020254
:1093C0000202020202202020202020202020200251
:1093D00002020202020290909090909010101010E1
:1093E000101010101010101010101010101010107D
:1093F0000202020202028888888888880808080811
:1094000008080808080808080808080808080808DC
:109410000202020240000000000000000000000004
:10942000000000000000000000000000000000003C
:10943000000000000000000000000000000000002C
:10944000000000000000000000000000000000001C
:10945000000000000000000000000000000000000C
:1094600000000000000000000000000000000000FC
:1094700000000000000000000000000000000000EC
:1094800000000000000000000000000000000000DC
:1094900000000000000000001C000000430000006D
:1094A000F8FFFFFF0C0000000E0000000F0000009E
:1094B0002E0000000000000010000000010000006D
:1094C000000000000000000000000000000000009C
:1094D000000000000000000000000000000000008C
:1094E0000000000000040500000000000000000073
:1094F000000000000000000000000000000000006C
:10950000000000000000000000000000000000005B
:10951000000000000000000000000000000000004B
:10952000000000006400000000000000E492010858
:10953000D4920108F492010808930108FC920108F2
:10954000149301080C93010800930108DC920108B0
:10955000F8920108F0920108EC9201080000000066
:1095600000000000000000000000000000000000FB
:1095700000000000000000000000000000000000EB
:109580000000FFFFFF6F7F8F9F11000000000000B1
:10959000AA0000000000001100000100000000000F
:1095A0000000000000000000000000000024F400A3
:0495B00000000000B7
:040000050800B1310D
:00000001FF
